artifact_file_bytes,budget_bytes,control,method_name,sample_id,scene_qa_accuracy,stored_bytes,text_sha256
167,256,frontier_text_encoder,frozen_qwen25vl_3b_text,gqa_150292,0.0,167,
167,512,frontier_text_encoder,frozen_qwen25vl_3b_text,gqa_150292,0.0,167,
167,1024,frontier_text_encoder,frozen_qwen25vl_3b_text,gqa_150292,0.0,167,
167,2048,frontier_text_encoder,frozen_qwen25vl_3b_text,gqa_150292,0.0,167,
1545,4096,frontier_text_encoder,frozen_qwen25vl_3b_text,gqa_150292,0.0,1545,
3521,8192,frontier_text_encoder,frozen_qwen25vl_3b_text,gqa_150292,0.0,3521,
227,256,frontier_text_encoder,frozen_qwen25vl_3b_text,gqa_150295,0.0,227,
474,512,frontier_text_encoder,frozen_qwen25vl_3b_text,gqa_150295,0.0,474,
663,1024,frontier_text_encoder,frozen_qwen25vl_3b_text,gqa_150295,0.0,663,
663,2048,frontier_text_encoder,frozen_qwen25vl_3b_text,gqa_150295,0.0,663,
1367,4096,frontier_text_encoder,frozen_qwen25vl_3b_text,gqa_150295,0.0,1367,
654,8192,frontier_text_encoder,frozen_qwen25vl_3b_text,gqa_150295,0.25,654,
206,256,frontier_text_encoder,frozen_qwen25vl_3b_text,gqa_1592103,0.0,206,
507,512,frontier_text_encoder,frozen_qwen25vl_3b_text,gqa_1592103,0.0,507,
576,1024,frontier_text_encoder,frozen_qwen25vl_3b_text,gqa_1592103,0.0,576,
576,2048,frontier_text_encoder,frozen_qwen25vl_3b_text,gqa_1592103,0.0,576,
939,4096,frontier_text_encoder,frozen_qwen25vl_3b_text,gqa_1592103,0.0,939,
3718,8192,frontier_text_encoder,frozen_qwen25vl_3b_text,gqa_1592103,0.25,3718,
249,256,frontier_text_encoder,frozen_qwen25vl_3b_text,gqa_1593007,0.0,249,
500,512,frontier_text_encoder,frozen_qwen25vl_3b_text,gqa_1593007,0.25,500,
763,1024,frontier_text_encoder,frozen_qwen25vl_3b_text,gqa_1593007,0.5,763,
763,2048,frontier_text_encoder,frozen_qwen25vl_3b_text,gqa_1593007,0.5,763,
447,4096,frontier_text_encoder,frozen_qwen25vl_3b_text,gqa_1593007,0.0,447,
794,8192,frontier_text_encoder,frozen_qwen25vl_3b_text,gqa_1593007,0.25,794,
213,256,frontier_text_encoder,frozen_qwen25vl_3b_text,gqa_2315569,0.0,213,
493,512,frontier_text_encoder,frozen_qwen25vl_3b_text,gqa_2315569,0.25,493,
599,1024,frontier_text_encoder,frozen_qwen25vl_3b_text,gqa_2315569,0.0,599,
599,2048,frontier_text_encoder,frozen_qwen25vl_3b_text,gqa_2315569,0.0,599,
1493,4096,frontier_text_encoder,frozen_qwen25vl_3b_text,gqa_2315569,0.0,1493,
3428,8192,frontier_text_encoder,frozen_qwen25vl_3b_text,gqa_2315569,0.0,3428,
196,256,frontier_text_encoder,frozen_qwen25vl_3b_text,gqa_2317060,0.0,196,
456,512,frontier_text_encoder,frozen_qwen25vl_3b_text,gqa_2317060,0.25,456,
799,1024,frontier_text_encoder,frozen_qwen25vl_3b_text,gqa_2317060,0.25,799,
799,2048,frontier_text_encoder,frozen_qwen25vl_3b_text,gqa_2317060,0.25,799,
1651,4096,frontier_text_encoder,frozen_qwen25vl_3b_text,gqa_2317060,0.25,1651,
2864,8192,frontier_text_encoder,frozen_qwen25vl_3b_text,gqa_2317060,0.5,2864,
243,256,frontier_text_encoder,frozen_qwen25vl_3b_text,gqa_2317411,0.25,243,
490,512,frontier_text_encoder,frozen_qwen25vl_3b_text,gqa_2317411,0.25,490,
490,1024,frontier_text_encoder,frozen_qwen25vl_3b_text,gqa_2317411,0.25,490,
490,2048,frontier_text_encoder,frozen_qwen25vl_3b_text,gqa_2317411,0.25,490,
1281,4096,frontier_text_encoder,frozen_qwen25vl_3b_text,gqa_2317411,0.5,1281,
2822,8192,frontier_text_encoder,frozen_qwen25vl_3b_text,gqa_2317411,0.5,2822,
239,256,frontier_text_encoder,frozen_qwen25vl_3b_text,gqa_2317542,0.5,239,
463,512,frontier_text_encoder,frozen_qwen25vl_3b_text,gqa_2317542,0.75,463,
811,1024,frontier_text_encoder,frozen_qwen25vl_3b_text,gqa_2317542,0.75,811,
811,2048,frontier_text_encoder,frozen_qwen25vl_3b_text,gqa_2317542,0.75,811,
690,4096,frontier_text_encoder,frozen_qwen25vl_3b_text,gqa_2317542,0.5,690,
687,8192,frontier_text_encoder,frozen_qwen25vl_3b_text,gqa_2317542,0.5,687,
205,256,frontier_text_encoder,frozen_qwen25vl_3b_text,gqa_2318349,0.25,205,
489,512,frontier_text_encoder,frozen_qwen25vl_3b_text,gqa_2318349,0.0,489,
674,1024,frontier_text_encoder,frozen_qwen25vl_3b_text,gqa_2318349,0.0,674,
674,2048,frontier_text_encoder,frozen_qwen25vl_3b_text,gqa_2318349,0.0,674,
1716,4096,frontier_text_encoder,frozen_qwen25vl_3b_text,gqa_2318349,0.25,1716,
3404,8192,frontier_text_encoder,frozen_qwen25vl_3b_text,gqa_2318349,0.25,3404,
244,256,frontier_text_encoder,frozen_qwen25vl_3b_text,gqa_2319715,0.0,244,
488,512,frontier_text_encoder,frozen_qwen25vl_3b_text,gqa_2319715,0.0,488,
748,1024,frontier_text_encoder,frozen_qwen25vl_3b_text,gqa_2319715,0.0,748,
748,2048,frontier_text_encoder,frozen_qwen25vl_3b_text,gqa_2319715,0.0,748,
1715,4096,frontier_text_encoder,frozen_qwen25vl_3b_text,gqa_2319715,0.0,1715,
974,8192,frontier_text_encoder,frozen_qwen25vl_3b_text,gqa_2319715,0.0,974,
240,256,frontier_text_encoder,frozen_qwen25vl_3b_text,gqa_2319755,0.0,240,
484,512,frontier_text_encoder,frozen_qwen25vl_3b_text,gqa_2319755,0.25,484,
601,1024,frontier_text_encoder,frozen_qwen25vl_3b_text,gqa_2319755,0.25,601,
601,2048,frontier_text_encoder,frozen_qwen25vl_3b_text,gqa_2319755,0.25,601,
1708,4096,frontier_text_encoder,frozen_qwen25vl_3b_text,gqa_2319755,0.25,1708,
3410,8192,frontier_text_encoder,frozen_qwen25vl_3b_text,gqa_2319755,0.25,3410,
208,256,frontier_text_encoder,frozen_qwen25vl_3b_text,gqa_2320864,0.25,208,
461,512,frontier_text_encoder,frozen_qwen25vl_3b_text,gqa_2320864,0.5,461,
805,1024,frontier_text_encoder,frozen_qwen25vl_3b_text,gqa_2320864,0.5,805,
805,2048,frontier_text_encoder,frozen_qwen25vl_3b_text,gqa_2320864,0.5,805,
702,4096,frontier_text_encoder,frozen_qwen25vl_3b_text,gqa_2320864,0.5,702,
3427,8192,frontier_text_encoder,frozen_qwen25vl_3b_text,gqa_2320864,0.0,3427,
195,256,frontier_text_encoder,frozen_qwen25vl_3b_text,gqa_2322244,0.0,195,
476,512,frontier_text_encoder,frozen_qwen25vl_3b_text,gqa_2322244,0.0,476,
763,1024,frontier_text_encoder,frozen_qwen25vl_3b_text,gqa_2322244,0.0,763,
763,2048,frontier_text_encoder,frozen_qwen25vl_3b_text,gqa_2322244,0.0,763,
1565,4096,frontier_text_encoder,frozen_qwen25vl_3b_text,gqa_2322244,0.0,1565,
1024,8192,frontier_text_encoder,frozen_qwen25vl_3b_text,gqa_2322244,0.0,1024,
248,256,frontier_text_encoder,frozen_qwen25vl_3b_text,gqa_2324119,0.5,248,
510,512,frontier_text_encoder,frozen_qwen25vl_3b_text,gqa_2324119,0.25,510,
563,1024,frontier_text_encoder,frozen_qwen25vl_3b_text,gqa_2324119,0.5,563,
563,2048,frontier_text_encoder,frozen_qwen25vl_3b_text,gqa_2324119,0.5,563,
1365,4096,frontier_text_encoder,frozen_qwen25vl_3b_text,gqa_2324119,0.25,1365,
3124,8192,frontier_text_encoder,frozen_qwen25vl_3b_text,gqa_2324119,0.25,3124,
203,256,frontier_text_encoder,frozen_qwen25vl_3b_text,gqa_2324466,0.25,203,
471,512,frontier_text_encoder,frozen_qwen25vl_3b_text,gqa_2324466,0.25,471,
849,1024,frontier_text_encoder,frozen_qwen25vl_3b_text,gqa_2324466,0.25,849,
849,2048,frontier_text_encoder,frozen_qwen25vl_3b_text,gqa_2324466,0.25,849,
1725,4096,frontier_text_encoder,frozen_qwen25vl_3b_text,gqa_2324466,0.25,1725,
3418,8192,frontier_text_encoder,frozen_qwen25vl_3b_text,gqa_2324466,0.25,3418,
185,256,frontier_text_encoder,frozen_qwen25vl_3b_text,gqa_2326899,0.25,185,
504,512,frontier_text_encoder,frozen_qwen25vl_3b_text,gqa_2326899,0.25,504,
770,1024,frontier_text_encoder,frozen_qwen25vl_3b_text,gqa_2326899,0.25,770,
770,2048,frontier_text_encoder,frozen_qwen25vl_3b_text,gqa_2326899,0.25,770,
982,4096,frontier_text_encoder,frozen_qwen25vl_3b_text,gqa_2326899,0.25,982,
2756,8192,frontier_text_encoder,frozen_qwen25vl_3b_text,gqa_2326899,0.25,2756,
200,256,frontier_text_encoder,frozen_qwen25vl_3b_text,gqa_2328273,0.0,200,
473,512,frontier_text_encoder,frozen_qwen25vl_3b_text,gqa_2328273,0.0,473,
814,1024,frontier_text_encoder,frozen_qwen25vl_3b_text,gqa_2328273,0.0,814,
814,2048,frontier_text_encoder,frozen_qwen25vl_3b_text,gqa_2328273,0.0,814,
1620,4096,frontier_text_encoder,frozen_qwen25vl_3b_text,gqa_2328273,0.0,1620,
915,8192,frontier_text_encoder,frozen_qwen25vl_3b_text,gqa_2328273,0.0,915,
214,256,frontier_text_encoder,frozen_qwen25vl_3b_text,gqa_2328825,0.25,214,
464,512,frontier_text_encoder,frozen_qwen25vl_3b_text,gqa_2328825,0.25,464,
766,1024,frontier_text_encoder,frozen_qwen25vl_3b_text,gqa_2328825,0.5,766,
766,2048,frontier_text_encoder,frozen_qwen25vl_3b_text,gqa_2328825,0.5,766,
1566,4096,frontier_text_encoder,frozen_qwen25vl_3b_text,gqa_2328825,0.5,1566,
2979,8192,frontier_text_encoder,frozen_qwen25vl_3b_text,gqa_2328825,0.5,2979,
238,256,frontier_text_encoder,frozen_qwen25vl_3b_text,gqa_2330972,0.5,238,
506,512,frontier_text_encoder,frozen_qwen25vl_3b_text,gqa_2330972,0.5,506,
608,1024,frontier_text_encoder,frozen_qwen25vl_3b_text,gqa_2330972,0.5,608,
608,2048,frontier_text_encoder,frozen_qwen25vl_3b_text,gqa_2330972,0.5,608,
1673,4096,frontier_text_encoder,frozen_qwen25vl_3b_text,gqa_2330972,0.5,1673,
1121,8192,frontier_text_encoder,frozen_qwen25vl_3b_text,gqa_2330972,0.5,1121,
194,256,frontier_text_encoder,frozen_qwen25vl_3b_text,gqa_2331963,0.0,194,
510,512,frontier_text_encoder,frozen_qwen25vl_3b_text,gqa_2331963,0.0,510,
798,1024,frontier_text_encoder,frozen_qwen25vl_3b_text,gqa_2331963,0.0,798,
798,2048,frontier_text_encoder,frozen_qwen25vl_3b_text,gqa_2331963,0.0,798,
1030,4096,frontier_text_encoder,frozen_qwen25vl_3b_text,gqa_2331963,0.0,1030,
984,8192,frontier_text_encoder,frozen_qwen25vl_3b_text,gqa_2331963,0.0,984,
226,256,frontier_text_encoder,frozen_qwen25vl_3b_text,gqa_2333677,0.0,226,
439,512,frontier_text_encoder,frozen_qwen25vl_3b_text,gqa_2333677,0.25,439,
439,1024,frontier_text_encoder,frozen_qwen25vl_3b_text,gqa_2333677,0.25,439,
439,2048,frontier_text_encoder,frozen_qwen25vl_3b_text,gqa_2333677,0.25,439,
1450,4096,frontier_text_encoder,frozen_qwen25vl_3b_text,gqa_2333677,0.25,1450,
3344,8192,frontier_text_encoder,frozen_qwen25vl_3b_text,gqa_2333677,0.25,3344,
212,256,frontier_text_encoder,frozen_qwen25vl_3b_text,gqa_2334914,0.5,212,
450,512,frontier_text_encoder,frozen_qwen25vl_3b_text,gqa_2334914,0.5,450,
801,1024,frontier_text_encoder,frozen_qwen25vl_3b_text,gqa_2334914,0.75,801,
801,2048,frontier_text_encoder,frozen_qwen25vl_3b_text,gqa_2334914,0.75,801,
1285,4096,frontier_text_encoder,frozen_qwen25vl_3b_text,gqa_2334914,0.25,1285,
848,8192,frontier_text_encoder,frozen_qwen25vl_3b_text,gqa_2334914,0.25,848,
215,256,frontier_text_encoder,frozen_qwen25vl_3b_text,gqa_2334989,0.25,215,
476,512,frontier_text_encoder,frozen_qwen25vl_3b_text,gqa_2334989,0.25,476,
724,1024,frontier_text_encoder,frozen_qwen25vl_3b_text,gqa_2334989,0.25,724,
724,2048,frontier_text_encoder,frozen_qwen25vl_3b_text,gqa_2334989,0.25,724,
1584,4096,frontier_text_encoder,frozen_qwen25vl_3b_text,gqa_2334989,0.25,1584,
3563,8192,frontier_text_encoder,frozen_qwen25vl_3b_text,gqa_2334989,0.5,3563,
211,256,frontier_text_encoder,frozen_qwen25vl_3b_text,gqa_2335384,0.25,211,
478,512,frontier_text_encoder,frozen_qwen25vl_3b_text,gqa_2335384,0.25,478,
691,1024,frontier_text_encoder,frozen_qwen25vl_3b_text,gqa_2335384,0.25,691,
691,2048,frontier_text_encoder,frozen_qwen25vl_3b_text,gqa_2335384,0.25,691,
1343,4096,frontier_text_encoder,frozen_qwen25vl_3b_text,gqa_2335384,0.25,1343,
3596,8192,frontier_text_encoder,frozen_qwen25vl_3b_text,gqa_2335384,0.25,3596,
254,256,frontier_text_encoder,frozen_qwen25vl_3b_text,gqa_2339471,0.25,254,
455,512,frontier_text_encoder,frozen_qwen25vl_3b_text,gqa_2339471,0.25,455,
699,1024,frontier_text_encoder,frozen_qwen25vl_3b_text,gqa_2339471,0.25,699,
699,2048,frontier_text_encoder,frozen_qwen25vl_3b_text,gqa_2339471,0.25,699,
1413,4096,frontier_text_encoder,frozen_qwen25vl_3b_text,gqa_2339471,0.25,1413,
3382,8192,frontier_text_encoder,frozen_qwen25vl_3b_text,gqa_2339471,0.25,3382,
206,256,frontier_text_encoder,frozen_qwen25vl_3b_text,gqa_2341361,0.5,206,
488,512,frontier_text_encoder,frozen_qwen25vl_3b_text,gqa_2341361,0.5,488,
619,1024,frontier_text_encoder,frozen_qwen25vl_3b_text,gqa_2341361,0.25,619,
619,2048,frontier_text_encoder,frozen_qwen25vl_3b_text,gqa_2341361,0.25,619,
1611,4096,frontier_text_encoder,frozen_qwen25vl_3b_text,gqa_2341361,0.25,1611,
1031,8192,frontier_text_encoder,frozen_qwen25vl_3b_text,gqa_2341361,0.25,1031,
245,256,frontier_text_encoder,frozen_qwen25vl_3b_text,gqa_2341476,0.5,245,
459,512,frontier_text_encoder,frozen_qwen25vl_3b_text,gqa_2341476,0.5,459,
792,1024,frontier_text_encoder,frozen_qwen25vl_3b_text,gqa_2341476,0.5,792,
792,2048,frontier_text_encoder,frozen_qwen25vl_3b_text,gqa_2341476,0.5,792,
1269,4096,frontier_text_encoder,frozen_qwen25vl_3b_text,gqa_2341476,0.5,1269,
3296,8192,frontier_text_encoder,frozen_qwen25vl_3b_text,gqa_2341476,0.75,3296,
213,256,frontier_text_encoder,frozen_qwen25vl_3b_text,gqa_2341576,0.25,213,
444,512,frontier_text_encoder,frozen_qwen25vl_3b_text,gqa_2341576,0.25,444,
848,1024,frontier_text_encoder,frozen_qwen25vl_3b_text,gqa_2341576,0.25,848,
848,2048,frontier_text_encoder,frozen_qwen25vl_3b_text,gqa_2341576,0.25,848,
1913,4096,frontier_text_encoder,frozen_qwen25vl_3b_text,gqa_2341576,0.25,1913,
892,8192,frontier_text_encoder,frozen_qwen25vl_3b_text,gqa_2341576,0.25,892,
251,256,frontier_text_encoder,frozen_qwen25vl_3b_text,gqa_2341611,0.25,251,
496,512,frontier_text_encoder,frozen_qwen25vl_3b_text,gqa_2341611,0.25,496,
599,1024,frontier_text_encoder,frozen_qwen25vl_3b_text,gqa_2341611,0.25,599,
599,2048,frontier_text_encoder,frozen_qwen25vl_3b_text,gqa_2341611,0.25,599,
1308,4096,frontier_text_encoder,frozen_qwen25vl_3b_text,gqa_2341611,0.25,1308,
2526,8192,frontier_text_encoder,frozen_qwen25vl_3b_text,gqa_2341611,0.25,2526,
223,256,frontier_text_encoder,frozen_qwen25vl_3b_text,gqa_2341637,0.0,223,
504,512,frontier_text_encoder,frozen_qwen25vl_3b_text,gqa_2341637,0.0,504,
675,1024,frontier_text_encoder,frozen_qwen25vl_3b_text,gqa_2341637,0.0,675,
675,2048,frontier_text_encoder,frozen_qwen25vl_3b_text,gqa_2341637,0.0,675,
1685,4096,frontier_text_encoder,frozen_qwen25vl_3b_text,gqa_2341637,0.0,1685,
871,8192,frontier_text_encoder,frozen_qwen25vl_3b_text,gqa_2341637,0.0,871,
242,256,frontier_text_encoder,frozen_qwen25vl_3b_text,gqa_2342147,0.25,242,
474,512,frontier_text_encoder,frozen_qwen25vl_3b_text,gqa_2342147,0.25,474,
693,1024,frontier_text_encoder,frozen_qwen25vl_3b_text,gqa_2342147,0.25,693,
693,2048,frontier_text_encoder,frozen_qwen25vl_3b_text,gqa_2342147,0.25,693,
1659,4096,frontier_text_encoder,frozen_qwen25vl_3b_text,gqa_2342147,0.25,1659,
3284,8192,frontier_text_encoder,frozen_qwen25vl_3b_text,gqa_2342147,0.0,3284,
252,256,frontier_text_encoder,frozen_qwen25vl_3b_text,gqa_2342323,1.0,252,
495,512,frontier_text_encoder,frozen_qwen25vl_3b_text,gqa_2342323,0.75,495,
592,1024,frontier_text_encoder,frozen_qwen25vl_3b_text,gqa_2342323,0.75,592,
592,2048,frontier_text_encoder,frozen_qwen25vl_3b_text,gqa_2342323,0.75,592,
1533,4096,frontier_text_encoder,frozen_qwen25vl_3b_text,gqa_2342323,1.0,1533,
1091,8192,frontier_text_encoder,frozen_qwen25vl_3b_text,gqa_2342323,1.0,1091,
218,256,frontier_text_encoder,frozen_qwen25vl_3b_text,gqa_2342333,0.25,218,
510,512,frontier_text_encoder,frozen_qwen25vl_3b_text,gqa_2342333,0.25,510,
691,1024,frontier_text_encoder,frozen_qwen25vl_3b_text,gqa_2342333,0.25,691,
691,2048,frontier_text_encoder,frozen_qwen25vl_3b_text,gqa_2342333,0.25,691,
572,4096,frontier_text_encoder,frozen_qwen25vl_3b_text,gqa_2342333,0.5,572,
911,8192,frontier_text_encoder,frozen_qwen25vl_3b_text,gqa_2342333,0.5,911,
232,256,frontier_text_encoder,frozen_qwen25vl_3b_text,gqa_2343201,0.25,232,
484,512,frontier_text_encoder,frozen_qwen25vl_3b_text,gqa_2343201,0.25,484,
596,1024,frontier_text_encoder,frozen_qwen25vl_3b_text,gqa_2343201,0.25,596,
596,2048,frontier_text_encoder,frozen_qwen25vl_3b_text,gqa_2343201,0.25,596,
865,4096,frontier_text_encoder,frozen_qwen25vl_3b_text,gqa_2343201,0.0,865,
2708,8192,frontier_text_encoder,frozen_qwen25vl_3b_text,gqa_2343201,0.25,2708,
241,256,frontier_text_encoder,frozen_qwen25vl_3b_text,gqa_2343287,0.25,241,
492,512,frontier_text_encoder,frozen_qwen25vl_3b_text,gqa_2343287,0.0,492,
750,1024,frontier_text_encoder,frozen_qwen25vl_3b_text,gqa_2343287,0.0,750,
750,2048,frontier_text_encoder,frozen_qwen25vl_3b_text,gqa_2343287,0.0,750,
1644,4096,frontier_text_encoder,frozen_qwen25vl_3b_text,gqa_2343287,0.0,1644,
3283,8192,frontier_text_encoder,frozen_qwen25vl_3b_text,gqa_2343287,0.0,3283,
179,256,frontier_text_encoder,frozen_qwen25vl_3b_text,gqa_2344488,0.0,179,
506,512,frontier_text_encoder,frozen_qwen25vl_3b_text,gqa_2344488,0.0,506,
840,1024,frontier_text_encoder,frozen_qwen25vl_3b_text,gqa_2344488,0.0,840,
840,2048,frontier_text_encoder,frozen_qwen25vl_3b_text,gqa_2344488,0.0,840,
1722,4096,frontier_text_encoder,frozen_qwen25vl_3b_text,gqa_2344488,0.0,1722,
800,8192,frontier_text_encoder,frozen_qwen25vl_3b_text,gqa_2344488,0.0,800,
192,256,frontier_text_encoder,frozen_qwen25vl_3b_text,gqa_2345482,0.0,192,
444,512,frontier_text_encoder,frozen_qwen25vl_3b_text,gqa_2345482,0.0,444,
790,1024,frontier_text_encoder,frozen_qwen25vl_3b_text,gqa_2345482,0.0,790,
790,2048,frontier_text_encoder,frozen_qwen25vl_3b_text,gqa_2345482,0.0,790,
1568,4096,frontier_text_encoder,frozen_qwen25vl_3b_text,gqa_2345482,0.0,1568,
2558,8192,frontier_text_encoder,frozen_qwen25vl_3b_text,gqa_2345482,0.0,2558,
203,256,frontier_text_encoder,frozen_qwen25vl_3b_text,gqa_2346467,0.0,203,
495,512,frontier_text_encoder,frozen_qwen25vl_3b_text,gqa_2346467,0.25,495,
611,1024,frontier_text_encoder,frozen_qwen25vl_3b_text,gqa_2346467,0.25,611,
611,2048,frontier_text_encoder,frozen_qwen25vl_3b_text,gqa_2346467,0.25,611,
1608,4096,frontier_text_encoder,frozen_qwen25vl_3b_text,gqa_2346467,0.75,1608,
996,8192,frontier_text_encoder,frozen_qwen25vl_3b_text,gqa_2346467,0.25,996,
184,256,frontier_text_encoder,frozen_qwen25vl_3b_text,gqa_2346957,0.25,184,
433,512,frontier_text_encoder,frozen_qwen25vl_3b_text,gqa_2346957,0.25,433,
848,1024,frontier_text_encoder,frozen_qwen25vl_3b_text,gqa_2346957,0.25,848,
848,2048,frontier_text_encoder,frozen_qwen25vl_3b_text,gqa_2346957,0.25,848,
982,4096,frontier_text_encoder,frozen_qwen25vl_3b_text,gqa_2346957,0.0,982,
1831,8192,frontier_text_encoder,frozen_qwen25vl_3b_text,gqa_2346957,0.25,1831,
244,256,frontier_text_encoder,frozen_qwen25vl_3b_text,gqa_2347367,0.5,244,
482,512,frontier_text_encoder,frozen_qwen25vl_3b_text,gqa_2347367,0.5,482,
652,1024,frontier_text_encoder,frozen_qwen25vl_3b_text,gqa_2347367,0.5,652,
652,2048,frontier_text_encoder,frozen_qwen25vl_3b_text,gqa_2347367,0.5,652,
1597,4096,frontier_text_encoder,frozen_qwen25vl_3b_text,gqa_2347367,0.5,1597,
921,8192,frontier_text_encoder,frozen_qwen25vl_3b_text,gqa_2347367,0.5,921,
237,256,frontier_text_encoder,frozen_qwen25vl_3b_text,gqa_2347772,0.0,237,
443,512,frontier_text_encoder,frozen_qwen25vl_3b_text,gqa_2347772,0.25,443,
804,1024,frontier_text_encoder,frozen_qwen25vl_3b_text,gqa_2347772,0.25,804,
804,2048,frontier_text_encoder,frozen_qwen25vl_3b_text,gqa_2347772,0.25,804,
1716,4096,frontier_text_encoder,frozen_qwen25vl_3b_text,gqa_2347772,0.25,1716,
3423,8192,frontier_text_encoder,frozen_qwen25vl_3b_text,gqa_2347772,0.25,3423,
218,256,frontier_text_encoder,frozen_qwen25vl_3b_text,gqa_2349746,0.25,218,
475,512,frontier_text_encoder,frozen_qwen25vl_3b_text,gqa_2349746,0.5,475,
725,1024,frontier_text_encoder,frozen_qwen25vl_3b_text,gqa_2349746,0.25,725,
725,2048,frontier_text_encoder,frozen_qwen25vl_3b_text,gqa_2349746,0.25,725,
1661,4096,frontier_text_encoder,frozen_qwen25vl_3b_text,gqa_2349746,0.25,1661,
1857,8192,frontier_text_encoder,frozen_qwen25vl_3b_text,gqa_2349746,0.5,1857,
241,256,frontier_text_encoder,frozen_qwen25vl_3b_text,gqa_2350006,0.0,241,
457,512,frontier_text_encoder,frozen_qwen25vl_3b_text,gqa_2350006,0.0,457,
853,1024,frontier_text_encoder,frozen_qwen25vl_3b_text,gqa_2350006,0.0,853,
853,2048,frontier_text_encoder,frozen_qwen25vl_3b_text,gqa_2350006,0.0,853,
1719,4096,frontier_text_encoder,frozen_qwen25vl_3b_text,gqa_2350006,0.25,1719,
2784,8192,frontier_text_encoder,frozen_qwen25vl_3b_text,gqa_2350006,0.0,2784,
243,256,frontier_text_encoder,frozen_qwen25vl_3b_text,gqa_2352092,0.0,243,
510,512,frontier_text_encoder,frozen_qwen25vl_3b_text,gqa_2352092,0.0,510,
627,1024,frontier_text_encoder,frozen_qwen25vl_3b_text,gqa_2352092,0.0,627,
627,2048,frontier_text_encoder,frozen_qwen25vl_3b_text,gqa_2352092,0.0,627,
1573,4096,frontier_text_encoder,frozen_qwen25vl_3b_text,gqa_2352092,0.0,1573,
1147,8192,frontier_text_encoder,frozen_qwen25vl_3b_text,gqa_2352092,0.25,1147,
209,256,frontier_text_encoder,frozen_qwen25vl_3b_text,gqa_2352324,0.25,209,
484,512,frontier_text_encoder,frozen_qwen25vl_3b_text,gqa_2352324,0.5,484,
662,1024,frontier_text_encoder,frozen_qwen25vl_3b_text,gqa_2352324,0.5,662,
662,2048,frontier_text_encoder,frozen_qwen25vl_3b_text,gqa_2352324,0.5,662,
1561,4096,frontier_text_encoder,frozen_qwen25vl_3b_text,gqa_2352324,0.25,1561,
3156,8192,frontier_text_encoder,frozen_qwen25vl_3b_text,gqa_2352324,0.5,3156,
248,256,frontier_text_encoder,frozen_qwen25vl_3b_text,gqa_2352785,0.0,248,
496,512,frontier_text_encoder,frozen_qwen25vl_3b_text,gqa_2352785,0.0,496,
782,1024,frontier_text_encoder,frozen_qwen25vl_3b_text,gqa_2352785,0.0,782,
782,2048,frontier_text_encoder,frozen_qwen25vl_3b_text,gqa_2352785,0.0,782,
1735,4096,frontier_text_encoder,frozen_qwen25vl_3b_text,gqa_2352785,0.0,1735,
2150,8192,frontier_text_encoder,frozen_qwen25vl_3b_text,gqa_2352785,0.0,2150,
202,256,frontier_text_encoder,frozen_qwen25vl_3b_text,gqa_2355212,0.25,202,
496,512,frontier_text_encoder,frozen_qwen25vl_3b_text,gqa_2355212,0.25,496,
693,1024,frontier_text_encoder,frozen_qwen25vl_3b_text,gqa_2355212,0.0,693,
693,2048,frontier_text_encoder,frozen_qwen25vl_3b_text,gqa_2355212,0.0,693,
461,4096,frontier_text_encoder,frozen_qwen25vl_3b_text,gqa_2355212,0.25,461,
625,8192,frontier_text_encoder,frozen_qwen25vl_3b_text,gqa_2355212,0.0,625,
174,256,frontier_text_encoder,frozen_qwen25vl_3b_text,gqa_2355385,0.0,174,
456,512,frontier_text_encoder,frozen_qwen25vl_3b_text,gqa_2355385,0.0,456,
816,1024,frontier_text_encoder,frozen_qwen25vl_3b_text,gqa_2355385,0.0,816,
816,2048,frontier_text_encoder,frozen_qwen25vl_3b_text,gqa_2355385,0.0,816,
1744,4096,frontier_text_encoder,frozen_qwen25vl_3b_text,gqa_2355385,0.0,1744,
3527,8192,frontier_text_encoder,frozen_qwen25vl_3b_text,gqa_2355385,0.0,3527,
239,256,frontier_text_encoder,frozen_qwen25vl_3b_text,gqa_2355528,0.25,239,
489,512,frontier_text_encoder,frozen_qwen25vl_3b_text,gqa_2355528,0.25,489,
634,1024,frontier_text_encoder,frozen_qwen25vl_3b_text,gqa_2355528,0.25,634,
634,2048,frontier_text_encoder,frozen_qwen25vl_3b_text,gqa_2355528,0.25,634,
1513,4096,frontier_text_encoder,frozen_qwen25vl_3b_text,gqa_2355528,0.0,1513,
3485,8192,frontier_text_encoder,frozen_qwen25vl_3b_text,gqa_2355528,0.0,3485,
218,256,frontier_text_encoder,frozen_qwen25vl_3b_text,gqa_2356089,0.0,218,
495,512,frontier_text_encoder,frozen_qwen25vl_3b_text,gqa_2356089,0.0,495,
838,1024,frontier_text_encoder,frozen_qwen25vl_3b_text,gqa_2356089,0.0,838,
838,2048,frontier_text_encoder,frozen_qwen25vl_3b_text,gqa_2356089,0.0,838,
1569,4096,frontier_text_encoder,frozen_qwen25vl_3b_text,gqa_2356089,0.0,1569,
1324,8192,frontier_text_encoder,frozen_qwen25vl_3b_text,gqa_2356089,0.0,1324,
222,256,frontier_text_encoder,frozen_qwen25vl_3b_text,gqa_2356747,0.0,222,
494,512,frontier_text_encoder,frozen_qwen25vl_3b_text,gqa_2356747,0.5,494,
695,1024,frontier_text_encoder,frozen_qwen25vl_3b_text,gqa_2356747,0.5,695,
695,2048,frontier_text_encoder,frozen_qwen25vl_3b_text,gqa_2356747,0.5,695,
1281,4096,frontier_text_encoder,frozen_qwen25vl_3b_text,gqa_2356747,0.25,1281,
3234,8192,frontier_text_encoder,frozen_qwen25vl_3b_text,gqa_2356747,0.25,3234,
243,256,frontier_text_encoder,frozen_qwen25vl_3b_text,gqa_2356972,0.5,243,
492,512,frontier_text_encoder,frozen_qwen25vl_3b_text,gqa_2356972,1.0,492,
575,1024,frontier_text_encoder,frozen_qwen25vl_3b_text,gqa_2356972,1.0,575,
575,2048,frontier_text_encoder,frozen_qwen25vl_3b_text,gqa_2356972,1.0,575,
863,4096,frontier_text_encoder,frozen_qwen25vl_3b_text,gqa_2356972,0.75,863,
721,8192,frontier_text_encoder,frozen_qwen25vl_3b_text,gqa_2356972,0.25,721,
253,256,frontier_text_encoder,frozen_qwen25vl_3b_text,gqa_2357882,0.0,253,
459,512,frontier_text_encoder,frozen_qwen25vl_3b_text,gqa_2357882,0.0,459,
528,1024,frontier_text_encoder,frozen_qwen25vl_3b_text,gqa_2357882,0.0,528,
528,2048,frontier_text_encoder,frozen_qwen25vl_3b_text,gqa_2357882,0.0,528,
1738,4096,frontier_text_encoder,frozen_qwen25vl_3b_text,gqa_2357882,0.25,1738,
3055,8192,frontier_text_encoder,frozen_qwen25vl_3b_text,gqa_2357882,0.0,3055,
226,256,frontier_text_encoder,frozen_qwen25vl_3b_text,gqa_2358111,0.0,226,
473,512,frontier_text_encoder,frozen_qwen25vl_3b_text,gqa_2358111,0.0,473,
696,1024,frontier_text_encoder,frozen_qwen25vl_3b_text,gqa_2358111,0.0,696,
696,2048,frontier_text_encoder,frozen_qwen25vl_3b_text,gqa_2358111,0.0,696,
1592,4096,frontier_text_encoder,frozen_qwen25vl_3b_text,gqa_2358111,0.25,1592,
757,8192,frontier_text_encoder,frozen_qwen25vl_3b_text,gqa_2358111,0.25,757,
242,256,frontier_text_encoder,frozen_qwen25vl_3b_text,gqa_2358186,0.0,242,
481,512,frontier_text_encoder,frozen_qwen25vl_3b_text,gqa_2358186,0.0,481,
641,1024,frontier_text_encoder,frozen_qwen25vl_3b_text,gqa_2358186,0.0,641,
641,2048,frontier_text_encoder,frozen_qwen25vl_3b_text,gqa_2358186,0.0,641,
605,4096,frontier_text_encoder,frozen_qwen25vl_3b_text,gqa_2358186,0.0,605,
895,8192,frontier_text_encoder,frozen_qwen25vl_3b_text,gqa_2358186,0.0,895,
230,256,frontier_text_encoder,frozen_qwen25vl_3b_text,gqa_2359195,0.0,230,
469,512,frontier_text_encoder,frozen_qwen25vl_3b_text,gqa_2359195,0.0,469,
618,1024,frontier_text_encoder,frozen_qwen25vl_3b_text,gqa_2359195,0.0,618,
618,2048,frontier_text_encoder,frozen_qwen25vl_3b_text,gqa_2359195,0.0,618,
1459,4096,frontier_text_encoder,frozen_qwen25vl_3b_text,gqa_2359195,0.0,1459,
955,8192,frontier_text_encoder,frozen_qwen25vl_3b_text,gqa_2359195,0.0,955,
196,256,frontier_text_encoder,frozen_qwen25vl_3b_text,gqa_2359351,0.0,196,
475,512,frontier_text_encoder,frozen_qwen25vl_3b_text,gqa_2359351,0.0,475,
703,1024,frontier_text_encoder,frozen_qwen25vl_3b_text,gqa_2359351,0.0,703,
703,2048,frontier_text_encoder,frozen_qwen25vl_3b_text,gqa_2359351,0.0,703,
1182,4096,frontier_text_encoder,frozen_qwen25vl_3b_text,gqa_2359351,0.25,1182,
3176,8192,frontier_text_encoder,frozen_qwen25vl_3b_text,gqa_2359351,0.0,3176,
251,256,frontier_text_encoder,frozen_qwen25vl_3b_text,gqa_2359470,0.0,251,
504,512,frontier_text_encoder,frozen_qwen25vl_3b_text,gqa_2359470,0.0,504,
548,1024,frontier_text_encoder,frozen_qwen25vl_3b_text,gqa_2359470,0.0,548,
548,2048,frontier_text_encoder,frozen_qwen25vl_3b_text,gqa_2359470,0.0,548,
972,4096,frontier_text_encoder,frozen_qwen25vl_3b_text,gqa_2359470,0.0,972,
2842,8192,frontier_text_encoder,frozen_qwen25vl_3b_text,gqa_2359470,0.0,2842,
242,256,frontier_text_encoder,frozen_qwen25vl_3b_text,gqa_2360103,0.25,242,
500,512,frontier_text_encoder,frozen_qwen25vl_3b_text,gqa_2360103,0.25,500,
687,1024,frontier_text_encoder,frozen_qwen25vl_3b_text,gqa_2360103,0.0,687,
687,2048,frontier_text_encoder,frozen_qwen25vl_3b_text,gqa_2360103,0.0,687,
1191,4096,frontier_text_encoder,frozen_qwen25vl_3b_text,gqa_2360103,0.25,1191,
674,8192,frontier_text_encoder,frozen_qwen25vl_3b_text,gqa_2360103,0.5,674,
218,256,frontier_text_encoder,frozen_qwen25vl_3b_text,gqa_2360831,0.0,218,
501,512,frontier_text_encoder,frozen_qwen25vl_3b_text,gqa_2360831,0.0,501,
552,1024,frontier_text_encoder,frozen_qwen25vl_3b_text,gqa_2360831,0.0,552,
552,2048,frontier_text_encoder,frozen_qwen25vl_3b_text,gqa_2360831,0.0,552,
1528,4096,frontier_text_encoder,frozen_qwen25vl_3b_text,gqa_2360831,0.0,1528,
1403,8192,frontier_text_encoder,frozen_qwen25vl_3b_text,gqa_2360831,0.0,1403,
196,256,frontier_text_encoder,frozen_qwen25vl_3b_text,gqa_2363269,0.25,196,
452,512,frontier_text_encoder,frozen_qwen25vl_3b_text,gqa_2363269,0.0,452,
756,1024,frontier_text_encoder,frozen_qwen25vl_3b_text,gqa_2363269,0.0,756,
756,2048,frontier_text_encoder,frozen_qwen25vl_3b_text,gqa_2363269,0.0,756,
1552,4096,frontier_text_encoder,frozen_qwen25vl_3b_text,gqa_2363269,0.0,1552,
3594,8192,frontier_text_encoder,frozen_qwen25vl_3b_text,gqa_2363269,0.0,3594,
249,256,frontier_text_encoder,frozen_qwen25vl_3b_text,gqa_2363444,0.25,249,
479,512,frontier_text_encoder,frozen_qwen25vl_3b_text,gqa_2363444,0.25,479,
520,1024,frontier_text_encoder,frozen_qwen25vl_3b_text,gqa_2363444,0.25,520,
520,2048,frontier_text_encoder,frozen_qwen25vl_3b_text,gqa_2363444,0.25,520,
1516,4096,frontier_text_encoder,frozen_qwen25vl_3b_text,gqa_2363444,0.25,1516,
2511,8192,frontier_text_encoder,frozen_qwen25vl_3b_text,gqa_2363444,0.25,2511,
243,256,frontier_text_encoder,frozen_qwen25vl_3b_text,gqa_2363706,0.25,243,
493,512,frontier_text_encoder,frozen_qwen25vl_3b_text,gqa_2363706,0.25,493,
764,1024,frontier_text_encoder,frozen_qwen25vl_3b_text,gqa_2363706,0.25,764,
764,2048,frontier_text_encoder,frozen_qwen25vl_3b_text,gqa_2363706,0.25,764,
1544,4096,frontier_text_encoder,frozen_qwen25vl_3b_text,gqa_2363706,0.0,1544,
1025,8192,frontier_text_encoder,frozen_qwen25vl_3b_text,gqa_2363706,0.25,1025,
210,256,frontier_text_encoder,frozen_qwen25vl_3b_text,gqa_2363979,0.0,210,
487,512,frontier_text_encoder,frozen_qwen25vl_3b_text,gqa_2363979,0.0,487,
676,1024,frontier_text_encoder,frozen_qwen25vl_3b_text,gqa_2363979,0.0,676,
676,2048,frontier_text_encoder,frozen_qwen25vl_3b_text,gqa_2363979,0.0,676,
1339,4096,frontier_text_encoder,frozen_qwen25vl_3b_text,gqa_2363979,0.25,1339,
2053,8192,frontier_text_encoder,frozen_qwen25vl_3b_text,gqa_2363979,0.5,2053,
186,256,frontier_text_encoder,frozen_qwen25vl_3b_text,gqa_2364614,0.0,186,
469,512,frontier_text_encoder,frozen_qwen25vl_3b_text,gqa_2364614,0.0,469,
821,1024,frontier_text_encoder,frozen_qwen25vl_3b_text,gqa_2364614,0.0,821,
821,2048,frontier_text_encoder,frozen_qwen25vl_3b_text,gqa_2364614,0.0,821,
410,4096,frontier_text_encoder,frozen_qwen25vl_3b_text,gqa_2364614,0.0,410,
3787,8192,frontier_text_encoder,frozen_qwen25vl_3b_text,gqa_2364614,0.0,3787,
255,256,frontier_text_encoder,frozen_qwen25vl_3b_text,gqa_2364774,0.0,255,
496,512,frontier_text_encoder,frozen_qwen25vl_3b_text,gqa_2364774,0.0,496,
569,1024,frontier_text_encoder,frozen_qwen25vl_3b_text,gqa_2364774,0.0,569,
569,2048,frontier_text_encoder,frozen_qwen25vl_3b_text,gqa_2364774,0.0,569,
1075,4096,frontier_text_encoder,frozen_qwen25vl_3b_text,gqa_2364774,0.0,1075,
3083,8192,frontier_text_encoder,frozen_qwen25vl_3b_text,gqa_2364774,0.0,3083,
234,256,frontier_text_encoder,frozen_qwen25vl_3b_text,gqa_2365176,0.25,234,
480,512,frontier_text_encoder,frozen_qwen25vl_3b_text,gqa_2365176,0.25,480,
794,1024,frontier_text_encoder,frozen_qwen25vl_3b_text,gqa_2365176,0.25,794,
794,2048,frontier_text_encoder,frozen_qwen25vl_3b_text,gqa_2365176,0.25,794,
1284,4096,frontier_text_encoder,frozen_qwen25vl_3b_text,gqa_2365176,0.25,1284,
1337,8192,frontier_text_encoder,frozen_qwen25vl_3b_text,gqa_2365176,0.0,1337,
211,256,frontier_text_encoder,frozen_qwen25vl_3b_text,gqa_2365505,0.0,211,
476,512,frontier_text_encoder,frozen_qwen25vl_3b_text,gqa_2365505,0.0,476,
766,1024,frontier_text_encoder,frozen_qwen25vl_3b_text,gqa_2365505,0.0,766,
766,2048,frontier_text_encoder,frozen_qwen25vl_3b_text,gqa_2365505,0.0,766,
1514,4096,frontier_text_encoder,frozen_qwen25vl_3b_text,gqa_2365505,0.0,1514,
2973,8192,frontier_text_encoder,frozen_qwen25vl_3b_text,gqa_2365505,0.0,2973,
256,256,frontier_text_encoder,frozen_qwen25vl_3b_text,gqa_2366157,0.25,256,
465,512,frontier_text_encoder,frozen_qwen25vl_3b_text,gqa_2366157,0.25,465,
647,1024,frontier_text_encoder,frozen_qwen25vl_3b_text,gqa_2366157,0.25,647,
647,2048,frontier_text_encoder,frozen_qwen25vl_3b_text,gqa_2366157,0.25,647,
946,4096,frontier_text_encoder,frozen_qwen25vl_3b_text,gqa_2366157,0.25,946,
646,8192,frontier_text_encoder,frozen_qwen25vl_3b_text,gqa_2366157,0.0,646,
199,256,frontier_text_encoder,frozen_qwen25vl_3b_text,gqa_2366510,0.0,199,
468,512,frontier_text_encoder,frozen_qwen25vl_3b_text,gqa_2366510,0.0,468,
811,1024,frontier_text_encoder,frozen_qwen25vl_3b_text,gqa_2366510,0.0,811,
811,2048,frontier_text_encoder,frozen_qwen25vl_3b_text,gqa_2366510,0.0,811,
1704,4096,frontier_text_encoder,frozen_qwen25vl_3b_text,gqa_2366510,0.0,1704,
2981,8192,frontier_text_encoder,frozen_qwen25vl_3b_text,gqa_2366510,0.0,2981,
213,256,frontier_text_encoder,frozen_qwen25vl_3b_text,gqa_2366645,0.0,213,
511,512,frontier_text_encoder,frozen_qwen25vl_3b_text,gqa_2366645,0.0,511,
572,1024,frontier_text_encoder,frozen_qwen25vl_3b_text,gqa_2366645,0.0,572,
572,2048,frontier_text_encoder,frozen_qwen25vl_3b_text,gqa_2366645,0.0,572,
1185,4096,frontier_text_encoder,frozen_qwen25vl_3b_text,gqa_2366645,0.25,1185,
854,8192,frontier_text_encoder,frozen_qwen25vl_3b_text,gqa_2366645,0.25,854,
225,256,frontier_text_encoder,frozen_qwen25vl_3b_text,gqa_2367328,0.0,225,
505,512,frontier_text_encoder,frozen_qwen25vl_3b_text,gqa_2367328,0.0,505,
782,1024,frontier_text_encoder,frozen_qwen25vl_3b_text,gqa_2367328,0.0,782,
782,2048,frontier_text_encoder,frozen_qwen25vl_3b_text,gqa_2367328,0.0,782,
1605,4096,frontier_text_encoder,frozen_qwen25vl_3b_text,gqa_2367328,0.0,1605,
676,8192,frontier_text_encoder,frozen_qwen25vl_3b_text,gqa_2367328,0.25,676,
243,256,frontier_text_encoder,frozen_qwen25vl_3b_text,gqa_2367639,0.0,243,
486,512,frontier_text_encoder,frozen_qwen25vl_3b_text,gqa_2367639,0.0,486,
845,1024,frontier_text_encoder,frozen_qwen25vl_3b_text,gqa_2367639,0.25,845,
845,2048,frontier_text_encoder,frozen_qwen25vl_3b_text,gqa_2367639,0.25,845,
1793,4096,frontier_text_encoder,frozen_qwen25vl_3b_text,gqa_2367639,0.0,1793,
3705,8192,frontier_text_encoder,frozen_qwen25vl_3b_text,gqa_2367639,0.0,3705,
216,256,frontier_text_encoder,frozen_qwen25vl_3b_text,gqa_2367770,0.0,216,
500,512,frontier_text_encoder,frozen_qwen25vl_3b_text,gqa_2367770,0.0,500,
727,1024,frontier_text_encoder,frozen_qwen25vl_3b_text,gqa_2367770,0.0,727,
727,2048,frontier_text_encoder,frozen_qwen25vl_3b_text,gqa_2367770,0.0,727,
1582,4096,frontier_text_encoder,frozen_qwen25vl_3b_text,gqa_2367770,0.25,1582,
2261,8192,frontier_text_encoder,frozen_qwen25vl_3b_text,gqa_2367770,0.0,2261,
222,256,frontier_text_encoder,frozen_qwen25vl_3b_text,gqa_2368884,0.0,222,
462,512,frontier_text_encoder,frozen_qwen25vl_3b_text,gqa_2368884,0.0,462,
520,1024,frontier_text_encoder,frozen_qwen25vl_3b_text,gqa_2368884,0.0,520,
520,2048,frontier_text_encoder,frozen_qwen25vl_3b_text,gqa_2368884,0.0,520,
1302,4096,frontier_text_encoder,frozen_qwen25vl_3b_text,gqa_2368884,0.0,1302,
3144,8192,frontier_text_encoder,frozen_qwen25vl_3b_text,gqa_2368884,0.0,3144,
212,256,frontier_text_encoder,frozen_qwen25vl_3b_text,gqa_2370329,0.0,212,
478,512,frontier_text_encoder,frozen_qwen25vl_3b_text,gqa_2370329,0.0,478,
767,1024,frontier_text_encoder,frozen_qwen25vl_3b_text,gqa_2370329,0.0,767,
767,2048,frontier_text_encoder,frozen_qwen25vl_3b_text,gqa_2370329,0.0,767,
1610,4096,frontier_text_encoder,frozen_qwen25vl_3b_text,gqa_2370329,0.0,1610,
3218,8192,frontier_text_encoder,frozen_qwen25vl_3b_text,gqa_2370329,0.0,3218,
215,256,frontier_text_encoder,frozen_qwen25vl_3b_text,gqa_2370859,0.5,215,
476,512,frontier_text_encoder,frozen_qwen25vl_3b_text,gqa_2370859,0.75,476,
649,1024,frontier_text_encoder,frozen_qwen25vl_3b_text,gqa_2370859,0.75,649,
649,2048,frontier_text_encoder,frozen_qwen25vl_3b_text,gqa_2370859,0.75,649,
969,4096,frontier_text_encoder,frozen_qwen25vl_3b_text,gqa_2370859,0.5,969,
1562,8192,frontier_text_encoder,frozen_qwen25vl_3b_text,gqa_2370859,0.5,1562,
156,256,frontier_text_encoder,frozen_qwen25vl_3b_text,gqa_2370968,0.0,156,
491,512,frontier_text_encoder,frozen_qwen25vl_3b_text,gqa_2370968,0.0,491,
710,1024,frontier_text_encoder,frozen_qwen25vl_3b_text,gqa_2370968,0.0,710,
710,2048,frontier_text_encoder,frozen_qwen25vl_3b_text,gqa_2370968,0.0,710,
1730,4096,frontier_text_encoder,frozen_qwen25vl_3b_text,gqa_2370968,0.25,1730,
3352,8192,frontier_text_encoder,frozen_qwen25vl_3b_text,gqa_2370968,0.0,3352,
195,256,frontier_text_encoder,frozen_qwen25vl_3b_text,gqa_2371504,0.0,195,
501,512,frontier_text_encoder,frozen_qwen25vl_3b_text,gqa_2371504,0.0,501,
553,1024,frontier_text_encoder,frozen_qwen25vl_3b_text,gqa_2371504,0.0,553,
553,2048,frontier_text_encoder,frozen_qwen25vl_3b_text,gqa_2371504,0.0,553,
844,4096,frontier_text_encoder,frozen_qwen25vl_3b_text,gqa_2371504,0.25,844,
2824,8192,frontier_text_encoder,frozen_qwen25vl_3b_text,gqa_2371504,0.25,2824,
236,256,frontier_text_encoder,frozen_qwen25vl_3b_text,gqa_2373259,0.25,236,
488,512,frontier_text_encoder,frozen_qwen25vl_3b_text,gqa_2373259,0.0,488,
741,1024,frontier_text_encoder,frozen_qwen25vl_3b_text,gqa_2373259,0.0,741,
741,2048,frontier_text_encoder,frozen_qwen25vl_3b_text,gqa_2373259,0.0,741,
1781,4096,frontier_text_encoder,frozen_qwen25vl_3b_text,gqa_2373259,0.0,1781,
531,8192,frontier_text_encoder,frozen_qwen25vl_3b_text,gqa_2373259,0.25,531,
236,256,frontier_text_encoder,frozen_qwen25vl_3b_text,gqa_2375091,0.0,236,
485,512,frontier_text_encoder,frozen_qwen25vl_3b_text,gqa_2375091,0.0,485,
648,1024,frontier_text_encoder,frozen_qwen25vl_3b_text,gqa_2375091,0.0,648,
648,2048,frontier_text_encoder,frozen_qwen25vl_3b_text,gqa_2375091,0.0,648,
1675,4096,frontier_text_encoder,frozen_qwen25vl_3b_text,gqa_2375091,0.25,1675,
2164,8192,frontier_text_encoder,frozen_qwen25vl_3b_text,gqa_2375091,0.0,2164,
216,256,frontier_text_encoder,frozen_qwen25vl_3b_text,gqa_2376266,0.0,216,
483,512,frontier_text_encoder,frozen_qwen25vl_3b_text,gqa_2376266,0.0,483,
773,1024,frontier_text_encoder,frozen_qwen25vl_3b_text,gqa_2376266,0.25,773,
773,2048,frontier_text_encoder,frozen_qwen25vl_3b_text,gqa_2376266,0.25,773,
1569,4096,frontier_text_encoder,frozen_qwen25vl_3b_text,gqa_2376266,0.25,1569,
3363,8192,frontier_text_encoder,frozen_qwen25vl_3b_text,gqa_2376266,0.0,3363,
237,256,frontier_text_encoder,frozen_qwen25vl_3b_text,gqa_2378739,0.0,237,
508,512,frontier_text_encoder,frozen_qwen25vl_3b_text,gqa_2378739,0.0,508,
635,1024,frontier_text_encoder,frozen_qwen25vl_3b_text,gqa_2378739,0.0,635,
635,2048,frontier_text_encoder,frozen_qwen25vl_3b_text,gqa_2378739,0.0,635,
674,4096,frontier_text_encoder,frozen_qwen25vl_3b_text,gqa_2378739,0.0,674,
3400,8192,frontier_text_encoder,frozen_qwen25vl_3b_text,gqa_2378739,0.25,3400,
242,256,frontier_text_encoder,frozen_qwen25vl_3b_text,gqa_2378917,0.25,242,
452,512,frontier_text_encoder,frozen_qwen25vl_3b_text,gqa_2378917,0.25,452,
788,1024,frontier_text_encoder,frozen_qwen25vl_3b_text,gqa_2378917,0.25,788,
788,2048,frontier_text_encoder,frozen_qwen25vl_3b_text,gqa_2378917,0.25,788,
459,4096,frontier_text_encoder,frozen_qwen25vl_3b_text,gqa_2378917,0.25,459,
3366,8192,frontier_text_encoder,frozen_qwen25vl_3b_text,gqa_2378917,0.0,3366,
199,256,frontier_text_encoder,frozen_qwen25vl_3b_text,gqa_2378984,0.25,199,
467,512,frontier_text_encoder,frozen_qwen25vl_3b_text,gqa_2378984,0.25,467,
795,1024,frontier_text_encoder,frozen_qwen25vl_3b_text,gqa_2378984,0.25,795,
795,2048,frontier_text_encoder,frozen_qwen25vl_3b_text,gqa_2378984,0.25,795,
1544,4096,frontier_text_encoder,frozen_qwen25vl_3b_text,gqa_2378984,0.5,1544,
2374,8192,frontier_text_encoder,frozen_qwen25vl_3b_text,gqa_2378984,0.25,2374,
247,256,frontier_text_encoder,frozen_qwen25vl_3b_text,gqa_2379961,0.5,247,
476,512,frontier_text_encoder,frozen_qwen25vl_3b_text,gqa_2379961,0.25,476,
688,1024,frontier_text_encoder,frozen_qwen25vl_3b_text,gqa_2379961,0.5,688,
688,2048,frontier_text_encoder,frozen_qwen25vl_3b_text,gqa_2379961,0.5,688,
1706,4096,frontier_text_encoder,frozen_qwen25vl_3b_text,gqa_2379961,0.5,1706,
3387,8192,frontier_text_encoder,frozen_qwen25vl_3b_text,gqa_2379961,0.25,3387,
233,256,frontier_text_encoder,frozen_qwen25vl_3b_text,gqa_2380291,0.0,233,
471,512,frontier_text_encoder,frozen_qwen25vl_3b_text,gqa_2380291,0.0,471,
705,1024,frontier_text_encoder,frozen_qwen25vl_3b_text,gqa_2380291,0.0,705,
705,2048,frontier_text_encoder,frozen_qwen25vl_3b_text,gqa_2380291,0.0,705,
1596,4096,frontier_text_encoder,frozen_qwen25vl_3b_text,gqa_2380291,0.25,1596,
3381,8192,frontier_text_encoder,frozen_qwen25vl_3b_text,gqa_2380291,0.0,3381,
246,256,frontier_text_encoder,frozen_qwen25vl_3b_text,gqa_2380691,0.5,246,
506,512,frontier_text_encoder,frozen_qwen25vl_3b_text,gqa_2380691,0.5,506,
573,1024,frontier_text_encoder,frozen_qwen25vl_3b_text,gqa_2380691,0.5,573,
573,2048,frontier_text_encoder,frozen_qwen25vl_3b_text,gqa_2380691,0.5,573,
1727,4096,frontier_text_encoder,frozen_qwen25vl_3b_text,gqa_2380691,0.25,1727,
3183,8192,frontier_text_encoder,frozen_qwen25vl_3b_text,gqa_2380691,0.25,3183,
215,256,frontier_text_encoder,frozen_qwen25vl_3b_text,gqa_2381547,0.0,215,
478,512,frontier_text_encoder,frozen_qwen25vl_3b_text,gqa_2381547,0.25,478,
763,1024,frontier_text_encoder,frozen_qwen25vl_3b_text,gqa_2381547,0.25,763,
763,2048,frontier_text_encoder,frozen_qwen25vl_3b_text,gqa_2381547,0.25,763,
1834,4096,frontier_text_encoder,frozen_qwen25vl_3b_text,gqa_2381547,0.25,1834,
462,8192,frontier_text_encoder,frozen_qwen25vl_3b_text,gqa_2381547,0.0,462,
223,256,frontier_text_encoder,frozen_qwen25vl_3b_text,gqa_2382178,0.25,223,
450,512,frontier_text_encoder,frozen_qwen25vl_3b_text,gqa_2382178,0.25,450,
627,1024,frontier_text_encoder,frozen_qwen25vl_3b_text,gqa_2382178,0.25,627,
627,2048,frontier_text_encoder,frozen_qwen25vl_3b_text,gqa_2382178,0.25,627,
1325,4096,frontier_text_encoder,frozen_qwen25vl_3b_text,gqa_2382178,0.25,1325,
1340,8192,frontier_text_encoder,frozen_qwen25vl_3b_text,gqa_2382178,0.25,1340,
115,256,frontier_text_encoder,frozen_qwen25vl_3b_text,gqa_2383204,0.0,115,
115,512,frontier_text_encoder,frozen_qwen25vl_3b_text,gqa_2383204,0.0,115,
115,1024,frontier_text_encoder,frozen_qwen25vl_3b_text,gqa_2383204,0.0,115,
115,2048,frontier_text_encoder,frozen_qwen25vl_3b_text,gqa_2383204,0.0,115,
1627,4096,frontier_text_encoder,frozen_qwen25vl_3b_text,gqa_2383204,0.25,1627,
1743,8192,frontier_text_encoder,frozen_qwen25vl_3b_text,gqa_2383204,0.25,1743,
224,256,frontier_text_encoder,frozen_qwen25vl_3b_text,gqa_2383963,0.25,224,
478,512,frontier_text_encoder,frozen_qwen25vl_3b_text,gqa_2383963,0.25,478,
628,1024,frontier_text_encoder,frozen_qwen25vl_3b_text,gqa_2383963,0.25,628,
628,2048,frontier_text_encoder,frozen_qwen25vl_3b_text,gqa_2383963,0.25,628,
1584,4096,frontier_text_encoder,frozen_qwen25vl_3b_text,gqa_2383963,0.25,1584,
2967,8192,frontier_text_encoder,frozen_qwen25vl_3b_text,gqa_2383963,0.25,2967,
228,256,frontier_text_encoder,frozen_qwen25vl_3b_text,gqa_2383991,0.0,228,
471,512,frontier_text_encoder,frozen_qwen25vl_3b_text,gqa_2383991,0.25,471,
649,1024,frontier_text_encoder,frozen_qwen25vl_3b_text,gqa_2383991,0.0,649,
649,2048,frontier_text_encoder,frozen_qwen25vl_3b_text,gqa_2383991,0.0,649,
702,4096,frontier_text_encoder,frozen_qwen25vl_3b_text,gqa_2383991,0.25,702,
889,8192,frontier_text_encoder,frozen_qwen25vl_3b_text,gqa_2383991,0.5,889,
243,256,frontier_text_encoder,frozen_qwen25vl_3b_text,gqa_2384063,0.25,243,
319,512,frontier_text_encoder,frozen_qwen25vl_3b_text,gqa_2384063,0.25,319,
319,1024,frontier_text_encoder,frozen_qwen25vl_3b_text,gqa_2384063,0.25,319,
319,2048,frontier_text_encoder,frozen_qwen25vl_3b_text,gqa_2384063,0.25,319,
1626,4096,frontier_text_encoder,frozen_qwen25vl_3b_text,gqa_2384063,0.0,1626,
880,8192,frontier_text_encoder,frozen_qwen25vl_3b_text,gqa_2384063,0.0,880,
222,256,frontier_text_encoder,frozen_qwen25vl_3b_text,gqa_2384376,0.0,222,
474,512,frontier_text_encoder,frozen_qwen25vl_3b_text,gqa_2384376,0.25,474,
573,1024,frontier_text_encoder,frozen_qwen25vl_3b_text,gqa_2384376,0.25,573,
573,2048,frontier_text_encoder,frozen_qwen25vl_3b_text,gqa_2384376,0.25,573,
867,4096,frontier_text_encoder,frozen_qwen25vl_3b_text,gqa_2384376,0.25,867,
2664,8192,frontier_text_encoder,frozen_qwen25vl_3b_text,gqa_2384376,0.25,2664,
176,256,frontier_text_encoder,frozen_qwen25vl_3b_text,gqa_2385322,0.5,176,
489,512,frontier_text_encoder,frozen_qwen25vl_3b_text,gqa_2385322,0.75,489,
795,1024,frontier_text_encoder,frozen_qwen25vl_3b_text,gqa_2385322,0.75,795,
795,2048,frontier_text_encoder,frozen_qwen25vl_3b_text,gqa_2385322,0.75,795,
1437,4096,frontier_text_encoder,frozen_qwen25vl_3b_text,gqa_2385322,0.5,1437,
3013,8192,frontier_text_encoder,frozen_qwen25vl_3b_text,gqa_2385322,0.25,3013,
245,256,frontier_text_encoder,frozen_qwen25vl_3b_text,gqa_2386051,0.0,245,
479,512,frontier_text_encoder,frozen_qwen25vl_3b_text,gqa_2386051,0.0,479,
856,1024,frontier_text_encoder,frozen_qwen25vl_3b_text,gqa_2386051,0.0,856,
856,2048,frontier_text_encoder,frozen_qwen25vl_3b_text,gqa_2386051,0.0,856,
852,4096,frontier_text_encoder,frozen_qwen25vl_3b_text,gqa_2386051,0.0,852,
1568,8192,frontier_text_encoder,frozen_qwen25vl_3b_text,gqa_2386051,0.0,1568,
244,256,frontier_text_encoder,frozen_qwen25vl_3b_text,gqa_2386495,0.5,244,
487,512,frontier_text_encoder,frozen_qwen25vl_3b_text,gqa_2386495,0.5,487,
768,1024,frontier_text_encoder,frozen_qwen25vl_3b_text,gqa_2386495,0.5,768,
768,2048,frontier_text_encoder,frozen_qwen25vl_3b_text,gqa_2386495,0.5,768,
1124,4096,frontier_text_encoder,frozen_qwen25vl_3b_text,gqa_2386495,0.25,1124,
926,8192,frontier_text_encoder,frozen_qwen25vl_3b_text,gqa_2386495,0.25,926,
207,256,frontier_text_encoder,frozen_qwen25vl_3b_text,gqa_2387110,0.0,207,
490,512,frontier_text_encoder,frozen_qwen25vl_3b_text,gqa_2387110,0.25,490,
830,1024,frontier_text_encoder,frozen_qwen25vl_3b_text,gqa_2387110,0.0,830,
830,2048,frontier_text_encoder,frozen_qwen25vl_3b_text,gqa_2387110,0.0,830,
1753,4096,frontier_text_encoder,frozen_qwen25vl_3b_text,gqa_2387110,0.25,1753,
1354,8192,frontier_text_encoder,frozen_qwen25vl_3b_text,gqa_2387110,0.25,1354,
224,256,frontier_text_encoder,frozen_qwen25vl_3b_text,gqa_2387118,0.0,224,
502,512,frontier_text_encoder,frozen_qwen25vl_3b_text,gqa_2387118,0.0,502,
699,1024,frontier_text_encoder,frozen_qwen25vl_3b_text,gqa_2387118,0.0,699,
699,2048,frontier_text_encoder,frozen_qwen25vl_3b_text,gqa_2387118,0.0,699,
1632,4096,frontier_text_encoder,frozen_qwen25vl_3b_text,gqa_2387118,0.0,1632,
2629,8192,frontier_text_encoder,frozen_qwen25vl_3b_text,gqa_2387118,0.0,2629,
219,256,frontier_text_encoder,frozen_qwen25vl_3b_text,gqa_2388030,0.0,219,
503,512,frontier_text_encoder,frozen_qwen25vl_3b_text,gqa_2388030,0.0,503,
684,1024,frontier_text_encoder,frozen_qwen25vl_3b_text,gqa_2388030,0.25,684,
684,2048,frontier_text_encoder,frozen_qwen25vl_3b_text,gqa_2388030,0.25,684,
1691,4096,frontier_text_encoder,frozen_qwen25vl_3b_text,gqa_2388030,0.25,1691,
2552,8192,frontier_text_encoder,frozen_qwen25vl_3b_text,gqa_2388030,0.0,2552,
214,256,frontier_text_encoder,frozen_qwen25vl_3b_text,gqa_2388049,0.25,214,
471,512,frontier_text_encoder,frozen_qwen25vl_3b_text,gqa_2388049,0.25,471,
714,1024,frontier_text_encoder,frozen_qwen25vl_3b_text,gqa_2388049,0.25,714,
714,2048,frontier_text_encoder,frozen_qwen25vl_3b_text,gqa_2388049,0.25,714,
1673,4096,frontier_text_encoder,frozen_qwen25vl_3b_text,gqa_2388049,0.0,1673,
3437,8192,frontier_text_encoder,frozen_qwen25vl_3b_text,gqa_2388049,0.25,3437,
255,256,frontier_text_encoder,frozen_qwen25vl_3b_text,gqa_2389312,0.25,255,
506,512,frontier_text_encoder,frozen_qwen25vl_3b_text,gqa_2389312,0.25,506,
624,1024,frontier_text_encoder,frozen_qwen25vl_3b_text,gqa_2389312,0.25,624,
624,2048,frontier_text_encoder,frozen_qwen25vl_3b_text,gqa_2389312,0.25,624,
1792,4096,frontier_text_encoder,frozen_qwen25vl_3b_text,gqa_2389312,0.25,1792,
3640,8192,frontier_text_encoder,frozen_qwen25vl_3b_text,gqa_2389312,0.25,3640,
237,256,frontier_text_encoder,frozen_qwen25vl_3b_text,gqa_2390071,0.25,237,
480,512,frontier_text_encoder,frozen_qwen25vl_3b_text,gqa_2390071,0.25,480,
763,1024,frontier_text_encoder,frozen_qwen25vl_3b_text,gqa_2390071,0.0,763,
763,2048,frontier_text_encoder,frozen_qwen25vl_3b_text,gqa_2390071,0.0,763,
1722,4096,frontier_text_encoder,frozen_qwen25vl_3b_text,gqa_2390071,0.0,1722,
235,8192,frontier_text_encoder,frozen_qwen25vl_3b_text,gqa_2390071,0.25,235,
228,256,frontier_text_encoder,frozen_qwen25vl_3b_text,gqa_2390727,0.0,228,
508,512,frontier_text_encoder,frozen_qwen25vl_3b_text,gqa_2390727,0.0,508,
715,1024,frontier_text_encoder,frozen_qwen25vl_3b_text,gqa_2390727,0.0,715,
715,2048,frontier_text_encoder,frozen_qwen25vl_3b_text,gqa_2390727,0.0,715,
1599,4096,frontier_text_encoder,frozen_qwen25vl_3b_text,gqa_2390727,0.0,1599,
3380,8192,frontier_text_encoder,frozen_qwen25vl_3b_text,gqa_2390727,0.0,3380,
224,256,frontier_text_encoder,frozen_qwen25vl_3b_text,gqa_2391406,0.0,224,
462,512,frontier_text_encoder,frozen_qwen25vl_3b_text,gqa_2391406,0.25,462,
462,1024,frontier_text_encoder,frozen_qwen25vl_3b_text,gqa_2391406,0.25,462,
462,2048,frontier_text_encoder,frozen_qwen25vl_3b_text,gqa_2391406,0.25,462,
1564,4096,frontier_text_encoder,frozen_qwen25vl_3b_text,gqa_2391406,0.25,1564,
639,8192,frontier_text_encoder,frozen_qwen25vl_3b_text,gqa_2391406,0.25,639,
225,256,frontier_text_encoder,frozen_qwen25vl_3b_text,gqa_2391835,0.5,225,
473,512,frontier_text_encoder,frozen_qwen25vl_3b_text,gqa_2391835,0.5,473,
723,1024,frontier_text_encoder,frozen_qwen25vl_3b_text,gqa_2391835,0.25,723,
723,2048,frontier_text_encoder,frozen_qwen25vl_3b_text,gqa_2391835,0.25,723,
1473,4096,frontier_text_encoder,frozen_qwen25vl_3b_text,gqa_2391835,0.5,1473,
952,8192,frontier_text_encoder,frozen_qwen25vl_3b_text,gqa_2391835,0.75,952,
220,256,frontier_text_encoder,frozen_qwen25vl_3b_text,gqa_2392147,0.0,220,
511,512,frontier_text_encoder,frozen_qwen25vl_3b_text,gqa_2392147,0.0,511,
864,1024,frontier_text_encoder,frozen_qwen25vl_3b_text,gqa_2392147,0.0,864,
864,2048,frontier_text_encoder,frozen_qwen25vl_3b_text,gqa_2392147,0.0,864,
1288,4096,frontier_text_encoder,frozen_qwen25vl_3b_text,gqa_2392147,0.25,1288,
2062,8192,frontier_text_encoder,frozen_qwen25vl_3b_text,gqa_2392147,0.25,2062,
248,256,frontier_text_encoder,frozen_qwen25vl_3b_text,gqa_2392185,0.0,248,
492,512,frontier_text_encoder,frozen_qwen25vl_3b_text,gqa_2392185,0.0,492,
698,1024,frontier_text_encoder,frozen_qwen25vl_3b_text,gqa_2392185,0.0,698,
698,2048,frontier_text_encoder,frozen_qwen25vl_3b_text,gqa_2392185,0.0,698,
1757,4096,frontier_text_encoder,frozen_qwen25vl_3b_text,gqa_2392185,0.5,1757,
3397,8192,frontier_text_encoder,frozen_qwen25vl_3b_text,gqa_2392185,0.25,3397,
236,256,frontier_text_encoder,frozen_qwen25vl_3b_text,gqa_2392318,0.0,236,
476,512,frontier_text_encoder,frozen_qwen25vl_3b_text,gqa_2392318,0.0,476,
567,1024,frontier_text_encoder,frozen_qwen25vl_3b_text,gqa_2392318,0.0,567,
567,2048,frontier_text_encoder,frozen_qwen25vl_3b_text,gqa_2392318,0.0,567,
1597,4096,frontier_text_encoder,frozen_qwen25vl_3b_text,gqa_2392318,0.0,1597,
3705,8192,frontier_text_encoder,frozen_qwen25vl_3b_text,gqa_2392318,0.0,3705,
238,256,frontier_text_encoder,frozen_qwen25vl_3b_text,gqa_2393739,0.0,238,
475,512,frontier_text_encoder,frozen_qwen25vl_3b_text,gqa_2393739,0.0,475,
627,1024,frontier_text_encoder,frozen_qwen25vl_3b_text,gqa_2393739,0.25,627,
627,2048,frontier_text_encoder,frozen_qwen25vl_3b_text,gqa_2393739,0.25,627,
1217,4096,frontier_text_encoder,frozen_qwen25vl_3b_text,gqa_2393739,0.25,1217,
975,8192,frontier_text_encoder,frozen_qwen25vl_3b_text,gqa_2393739,0.25,975,
252,256,frontier_text_encoder,frozen_qwen25vl_3b_text,gqa_2393775,0.25,252,
473,512,frontier_text_encoder,frozen_qwen25vl_3b_text,gqa_2393775,0.25,473,
655,1024,frontier_text_encoder,frozen_qwen25vl_3b_text,gqa_2393775,0.0,655,
655,2048,frontier_text_encoder,frozen_qwen25vl_3b_text,gqa_2393775,0.0,655,
1648,4096,frontier_text_encoder,frozen_qwen25vl_3b_text,gqa_2393775,0.0,1648,
3278,8192,frontier_text_encoder,frozen_qwen25vl_3b_text,gqa_2393775,0.0,3278,
250,256,frontier_text_encoder,frozen_qwen25vl_3b_text,gqa_2393788,0.25,250,
481,512,frontier_text_encoder,frozen_qwen25vl_3b_text,gqa_2393788,0.25,481,
576,1024,frontier_text_encoder,frozen_qwen25vl_3b_text,gqa_2393788,0.25,576,
576,2048,frontier_text_encoder,frozen_qwen25vl_3b_text,gqa_2393788,0.25,576,
1617,4096,frontier_text_encoder,frozen_qwen25vl_3b_text,gqa_2393788,0.25,1617,
752,8192,frontier_text_encoder,frozen_qwen25vl_3b_text,gqa_2393788,0.25,752,
242,256,frontier_text_encoder,frozen_qwen25vl_3b_text,gqa_2394763,0.25,242,
489,512,frontier_text_encoder,frozen_qwen25vl_3b_text,gqa_2394763,0.25,489,
734,1024,frontier_text_encoder,frozen_qwen25vl_3b_text,gqa_2394763,0.25,734,
734,2048,frontier_text_encoder,frozen_qwen25vl_3b_text,gqa_2394763,0.25,734,
1566,4096,frontier_text_encoder,frozen_qwen25vl_3b_text,gqa_2394763,0.0,1566,
3414,8192,frontier_text_encoder,frozen_qwen25vl_3b_text,gqa_2394763,0.0,3414,
248,256,frontier_text_encoder,frozen_qwen25vl_3b_text,gqa_2394891,0.0,248,
503,512,frontier_text_encoder,frozen_qwen25vl_3b_text,gqa_2394891,0.0,503,
595,1024,frontier_text_encoder,frozen_qwen25vl_3b_text,gqa_2394891,0.0,595,
595,2048,frontier_text_encoder,frozen_qwen25vl_3b_text,gqa_2394891,0.0,595,
1644,4096,frontier_text_encoder,frozen_qwen25vl_3b_text,gqa_2394891,0.0,1644,
1020,8192,frontier_text_encoder,frozen_qwen25vl_3b_text,gqa_2394891,0.0,1020,
231,256,frontier_text_encoder,frozen_qwen25vl_3b_text,gqa_2395361,0.5,231,
507,512,frontier_text_encoder,frozen_qwen25vl_3b_text,gqa_2395361,0.5,507,
740,1024,frontier_text_encoder,frozen_qwen25vl_3b_text,gqa_2395361,0.25,740,
740,2048,frontier_text_encoder,frozen_qwen25vl_3b_text,gqa_2395361,0.25,740,
608,4096,frontier_text_encoder,frozen_qwen25vl_3b_text,gqa_2395361,0.25,608,
759,8192,frontier_text_encoder,frozen_qwen25vl_3b_text,gqa_2395361,0.5,759,
220,256,frontier_text_encoder,frozen_qwen25vl_3b_text,gqa_2396578,0.0,220,
478,512,frontier_text_encoder,frozen_qwen25vl_3b_text,gqa_2396578,0.0,478,
660,1024,frontier_text_encoder,frozen_qwen25vl_3b_text,gqa_2396578,0.25,660,
660,2048,frontier_text_encoder,frozen_qwen25vl_3b_text,gqa_2396578,0.25,660,
1593,4096,frontier_text_encoder,frozen_qwen25vl_3b_text,gqa_2396578,0.25,1593,
3560,8192,frontier_text_encoder,frozen_qwen25vl_3b_text,gqa_2396578,0.25,3560,
248,256,frontier_text_encoder,frozen_qwen25vl_3b_text,gqa_2398108,0.25,248,
494,512,frontier_text_encoder,frozen_qwen25vl_3b_text,gqa_2398108,0.0,494,
592,1024,frontier_text_encoder,frozen_qwen25vl_3b_text,gqa_2398108,0.0,592,
592,2048,frontier_text_encoder,frozen_qwen25vl_3b_text,gqa_2398108,0.0,592,
825,4096,frontier_text_encoder,frozen_qwen25vl_3b_text,gqa_2398108,0.25,825,
470,8192,frontier_text_encoder,frozen_qwen25vl_3b_text,gqa_2398108,0.0,470,
198,256,frontier_text_encoder,frozen_qwen25vl_3b_text,gqa_2398612,0.5,198,
445,512,frontier_text_encoder,frozen_qwen25vl_3b_text,gqa_2398612,0.75,445,
787,1024,frontier_text_encoder,frozen_qwen25vl_3b_text,gqa_2398612,1.0,787,
787,2048,frontier_text_encoder,frozen_qwen25vl_3b_text,gqa_2398612,1.0,787,
685,4096,frontier_text_encoder,frozen_qwen25vl_3b_text,gqa_2398612,0.75,685,
857,8192,frontier_text_encoder,frozen_qwen25vl_3b_text,gqa_2398612,1.0,857,
199,256,frontier_text_encoder,frozen_qwen25vl_3b_text,gqa_2399149,0.25,199,
464,512,frontier_text_encoder,frozen_qwen25vl_3b_text,gqa_2399149,0.25,464,
752,1024,frontier_text_encoder,frozen_qwen25vl_3b_text,gqa_2399149,0.25,752,
752,2048,frontier_text_encoder,frozen_qwen25vl_3b_text,gqa_2399149,0.25,752,
1645,4096,frontier_text_encoder,frozen_qwen25vl_3b_text,gqa_2399149,0.25,1645,
3243,8192,frontier_text_encoder,frozen_qwen25vl_3b_text,gqa_2399149,0.5,3243,
218,256,frontier_text_encoder,frozen_qwen25vl_3b_text,gqa_2399600,0.75,218,
445,512,frontier_text_encoder,frozen_qwen25vl_3b_text,gqa_2399600,1.0,445,
854,1024,frontier_text_encoder,frozen_qwen25vl_3b_text,gqa_2399600,0.75,854,
854,2048,frontier_text_encoder,frozen_qwen25vl_3b_text,gqa_2399600,0.75,854,
866,4096,frontier_text_encoder,frozen_qwen25vl_3b_text,gqa_2399600,1.0,866,
3935,8192,frontier_text_encoder,frozen_qwen25vl_3b_text,gqa_2399600,0.5,3935,
246,256,frontier_text_encoder,frozen_qwen25vl_3b_text,gqa_2400016,0.25,246,
478,512,frontier_text_encoder,frozen_qwen25vl_3b_text,gqa_2400016,0.25,478,
676,1024,frontier_text_encoder,frozen_qwen25vl_3b_text,gqa_2400016,0.0,676,
676,2048,frontier_text_encoder,frozen_qwen25vl_3b_text,gqa_2400016,0.0,676,
1730,4096,frontier_text_encoder,frozen_qwen25vl_3b_text,gqa_2400016,0.25,1730,
3385,8192,frontier_text_encoder,frozen_qwen25vl_3b_text,gqa_2400016,0.0,3385,
212,256,frontier_text_encoder,frozen_qwen25vl_3b_text,gqa_2401622,0.0,212,
445,512,frontier_text_encoder,frozen_qwen25vl_3b_text,gqa_2401622,0.5,445,
760,1024,frontier_text_encoder,frozen_qwen25vl_3b_text,gqa_2401622,0.5,760,
760,2048,frontier_text_encoder,frozen_qwen25vl_3b_text,gqa_2401622,0.5,760,
952,4096,frontier_text_encoder,frozen_qwen25vl_3b_text,gqa_2401622,0.0,952,
1268,8192,frontier_text_encoder,frozen_qwen25vl_3b_text,gqa_2401622,0.0,1268,
215,256,frontier_text_encoder,frozen_qwen25vl_3b_text,gqa_2401908,0.25,215,
445,512,frontier_text_encoder,frozen_qwen25vl_3b_text,gqa_2401908,0.25,445,
836,1024,frontier_text_encoder,frozen_qwen25vl_3b_text,gqa_2401908,0.25,836,
836,2048,frontier_text_encoder,frozen_qwen25vl_3b_text,gqa_2401908,0.25,836,
1498,4096,frontier_text_encoder,frozen_qwen25vl_3b_text,gqa_2401908,0.5,1498,
1087,8192,frontier_text_encoder,frozen_qwen25vl_3b_text,gqa_2401908,0.5,1087,
220,256,frontier_text_encoder,frozen_qwen25vl_3b_text,gqa_2402947,0.0,220,
458,512,frontier_text_encoder,frozen_qwen25vl_3b_text,gqa_2402947,0.0,458,
807,1024,frontier_text_encoder,frozen_qwen25vl_3b_text,gqa_2402947,0.0,807,
807,2048,frontier_text_encoder,frozen_qwen25vl_3b_text,gqa_2402947,0.0,807,
1517,4096,frontier_text_encoder,frozen_qwen25vl_3b_text,gqa_2402947,0.0,1517,
3528,8192,frontier_text_encoder,frozen_qwen25vl_3b_text,gqa_2402947,0.0,3528,
218,256,frontier_text_encoder,frozen_qwen25vl_3b_text,gqa_2403595,0.0,218,
502,512,frontier_text_encoder,frozen_qwen25vl_3b_text,gqa_2403595,0.0,502,
546,1024,frontier_text_encoder,frozen_qwen25vl_3b_text,gqa_2403595,0.0,546,
546,2048,frontier_text_encoder,frozen_qwen25vl_3b_text,gqa_2403595,0.0,546,
1597,4096,frontier_text_encoder,frozen_qwen25vl_3b_text,gqa_2403595,0.0,1597,
3443,8192,frontier_text_encoder,frozen_qwen25vl_3b_text,gqa_2403595,0.25,3443,
209,256,frontier_text_encoder,frozen_qwen25vl_3b_text,gqa_2404130,0.25,209,
494,512,frontier_text_encoder,frozen_qwen25vl_3b_text,gqa_2404130,0.5,494,
643,1024,frontier_text_encoder,frozen_qwen25vl_3b_text,gqa_2404130,0.25,643,
643,2048,frontier_text_encoder,frozen_qwen25vl_3b_text,gqa_2404130,0.25,643,
1589,4096,frontier_text_encoder,frozen_qwen25vl_3b_text,gqa_2404130,0.5,1589,
1822,8192,frontier_text_encoder,frozen_qwen25vl_3b_text,gqa_2404130,0.5,1822,
227,256,frontier_text_encoder,frozen_qwen25vl_3b_text,gqa_2405174,0.0,227,
442,512,frontier_text_encoder,frozen_qwen25vl_3b_text,gqa_2405174,0.0,442,
778,1024,frontier_text_encoder,frozen_qwen25vl_3b_text,gqa_2405174,0.0,778,
778,2048,frontier_text_encoder,frozen_qwen25vl_3b_text,gqa_2405174,0.0,778,
1713,4096,frontier_text_encoder,frozen_qwen25vl_3b_text,gqa_2405174,0.0,1713,
1902,8192,frontier_text_encoder,frozen_qwen25vl_3b_text,gqa_2405174,0.25,1902,
227,256,frontier_text_encoder,frozen_qwen25vl_3b_text,gqa_2408048,0.0,227,
456,512,frontier_text_encoder,frozen_qwen25vl_3b_text,gqa_2408048,0.0,456,
657,1024,frontier_text_encoder,frozen_qwen25vl_3b_text,gqa_2408048,0.0,657,
657,2048,frontier_text_encoder,frozen_qwen25vl_3b_text,gqa_2408048,0.0,657,
1591,4096,frontier_text_encoder,frozen_qwen25vl_3b_text,gqa_2408048,0.0,1591,
3737,8192,frontier_text_encoder,frozen_qwen25vl_3b_text,gqa_2408048,0.0,3737,
188,256,frontier_text_encoder,frozen_qwen25vl_3b_text,gqa_2409068,0.25,188,
507,512,frontier_text_encoder,frozen_qwen25vl_3b_text,gqa_2409068,0.0,507,
771,1024,frontier_text_encoder,frozen_qwen25vl_3b_text,gqa_2409068,0.0,771,
771,2048,frontier_text_encoder,frozen_qwen25vl_3b_text,gqa_2409068,0.0,771,
625,4096,frontier_text_encoder,frozen_qwen25vl_3b_text,gqa_2409068,0.25,625,
3436,8192,frontier_text_encoder,frozen_qwen25vl_3b_text,gqa_2409068,0.5,3436,
243,256,frontier_text_encoder,frozen_qwen25vl_3b_text,gqa_2409472,0.25,243,
466,512,frontier_text_encoder,frozen_qwen25vl_3b_text,gqa_2409472,0.0,466,
706,1024,frontier_text_encoder,frozen_qwen25vl_3b_text,gqa_2409472,0.0,706,
706,2048,frontier_text_encoder,frozen_qwen25vl_3b_text,gqa_2409472,0.0,706,
1681,4096,frontier_text_encoder,frozen_qwen25vl_3b_text,gqa_2409472,0.0,1681,
2751,8192,frontier_text_encoder,frozen_qwen25vl_3b_text,gqa_2409472,0.0,2751,
213,256,frontier_text_encoder,frozen_qwen25vl_3b_text,gqa_2410472,0.0,213,
474,512,frontier_text_encoder,frozen_qwen25vl_3b_text,gqa_2410472,0.0,474,
798,1024,frontier_text_encoder,frozen_qwen25vl_3b_text,gqa_2410472,0.0,798,
798,2048,frontier_text_encoder,frozen_qwen25vl_3b_text,gqa_2410472,0.0,798,
850,4096,frontier_text_encoder,frozen_qwen25vl_3b_text,gqa_2410472,0.0,850,
755,8192,frontier_text_encoder,frozen_qwen25vl_3b_text,gqa_2410472,0.0,755,
211,256,frontier_text_encoder,frozen_qwen25vl_3b_text,gqa_2411812,0.0,211,
493,512,frontier_text_encoder,frozen_qwen25vl_3b_text,gqa_2411812,0.25,493,
731,1024,frontier_text_encoder,frozen_qwen25vl_3b_text,gqa_2411812,0.25,731,
731,2048,frontier_text_encoder,frozen_qwen25vl_3b_text,gqa_2411812,0.25,731,
1838,4096,frontier_text_encoder,frozen_qwen25vl_3b_text,gqa_2411812,0.0,1838,
3553,8192,frontier_text_encoder,frozen_qwen25vl_3b_text,gqa_2411812,0.0,3553,
215,256,frontier_text_encoder,frozen_qwen25vl_3b_text,gqa_2412131,0.25,215,
512,512,frontier_text_encoder,frozen_qwen25vl_3b_text,gqa_2412131,0.25,512,
689,1024,frontier_text_encoder,frozen_qwen25vl_3b_text,gqa_2412131,0.25,689,
689,2048,frontier_text_encoder,frozen_qwen25vl_3b_text,gqa_2412131,0.25,689,
1667,4096,frontier_text_encoder,frozen_qwen25vl_3b_text,gqa_2412131,0.25,1667,
1954,8192,frontier_text_encoder,frozen_qwen25vl_3b_text,gqa_2412131,0.25,1954,
235,256,frontier_text_encoder,frozen_qwen25vl_3b_text,gqa_2412204,0.0,235,
490,512,frontier_text_encoder,frozen_qwen25vl_3b_text,gqa_2412204,0.0,490,
729,1024,frontier_text_encoder,frozen_qwen25vl_3b_text,gqa_2412204,0.0,729,
729,2048,frontier_text_encoder,frozen_qwen25vl_3b_text,gqa_2412204,0.0,729,
1679,4096,frontier_text_encoder,frozen_qwen25vl_3b_text,gqa_2412204,0.0,1679,
3197,8192,frontier_text_encoder,frozen_qwen25vl_3b_text,gqa_2412204,0.0,3197,
252,256,frontier_text_encoder,frozen_qwen25vl_3b_text,gqa_2412554,0.0,252,
497,512,frontier_text_encoder,frozen_qwen25vl_3b_text,gqa_2412554,0.25,497,
807,1024,frontier_text_encoder,frozen_qwen25vl_3b_text,gqa_2412554,0.0,807,
807,2048,frontier_text_encoder,frozen_qwen25vl_3b_text,gqa_2412554,0.0,807,
1711,4096,frontier_text_encoder,frozen_qwen25vl_3b_text,gqa_2412554,0.0,1711,
1499,8192,frontier_text_encoder,frozen_qwen25vl_3b_text,gqa_2412554,0.0,1499,
234,256,frontier_text_encoder,frozen_qwen25vl_3b_text,gqa_2412648,0.25,234,
511,512,frontier_text_encoder,frozen_qwen25vl_3b_text,gqa_2412648,0.25,511,
823,1024,frontier_text_encoder,frozen_qwen25vl_3b_text,gqa_2412648,0.25,823,
823,2048,frontier_text_encoder,frozen_qwen25vl_3b_text,gqa_2412648,0.25,823,
857,4096,frontier_text_encoder,frozen_qwen25vl_3b_text,gqa_2412648,0.0,857,
979,8192,frontier_text_encoder,frozen_qwen25vl_3b_text,gqa_2412648,0.0,979,
109,256,frontier_text_encoder,frozen_qwen25vl_3b_text,gqa_2413428,0.25,109,
109,512,frontier_text_encoder,frozen_qwen25vl_3b_text,gqa_2413428,0.25,109,
109,1024,frontier_text_encoder,frozen_qwen25vl_3b_text,gqa_2413428,0.25,109,
109,2048,frontier_text_encoder,frozen_qwen25vl_3b_text,gqa_2413428,0.25,109,
1632,4096,frontier_text_encoder,frozen_qwen25vl_3b_text,gqa_2413428,0.25,1632,
1057,8192,frontier_text_encoder,frozen_qwen25vl_3b_text,gqa_2413428,0.0,1057,
242,256,frontier_text_encoder,frozen_qwen25vl_3b_text,gqa_2413503,0.25,242,
460,512,frontier_text_encoder,frozen_qwen25vl_3b_text,gqa_2413503,0.0,460,
816,1024,frontier_text_encoder,frozen_qwen25vl_3b_text,gqa_2413503,0.0,816,
816,2048,frontier_text_encoder,frozen_qwen25vl_3b_text,gqa_2413503,0.0,816,
1676,4096,frontier_text_encoder,frozen_qwen25vl_3b_text,gqa_2413503,0.0,1676,
3303,8192,frontier_text_encoder,frozen_qwen25vl_3b_text,gqa_2413503,0.0,3303,
223,256,frontier_text_encoder,frozen_qwen25vl_3b_text,gqa_2414149,0.5,223,
444,512,frontier_text_encoder,frozen_qwen25vl_3b_text,gqa_2414149,0.5,444,
695,1024,frontier_text_encoder,frozen_qwen25vl_3b_text,gqa_2414149,0.5,695,
695,2048,frontier_text_encoder,frozen_qwen25vl_3b_text,gqa_2414149,0.5,695,
1396,4096,frontier_text_encoder,frozen_qwen25vl_3b_text,gqa_2414149,0.5,1396,
3462,8192,frontier_text_encoder,frozen_qwen25vl_3b_text,gqa_2414149,0.5,3462,
228,256,frontier_text_encoder,frozen_qwen25vl_3b_text,gqa_2415921,0.25,228,
451,512,frontier_text_encoder,frozen_qwen25vl_3b_text,gqa_2415921,0.5,451,
514,1024,frontier_text_encoder,frozen_qwen25vl_3b_text,gqa_2415921,0.5,514,
514,2048,frontier_text_encoder,frozen_qwen25vl_3b_text,gqa_2415921,0.5,514,
1114,4096,frontier_text_encoder,frozen_qwen25vl_3b_text,gqa_2415921,0.25,1114,
3505,8192,frontier_text_encoder,frozen_qwen25vl_3b_text,gqa_2415921,0.25,3505,
181,256,frontier_text_encoder,frozen_qwen25vl_3b_text,gqa_2416484,0.25,181,
449,512,frontier_text_encoder,frozen_qwen25vl_3b_text,gqa_2416484,0.25,449,
829,1024,frontier_text_encoder,frozen_qwen25vl_3b_text,gqa_2416484,0.25,829,
829,2048,frontier_text_encoder,frozen_qwen25vl_3b_text,gqa_2416484,0.25,829,
1696,4096,frontier_text_encoder,frozen_qwen25vl_3b_text,gqa_2416484,0.25,1696,
764,8192,frontier_text_encoder,frozen_qwen25vl_3b_text,gqa_2416484,0.5,764,
194,256,frontier_text_encoder,frozen_qwen25vl_3b_text,gqa_2416524,0.5,194,
500,512,frontier_text_encoder,frozen_qwen25vl_3b_text,gqa_2416524,0.5,500,
748,1024,frontier_text_encoder,frozen_qwen25vl_3b_text,gqa_2416524,0.75,748,
748,2048,frontier_text_encoder,frozen_qwen25vl_3b_text,gqa_2416524,0.75,748,
1102,4096,frontier_text_encoder,frozen_qwen25vl_3b_text,gqa_2416524,0.5,1102,
3494,8192,frontier_text_encoder,frozen_qwen25vl_3b_text,gqa_2416524,0.5,3494,
207,256,frontier_text_encoder,frozen_qwen25vl_3b_text,gqa_2861,0.5,207,
456,512,frontier_text_encoder,frozen_qwen25vl_3b_text,gqa_2861,0.0,456,
791,1024,frontier_text_encoder,frozen_qwen25vl_3b_text,gqa_2861,0.0,791,
791,2048,frontier_text_encoder,frozen_qwen25vl_3b_text,gqa_2861,0.0,791,
1842,4096,frontier_text_encoder,frozen_qwen25vl_3b_text,gqa_2861,0.0,1842,
3721,8192,frontier_text_encoder,frozen_qwen25vl_3b_text,gqa_2861,0.0,3721,
242,256,frontier_text_encoder,qwen25vl_7b_text,gqa_150292,0.0,242,e729661cd1d28c007ff089e24aff93d7e2c277fee9601ae18aff07d3ade0996a
404,512,frontier_text_encoder,qwen25vl_7b_text,gqa_150292,0.25,404,bcf90601d581647c8238fd8830ecd7ae7171ea7cd2049f26b214d63836c23f1b
404,1024,frontier_text_encoder,qwen25vl_7b_text,gqa_150292,0.25,404,bcf90601d581647c8238fd8830ecd7ae7171ea7cd2049f26b214d63836c23f1b
404,2048,frontier_text_encoder,qwen25vl_7b_text,gqa_150292,0.25,404,bcf90601d581647c8238fd8830ecd7ae7171ea7cd2049f26b214d63836c23f1b
668,4096,frontier_text_encoder,qwen25vl_7b_text,gqa_150292,0.25,668,84976609376e951b5f0da5c128dab4fc430ab93a9dd1772dacadfa4873078807
2249,8192,frontier_text_encoder,qwen25vl_7b_text,gqa_150292,0.0,2249,db322d84d54afcf16a821d2ecb5af943b2292744699fde627cda3b4b31f5d040
231,256,frontier_text_encoder,qwen25vl_7b_text,gqa_150295,0.25,231,1b6d548e6cabc1217b3ec514f9b3e9fbec7759879db33d3dd8f00bc972d2ce8b
356,512,frontier_text_encoder,qwen25vl_7b_text,gqa_150295,0.25,356,ef188112379c1228d5a796efeb3d335d59760e0077811c4b27b1a3c4da35d11e
356,1024,frontier_text_encoder,qwen25vl_7b_text,gqa_150295,0.25,356,ef188112379c1228d5a796efeb3d335d59760e0077811c4b27b1a3c4da35d11e
356,2048,frontier_text_encoder,qwen25vl_7b_text,gqa_150295,0.25,356,ef188112379c1228d5a796efeb3d335d59760e0077811c4b27b1a3c4da35d11e
890,4096,frontier_text_encoder,qwen25vl_7b_text,gqa_150295,0.25,890,da237fd6539cac14d7899480748ac91a410d6b1165fbe6a9ca5e8488c94c258d
1319,8192,frontier_text_encoder,qwen25vl_7b_text,gqa_150295,0.0,1319,b4569ebf132cabcf27ea533b6418540b5fb10ad28152b619b47ddef823d72a0a
234,256,frontier_text_encoder,qwen25vl_7b_text,gqa_1592103,0.25,234,4f8fd49b6ea73fbc52159fa621e676399225b9ba65a712a12868c357d276e5be
450,512,frontier_text_encoder,qwen25vl_7b_text,gqa_1592103,0.5,450,bfdf7104df65b040e29b688ffe765a4898e21633831bfa056ef24079fa0862ad
450,1024,frontier_text_encoder,qwen25vl_7b_text,gqa_1592103,0.5,450,bfdf7104df65b040e29b688ffe765a4898e21633831bfa056ef24079fa0862ad
450,2048,frontier_text_encoder,qwen25vl_7b_text,gqa_1592103,0.5,450,bfdf7104df65b040e29b688ffe765a4898e21633831bfa056ef24079fa0862ad
665,4096,frontier_text_encoder,qwen25vl_7b_text,gqa_1592103,0.0,665,2c9ffb7ae437dd9458bbd10bd93dab441c834ab2909bb02ebf233227022beb6b
1693,8192,frontier_text_encoder,qwen25vl_7b_text,gqa_1592103,0.0,1693,ff928fb53dcb792aefd8800a89b0cf1dc9e7e3f99bade5ac025e33aaf985f445
235,256,frontier_text_encoder,qwen25vl_7b_text,gqa_1593007,0.25,235,6de8ba9b32f26f145c1cd02f1f9664510e085c33e29c150965ff8a5d9812cfa6
458,512,frontier_text_encoder,qwen25vl_7b_text,gqa_1593007,0.25,458,adf188820687b4adec35c776759c1e1d4141d5c1df824a7594e823d83886b2c4
458,1024,frontier_text_encoder,qwen25vl_7b_text,gqa_1593007,0.25,458,adf188820687b4adec35c776759c1e1d4141d5c1df824a7594e823d83886b2c4
458,2048,frontier_text_encoder,qwen25vl_7b_text,gqa_1593007,0.25,458,adf188820687b4adec35c776759c1e1d4141d5c1df824a7594e823d83886b2c4
1339,4096,frontier_text_encoder,qwen25vl_7b_text,gqa_1593007,0.5,1339,389924cf5096376982131ff4e159bcbf5dec0bee70780d7017a4a7215e06c1aa
1162,8192,frontier_text_encoder,qwen25vl_7b_text,gqa_1593007,0.5,1162,bd9e46d21a2afc6002822b1975cc6e7785b8ebd66b67985b19492add2d08cda3
241,256,frontier_text_encoder,qwen25vl_7b_text,gqa_2315569,0.25,241,585b71827db98323c34c2cb6fe118c7a56a511e4bae4e947970aa9612c986fe8
426,512,frontier_text_encoder,qwen25vl_7b_text,gqa_2315569,0.25,426,554cd95a361b150ec0ed3613f39e4594b9f461405fa1d39db5a97e488febd0be
426,1024,frontier_text_encoder,qwen25vl_7b_text,gqa_2315569,0.25,426,554cd95a361b150ec0ed3613f39e4594b9f461405fa1d39db5a97e488febd0be
426,2048,frontier_text_encoder,qwen25vl_7b_text,gqa_2315569,0.25,426,554cd95a361b150ec0ed3613f39e4594b9f461405fa1d39db5a97e488febd0be
778,4096,frontier_text_encoder,qwen25vl_7b_text,gqa_2315569,0.0,778,6e0a81c1e649d24f79b2f55db03ea94660a10e1b875208304b8944f22e9ee891
2893,8192,frontier_text_encoder,qwen25vl_7b_text,gqa_2315569,0.25,2893,19ff766dca91c952869b82cb9a8698aaa5c71d6a8b97be7f7a7d0a7ae1cb64c3
223,256,frontier_text_encoder,qwen25vl_7b_text,gqa_2317060,0.25,223,5cfce559b7a864d2a439187bccffd22a8e2be361a7febe7dd8ea3242ac531d99
414,512,frontier_text_encoder,qwen25vl_7b_text,gqa_2317060,0.5,414,b4f465580c1ecf88265cbbc6c1c3ea4663654cb928a36eb729fe02e04409199c
414,1024,frontier_text_encoder,qwen25vl_7b_text,gqa_2317060,0.5,414,b4f465580c1ecf88265cbbc6c1c3ea4663654cb928a36eb729fe02e04409199c
414,2048,frontier_text_encoder,qwen25vl_7b_text,gqa_2317060,0.5,414,b4f465580c1ecf88265cbbc6c1c3ea4663654cb928a36eb729fe02e04409199c
1098,4096,frontier_text_encoder,qwen25vl_7b_text,gqa_2317060,0.25,1098,edfa6b4bcbc493884b878e9ddfc80fefd914dff1afa3e1598d33a40ae32d1745
465,8192,frontier_text_encoder,qwen25vl_7b_text,gqa_2317060,0.5,465,4563643c6046075fc233ab55ff1f02b00d152407197216a9a203f4990cbe9c93
249,256,frontier_text_encoder,qwen25vl_7b_text,gqa_2317411,0.25,249,263effb9dd44e091a006dffee5ad6d68952297504a1b086a2a30cde6085fe406
386,512,frontier_text_encoder,qwen25vl_7b_text,gqa_2317411,0.25,386,79c8ad0aaac348059fe8b80e9fe3e504558ca4a4976aebb63098788f6d6eb14a
386,1024,frontier_text_encoder,qwen25vl_7b_text,gqa_2317411,0.25,386,79c8ad0aaac348059fe8b80e9fe3e504558ca4a4976aebb63098788f6d6eb14a
386,2048,frontier_text_encoder,qwen25vl_7b_text,gqa_2317411,0.25,386,79c8ad0aaac348059fe8b80e9fe3e504558ca4a4976aebb63098788f6d6eb14a
823,4096,frontier_text_encoder,qwen25vl_7b_text,gqa_2317411,0.25,823,09d08cfe1d75976ad35f0ab5ce16c08832f714ad38e2fffd94d359bf045b2711
2489,8192,frontier_text_encoder,qwen25vl_7b_text,gqa_2317411,0.5,2489,67acb05d731e2b664551f5871e13d6d81a5a251a030dba3dc549d490227bf411
212,256,frontier_text_encoder,qwen25vl_7b_text,gqa_2317542,0.5,212,3ccdfd796a5211dae55ff59ce8197c5e4b9210dc1239e3cd71070ac529ab803a
418,512,frontier_text_encoder,qwen25vl_7b_text,gqa_2317542,0.5,418,40d74d40c2d0b3fb516cdf0025e82d19dba5b9e5064317bc78db6ad599b57055
418,1024,frontier_text_encoder,qwen25vl_7b_text,gqa_2317542,0.5,418,40d74d40c2d0b3fb516cdf0025e82d19dba5b9e5064317bc78db6ad599b57055
418,2048,frontier_text_encoder,qwen25vl_7b_text,gqa_2317542,0.5,418,40d74d40c2d0b3fb516cdf0025e82d19dba5b9e5064317bc78db6ad599b57055
763,4096,frontier_text_encoder,qwen25vl_7b_text,gqa_2317542,0.5,763,6d77d963b600ee52882518709f443f3cd4999dcc915be48590482faa1ee2275e
2373,8192,frontier_text_encoder,qwen25vl_7b_text,gqa_2317542,0.5,2373,a93cefcf92a08ab87daae37c23a5152bdebd73e66a672f463ad0da049644bafb
205,256,frontier_text_encoder,qwen25vl_7b_text,gqa_2318349,0.0,205,986faaa32d07076dd7b2434878b6d247f15c1be08ff549ae1956ac3fbfdf32bc
424,512,frontier_text_encoder,qwen25vl_7b_text,gqa_2318349,0.0,424,290d88ee04c43f54ee30a2a7f3539cc23299dd099f874f90bd6e94a36237b2f0
424,1024,frontier_text_encoder,qwen25vl_7b_text,gqa_2318349,0.0,424,290d88ee04c43f54ee30a2a7f3539cc23299dd099f874f90bd6e94a36237b2f0
424,2048,frontier_text_encoder,qwen25vl_7b_text,gqa_2318349,0.0,424,290d88ee04c43f54ee30a2a7f3539cc23299dd099f874f90bd6e94a36237b2f0
1288,4096,frontier_text_encoder,qwen25vl_7b_text,gqa_2318349,0.5,1288,da888b7bde86c6180f655de12ddb6752443fb12115ad03fd910ced31ea0ee9ff
1821,8192,frontier_text_encoder,qwen25vl_7b_text,gqa_2318349,0.25,1821,80dbb9c7f550508683e4d6c968986e1136d2a5d6ef9d6a8271b0b09ec7fe4d72
217,256,frontier_text_encoder,qwen25vl_7b_text,gqa_2319715,0.0,217,7872ebf62cdeaabc567b55b50e5b6c86a11a566163757cf16df1ee5cc88564e8
472,512,frontier_text_encoder,qwen25vl_7b_text,gqa_2319715,0.0,472,14986ea5eab3a0481c26f79467d251972d48dd70b2adaf9e5e4b818352da2414
515,1024,frontier_text_encoder,qwen25vl_7b_text,gqa_2319715,0.0,515,082f81cfd088d7ee88fdd47ee1fe74f188b71c3e57663f5beb7ae2390971525a
515,2048,frontier_text_encoder,qwen25vl_7b_text,gqa_2319715,0.0,515,082f81cfd088d7ee88fdd47ee1fe74f188b71c3e57663f5beb7ae2390971525a
1029,4096,frontier_text_encoder,qwen25vl_7b_text,gqa_2319715,0.0,1029,597e63c23c34e2a1f8dedce3de3b94b49d0f26b4547e57086e1aaa0ee8c90b19
2586,8192,frontier_text_encoder,qwen25vl_7b_text,gqa_2319715,0.25,2586,5096e13a5e440095102424c0d7e140551c67d79e48aea07838cdcc03169a240b
246,256,frontier_text_encoder,qwen25vl_7b_text,gqa_2319755,0.0,246,1130c48866cc6e8aced113378d621ad616c96da28feb4ee72a469a6281c0da9c
460,512,frontier_text_encoder,qwen25vl_7b_text,gqa_2319755,0.0,460,850de789deef60011bebc27079b6069e323b0fd0c7a437f0d55d7d8f246f3815
521,1024,frontier_text_encoder,qwen25vl_7b_text,gqa_2319755,0.0,521,d1dddf0959c742cb3cef3f304b37db1ef0d23dd2faf5a4f3c467c84110fdbdfd
521,2048,frontier_text_encoder,qwen25vl_7b_text,gqa_2319755,0.0,521,d1dddf0959c742cb3cef3f304b37db1ef0d23dd2faf5a4f3c467c84110fdbdfd
937,4096,frontier_text_encoder,qwen25vl_7b_text,gqa_2319755,0.25,937,717959a65393de5e864f9022d6363239da097ea5b71a573f42ed933e680272ac
1514,8192,frontier_text_encoder,qwen25vl_7b_text,gqa_2319755,0.25,1514,f13b815aa5b766c6db5ee1894fb0dae748ab16daedfb112cb69cbe2cec8e173c
247,256,frontier_text_encoder,qwen25vl_7b_text,gqa_2320864,0.25,247,2e80c356558489a842400dc61d85b2f21389ea6358ce6aee4fc5ae157a833981
412,512,frontier_text_encoder,qwen25vl_7b_text,gqa_2320864,0.25,412,a291035a26d1425a96de88de862a533cc8e046612e0d24db98dbb45764bc00ea
412,1024,frontier_text_encoder,qwen25vl_7b_text,gqa_2320864,0.25,412,a291035a26d1425a96de88de862a533cc8e046612e0d24db98dbb45764bc00ea
412,2048,frontier_text_encoder,qwen25vl_7b_text,gqa_2320864,0.25,412,a291035a26d1425a96de88de862a533cc8e046612e0d24db98dbb45764bc00ea
954,4096,frontier_text_encoder,qwen25vl_7b_text,gqa_2320864,0.25,954,412315729ebe7319d6d8601c756bb5a79a2cec682b20a741c7f519fdda17dd17
2083,8192,frontier_text_encoder,qwen25vl_7b_text,gqa_2320864,0.25,2083,8ca967e170e6d44bf1594b2ea59bdd91d9798cd7db329d9f06b254ccd5765911
226,256,frontier_text_encoder,qwen25vl_7b_text,gqa_2322244,0.0,226,4d782ecb174d862ddc0ea6cf336a0a14ae922d0e7de77b5e5488bd5736eb523f
425,512,frontier_text_encoder,qwen25vl_7b_text,gqa_2322244,0.0,425,8c2323976fe0a4b2362b73ea2019c707ff956bf1a7104b63ecb4045803bb6a9d
425,1024,frontier_text_encoder,qwen25vl_7b_text,gqa_2322244,0.0,425,8c2323976fe0a4b2362b73ea2019c707ff956bf1a7104b63ecb4045803bb6a9d
425,2048,frontier_text_encoder,qwen25vl_7b_text,gqa_2322244,0.0,425,8c2323976fe0a4b2362b73ea2019c707ff956bf1a7104b63ecb4045803bb6a9d
1136,4096,frontier_text_encoder,qwen25vl_7b_text,gqa_2322244,0.0,1136,3f8114f00daf87b574fee0aaf3ca169e04ee31a557608ed13a62798b86891c74
1714,8192,frontier_text_encoder,qwen25vl_7b_text,gqa_2322244,0.0,1714,21a148b0b60c9f0c64582f8a7e04cae680ed63cfceacaa4d249d57e730bc9ed6
254,256,frontier_text_encoder,qwen25vl_7b_text,gqa_2324119,0.25,254,6ffa96d0c855328e98512caf0a683f188a137bd5e4d43031e38c23a948f91ed1
431,512,frontier_text_encoder,qwen25vl_7b_text,gqa_2324119,0.5,431,df3ed72367d36e63493dde23d51020c362545e90aa0d26e28b883b409d1d15a7
431,1024,frontier_text_encoder,qwen25vl_7b_text,gqa_2324119,0.5,431,df3ed72367d36e63493dde23d51020c362545e90aa0d26e28b883b409d1d15a7
431,2048,frontier_text_encoder,qwen25vl_7b_text,gqa_2324119,0.5,431,df3ed72367d36e63493dde23d51020c362545e90aa0d26e28b883b409d1d15a7
1096,4096,frontier_text_encoder,qwen25vl_7b_text,gqa_2324119,0.25,1096,df4395beca70c0f9b2b1b85fd2986212774e85b0573db1fe3c37ed10d4d8a3ee
1565,8192,frontier_text_encoder,qwen25vl_7b_text,gqa_2324119,0.25,1565,a5f1b2c585d4bfdb3a1649f742bf7e2f4f06d579b866b096e966565f6f685872
256,256,frontier_text_encoder,qwen25vl_7b_text,gqa_2324466,0.25,256,b60318ee5af325410029ca50425d1c4dfff7d518d97f7fd61329e1402d2dd4e5
417,512,frontier_text_encoder,qwen25vl_7b_text,gqa_2324466,0.25,417,38dd48ab4f6d0d704ea11b1251659a046d3f055791bdfe43bce4a571af8b6766
417,1024,frontier_text_encoder,qwen25vl_7b_text,gqa_2324466,0.25,417,38dd48ab4f6d0d704ea11b1251659a046d3f055791bdfe43bce4a571af8b6766
417,2048,frontier_text_encoder,qwen25vl_7b_text,gqa_2324466,0.25,417,38dd48ab4f6d0d704ea11b1251659a046d3f055791bdfe43bce4a571af8b6766
782,4096,frontier_text_encoder,qwen25vl_7b_text,gqa_2324466,0.25,782,60cc94fbd8bbcebc8437302cae25ea5abba7a53e6f203c6c57b9b860e2162531
3010,8192,frontier_text_encoder,qwen25vl_7b_text,gqa_2324466,0.25,3010,b710a9c99d137d4e38de5bb3679ca64ff598a2215731b32c81099eed3480a727
246,256,frontier_text_encoder,qwen25vl_7b_text,gqa_2326899,0.0,246,44859fdb6669a4793acfecd6d584cb7e0d29eafb23a9d15b749b90971a86398c
271,512,frontier_text_encoder,qwen25vl_7b_text,gqa_2326899,0.0,271,484455d0addee486d035994eaeb0f4201970567468421031d60145ae57b2c43b
271,1024,frontier_text_encoder,qwen25vl_7b_text,gqa_2326899,0.0,271,484455d0addee486d035994eaeb0f4201970567468421031d60145ae57b2c43b
271,2048,frontier_text_encoder,qwen25vl_7b_text,gqa_2326899,0.0,271,484455d0addee486d035994eaeb0f4201970567468421031d60145ae57b2c43b
1001,4096,frontier_text_encoder,qwen25vl_7b_text,gqa_2326899,0.0,1001,4bf5c530057cef652a9b733acb4df6548f58f12de04b6102f6df26022568c768
3074,8192,frontier_text_encoder,qwen25vl_7b_text,gqa_2326899,0.0,3074,8c39f55d2e378790437f79743fc067d1082227de949e3c3f5ac0c4183ea19768
232,256,frontier_text_encoder,qwen25vl_7b_text,gqa_2328273,0.0,232,69dc5706df07b68c8154a8418639afb7a24badb5b9b84ef6a06ae0f92be8ff39
421,512,frontier_text_encoder,qwen25vl_7b_text,gqa_2328273,0.0,421,2f8a96f9cb888174a53c2d4f9c2f06b447675fb8a8d646b47b2eb9d7fbbaa20c
421,1024,frontier_text_encoder,qwen25vl_7b_text,gqa_2328273,0.0,421,2f8a96f9cb888174a53c2d4f9c2f06b447675fb8a8d646b47b2eb9d7fbbaa20c
421,2048,frontier_text_encoder,qwen25vl_7b_text,gqa_2328273,0.0,421,2f8a96f9cb888174a53c2d4f9c2f06b447675fb8a8d646b47b2eb9d7fbbaa20c
1264,4096,frontier_text_encoder,qwen25vl_7b_text,gqa_2328273,0.0,1264,c39381b9a31e373a8c3c75ed21821316a80ace1972875d88aea554a1041bd802
2147,8192,frontier_text_encoder,qwen25vl_7b_text,gqa_2328273,0.0,2147,3a2b0596be29fffc4f88b1ffbb1a0053f41ca1b73f2a4a68c8f36bb3cbe7db9c
229,256,frontier_text_encoder,qwen25vl_7b_text,gqa_2328825,0.5,229,132e2c90c85ff1211e97436a9a4da2654875f190278c70056be56824163fd578
502,512,frontier_text_encoder,qwen25vl_7b_text,gqa_2328825,0.5,502,0fdff2844c093026c7ef4d84d8c89524742f5ea21b056a0430562a6cf2a4a8ca
502,1024,frontier_text_encoder,qwen25vl_7b_text,gqa_2328825,0.5,502,0fdff2844c093026c7ef4d84d8c89524742f5ea21b056a0430562a6cf2a4a8ca
502,2048,frontier_text_encoder,qwen25vl_7b_text,gqa_2328825,0.5,502,0fdff2844c093026c7ef4d84d8c89524742f5ea21b056a0430562a6cf2a4a8ca
907,4096,frontier_text_encoder,qwen25vl_7b_text,gqa_2328825,0.5,907,92e3e19f8272ad174449cbecf0bbc33453d1475e0bbfb6f0e4146271fa3ac042
1270,8192,frontier_text_encoder,qwen25vl_7b_text,gqa_2328825,0.5,1270,b12f0cc7c509768a8e047d065a49c4e7ae0a5b3a87c60c732da2f81696d93102
233,256,frontier_text_encoder,qwen25vl_7b_text,gqa_2330972,0.5,233,7ef5ca69c7cb4dbe41299e1f8374d3aa08684fdefe4ec4ec773222e1f31c0ad1
438,512,frontier_text_encoder,qwen25vl_7b_text,gqa_2330972,0.5,438,7d5b03a9e54d028a45e041a96589fd7090d167f7541582fb052bfba2afcf439c
438,1024,frontier_text_encoder,qwen25vl_7b_text,gqa_2330972,0.5,438,7d5b03a9e54d028a45e041a96589fd7090d167f7541582fb052bfba2afcf439c
438,2048,frontier_text_encoder,qwen25vl_7b_text,gqa_2330972,0.5,438,7d5b03a9e54d028a45e041a96589fd7090d167f7541582fb052bfba2afcf439c
346,4096,frontier_text_encoder,qwen25vl_7b_text,gqa_2330972,0.5,346,2b91b93e30f5cf112b616477b05e143a612d296842e899b7f95c406c4b8fd821
382,8192,frontier_text_encoder,qwen25vl_7b_text,gqa_2330972,0.75,382,59def7367a514f35ab62fa6ab9bf4828ec99bec6918d177ae5633ae4cb701134
228,256,frontier_text_encoder,qwen25vl_7b_text,gqa_2331963,0.0,228,7bfb34aa09a9cd48ed120239cbb92f4f2c45f7e855e0283d0492abe376eb8793
470,512,frontier_text_encoder,qwen25vl_7b_text,gqa_2331963,0.0,470,903bb3e30163553fda3a7a1a0c6680f86d7bf50c9293591724995d8d769a67b8
470,1024,frontier_text_encoder,qwen25vl_7b_text,gqa_2331963,0.0,470,903bb3e30163553fda3a7a1a0c6680f86d7bf50c9293591724995d8d769a67b8
470,2048,frontier_text_encoder,qwen25vl_7b_text,gqa_2331963,0.0,470,903bb3e30163553fda3a7a1a0c6680f86d7bf50c9293591724995d8d769a67b8
967,4096,frontier_text_encoder,qwen25vl_7b_text,gqa_2331963,0.0,967,21aa36bf1a3c6a50d215513aafaf9d67db81433f99d201d26750570bf6108a02
762,8192,frontier_text_encoder,qwen25vl_7b_text,gqa_2331963,0.0,762,b90bd2c084bab2f3056b5922ddf2fa420aeaa85d4902841dd2abe3b5090dfe8a
237,256,frontier_text_encoder,qwen25vl_7b_text,gqa_2333677,0.5,237,f750e3da6a26601dedd0824abed8429bbb5d165169b979e3ab92ba27c102e4de
457,512,frontier_text_encoder,qwen25vl_7b_text,gqa_2333677,0.5,457,8a42396352a483393581459b5b238c3c6e2acf1fc358d4a5f2ea5b6d1b055bbb
457,1024,frontier_text_encoder,qwen25vl_7b_text,gqa_2333677,0.5,457,8a42396352a483393581459b5b238c3c6e2acf1fc358d4a5f2ea5b6d1b055bbb
457,2048,frontier_text_encoder,qwen25vl_7b_text,gqa_2333677,0.5,457,8a42396352a483393581459b5b238c3c6e2acf1fc358d4a5f2ea5b6d1b055bbb
1027,4096,frontier_text_encoder,qwen25vl_7b_text,gqa_2333677,0.0,1027,2b491fa83356f8f7bb422b478b27af3ad52ac41a66a2650b9b7a4f2ef3db2cc0
1920,8192,frontier_text_encoder,qwen25vl_7b_text,gqa_2333677,0.25,1920,99e6c174e2fde30faed8ea960337a64f01d733e97a28c588074f6fc61f91008c
250,256,frontier_text_encoder,qwen25vl_7b_text,gqa_2334914,0.25,250,6af1630fc554acca891afe298e9d6b093303124202b2b9204e68d79c732c695f
460,512,frontier_text_encoder,qwen25vl_7b_text,gqa_2334914,0.25,460,8805739f0ec46931a2ead0c1102bf8cf94bd6b3fe35efc56c90a5e865c9a1e2d
460,1024,frontier_text_encoder,qwen25vl_7b_text,gqa_2334914,0.25,460,8805739f0ec46931a2ead0c1102bf8cf94bd6b3fe35efc56c90a5e865c9a1e2d
460,2048,frontier_text_encoder,qwen25vl_7b_text,gqa_2334914,0.25,460,8805739f0ec46931a2ead0c1102bf8cf94bd6b3fe35efc56c90a5e865c9a1e2d
954,4096,frontier_text_encoder,qwen25vl_7b_text,gqa_2334914,0.25,954,971d59f23309cb5e414d09b4687b38eb6dc0ebb280b37770516f9122337f9cce
1442,8192,frontier_text_encoder,qwen25vl_7b_text,gqa_2334914,0.25,1442,a49e05df322f67d5d1a1f556335cefa8e53d5de50f39cf1bea98f71a984120fa
254,256,frontier_text_encoder,qwen25vl_7b_text,gqa_2334989,0.0,254,f9332cd0e84f3e053a38874685b84d4005f15fb98db7b370429cc63499e0ff78
321,512,frontier_text_encoder,qwen25vl_7b_text,gqa_2334989,0.25,321,ac8f9a485548ab0590ddcad9dd6dc08c6ab0f95fe53467810c5d55bc90a2e797
321,1024,frontier_text_encoder,qwen25vl_7b_text,gqa_2334989,0.25,321,ac8f9a485548ab0590ddcad9dd6dc08c6ab0f95fe53467810c5d55bc90a2e797
321,2048,frontier_text_encoder,qwen25vl_7b_text,gqa_2334989,0.25,321,ac8f9a485548ab0590ddcad9dd6dc08c6ab0f95fe53467810c5d55bc90a2e797
1421,4096,frontier_text_encoder,qwen25vl_7b_text,gqa_2334989,0.25,1421,c658879dadfa524acf91256e77a80d98e4e74d6e397d263cdd07c5ea17994b9a
2802,8192,frontier_text_encoder,qwen25vl_7b_text,gqa_2334989,0.0,2802,91c89f7c83af16ef30d5224bba0035d405673965306d4780db5796ef9eb0e951
248,256,frontier_text_encoder,qwen25vl_7b_text,gqa_2335384,0.25,248,b7914720eecacac6c715e85adb04b8646bc355bd989232deb276c893109ba8a6
365,512,frontier_text_encoder,qwen25vl_7b_text,gqa_2335384,0.25,365,4cee4e39f9d230c998455893bbc1e8dbdc5599e7dc5a0e33f2f40d9352607147
365,1024,frontier_text_encoder,qwen25vl_7b_text,gqa_2335384,0.25,365,4cee4e39f9d230c998455893bbc1e8dbdc5599e7dc5a0e33f2f40d9352607147
365,2048,frontier_text_encoder,qwen25vl_7b_text,gqa_2335384,0.25,365,4cee4e39f9d230c998455893bbc1e8dbdc5599e7dc5a0e33f2f40d9352607147
348,4096,frontier_text_encoder,qwen25vl_7b_text,gqa_2335384,0.25,348,6105a2c85f35d591537b1358768780d03cceef15918eab4cafdf7ec3eefe2ffb
584,8192,frontier_text_encoder,qwen25vl_7b_text,gqa_2335384,0.25,584,f26660aa728426a4cf29297a385da01434e17ee91eaa84d075be3865c651ca71
211,256,frontier_text_encoder,qwen25vl_7b_text,gqa_2339471,0.0,211,6e64322ad52eb123b8a4c50404e1d118708bb652c5f793d94ce0ff5510a71cd9
500,512,frontier_text_encoder,qwen25vl_7b_text,gqa_2339471,0.0,500,e17df15ae1836ca39a8c365122f86776dba5a68fb3bdd2bf7db36cc2e1a1f05c
500,1024,frontier_text_encoder,qwen25vl_7b_text,gqa_2339471,0.0,500,e17df15ae1836ca39a8c365122f86776dba5a68fb3bdd2bf7db36cc2e1a1f05c
500,2048,frontier_text_encoder,qwen25vl_7b_text,gqa_2339471,0.0,500,e17df15ae1836ca39a8c365122f86776dba5a68fb3bdd2bf7db36cc2e1a1f05c
1087,4096,frontier_text_encoder,qwen25vl_7b_text,gqa_2339471,0.25,1087,c487fbfa205726c6aae35dfed2b566ef4617f61751f20705889cf56e0f21169b
2056,8192,frontier_text_encoder,qwen25vl_7b_text,gqa_2339471,0.25,2056,081df0264a255be01ef6dfa96d235dcfce18f7f3d0550c744f02618681a34409
229,256,frontier_text_encoder,qwen25vl_7b_text,gqa_2341361,0.25,229,48f4b48cf22551d563d4e5435487ff76ef08f36fa961a710865552841890de34
465,512,frontier_text_encoder,qwen25vl_7b_text,gqa_2341361,0.0,465,f260e72f76a5267e68428d565b9d3ae956774a718acbfadc3389e3764f5a4b39
465,1024,frontier_text_encoder,qwen25vl_7b_text,gqa_2341361,0.0,465,f260e72f76a5267e68428d565b9d3ae956774a718acbfadc3389e3764f5a4b39
465,2048,frontier_text_encoder,qwen25vl_7b_text,gqa_2341361,0.0,465,f260e72f76a5267e68428d565b9d3ae956774a718acbfadc3389e3764f5a4b39
903,4096,frontier_text_encoder,qwen25vl_7b_text,gqa_2341361,0.25,903,537ba250fcf8cc1acac98875bdedbfb590254366f76312f6da6a48ddee3bd2ac
2919,8192,frontier_text_encoder,qwen25vl_7b_text,gqa_2341361,0.0,2919,6b1b5f15da119a05727c2200125a77fa780133937c62a308dad3da774f7f4424
248,256,frontier_text_encoder,qwen25vl_7b_text,gqa_2341476,0.5,248,97776ec411a713bd4bc7e8db162af7d2860ff811039e99d507d7b1d6870a5b15
381,512,frontier_text_encoder,qwen25vl_7b_text,gqa_2341476,0.75,381,e7b1d7612bd54f7706e56375f84ac31ac566f899c8f3c34f47025e428a6d933a
381,1024,frontier_text_encoder,qwen25vl_7b_text,gqa_2341476,0.75,381,e7b1d7612bd54f7706e56375f84ac31ac566f899c8f3c34f47025e428a6d933a
381,2048,frontier_text_encoder,qwen25vl_7b_text,gqa_2341476,0.75,381,e7b1d7612bd54f7706e56375f84ac31ac566f899c8f3c34f47025e428a6d933a
809,4096,frontier_text_encoder,qwen25vl_7b_text,gqa_2341476,0.75,809,78a76932ea943c921d860b26bf33e5224b6b23d7dd056aeeeeadb966e4f14604
1790,8192,frontier_text_encoder,qwen25vl_7b_text,gqa_2341476,0.25,1790,d89734da86bf150586301765cf2e63539172abbff736dccd742d18cbee767207
238,256,frontier_text_encoder,qwen25vl_7b_text,gqa_2341576,0.0,238,0cdb800f6789d53b7d6fdfa9173204f286391a5d6601ba8923f1db1a94733191
458,512,frontier_text_encoder,qwen25vl_7b_text,gqa_2341576,0.25,458,2bf0da813c6fba7cb3e880ec14752894f2a60ada249ba2da7c7aea89a4211c7e
585,1024,frontier_text_encoder,qwen25vl_7b_text,gqa_2341576,0.25,585,994243297d3c92fc64ef17b68b64ddd2f818caf23ff9e894168c7d1e52568817
585,2048,frontier_text_encoder,qwen25vl_7b_text,gqa_2341576,0.25,585,994243297d3c92fc64ef17b68b64ddd2f818caf23ff9e894168c7d1e52568817
1782,4096,frontier_text_encoder,qwen25vl_7b_text,gqa_2341576,0.25,1782,062578237ae4b4ef39595d2e76b0e4753745608ecacebd07730a1ea00f90b66b
3753,8192,frontier_text_encoder,qwen25vl_7b_text,gqa_2341576,0.25,3753,232d2c30683558ab2644e327dfddf925bf263d9915d220071d30d59e549458ca
233,256,frontier_text_encoder,qwen25vl_7b_text,gqa_2341611,0.5,233,8c4a9a47c2c6a30167c6b97a0a20bc977898d13d1bf0794fb559400efc4bbfae
339,512,frontier_text_encoder,qwen25vl_7b_text,gqa_2341611,0.5,339,aa40f20709e6188484bfbd55e4be6ab0ee84ffc70924582516ecc5ee73e0d21f
339,1024,frontier_text_encoder,qwen25vl_7b_text,gqa_2341611,0.5,339,aa40f20709e6188484bfbd55e4be6ab0ee84ffc70924582516ecc5ee73e0d21f
339,2048,frontier_text_encoder,qwen25vl_7b_text,gqa_2341611,0.5,339,aa40f20709e6188484bfbd55e4be6ab0ee84ffc70924582516ecc5ee73e0d21f
833,4096,frontier_text_encoder,qwen25vl_7b_text,gqa_2341611,0.5,833,84646390b5da16cc4b4266b8b4620a1cc8b3a025daa4eb8660143b2c9faca76b
1906,8192,frontier_text_encoder,qwen25vl_7b_text,gqa_2341611,0.5,1906,8b573f5d06487fabee17a25bf522a0c55366faaf6011aec9a5171267f932424a
232,256,frontier_text_encoder,qwen25vl_7b_text,gqa_2341637,0.25,232,8048863d3c00f0c4ee5c19cde1a9ff89805279d0bce6bf55a41b314f6f44ce72
436,512,frontier_text_encoder,qwen25vl_7b_text,gqa_2341637,0.25,436,e1c17b32b917b6b5339b02844eda04983295fff5471e0ab9f23da0a6b86462fb
436,1024,frontier_text_encoder,qwen25vl_7b_text,gqa_2341637,0.25,436,e1c17b32b917b6b5339b02844eda04983295fff5471e0ab9f23da0a6b86462fb
436,2048,frontier_text_encoder,qwen25vl_7b_text,gqa_2341637,0.25,436,e1c17b32b917b6b5339b02844eda04983295fff5471e0ab9f23da0a6b86462fb
974,4096,frontier_text_encoder,qwen25vl_7b_text,gqa_2341637,0.25,974,23ce723cf0591c106c2f5fc390511b0ec79f0f801c6035f261cf3d6f3e98fee8
855,8192,frontier_text_encoder,qwen25vl_7b_text,gqa_2341637,0.25,855,9dc0da35c2cbeaf1f78ee442cc4a77d393353a16607f294b87683ff9d6d68b11
201,256,frontier_text_encoder,qwen25vl_7b_text,gqa_2342147,0.0,201,17bbb393fc5195e7a13c9b415477591eada475a3f0f2e55023649b862aa58555
477,512,frontier_text_encoder,qwen25vl_7b_text,gqa_2342147,0.25,477,971d4292d4be1317ccff162cb6ae04c7cd6cf7253d0e6054fcabe35f023c0e58
477,1024,frontier_text_encoder,qwen25vl_7b_text,gqa_2342147,0.25,477,971d4292d4be1317ccff162cb6ae04c7cd6cf7253d0e6054fcabe35f023c0e58
477,2048,frontier_text_encoder,qwen25vl_7b_text,gqa_2342147,0.25,477,971d4292d4be1317ccff162cb6ae04c7cd6cf7253d0e6054fcabe35f023c0e58
943,4096,frontier_text_encoder,qwen25vl_7b_text,gqa_2342147,0.0,943,1a5b0b50f6900bf808a599510fcaec31e4c38656bf41a5d53553c62744c8f93b
1481,8192,frontier_text_encoder,qwen25vl_7b_text,gqa_2342147,0.25,1481,d146570f2bcb130b0f092824cf2dcf08969c35fd37f10aec8a1ebf9858dbd100
246,256,frontier_text_encoder,qwen25vl_7b_text,gqa_2342323,0.5,246,a99bb0329ad13b1214f6054d59219aad976dc3c3eaa26670abd1bc7d7062aa51
468,512,frontier_text_encoder,qwen25vl_7b_text,gqa_2342323,0.5,468,e967adcc420216846c1a9fc14de0f486a3860c27f650fdc46233fed7fb68184c
519,1024,frontier_text_encoder,qwen25vl_7b_text,gqa_2342323,0.25,519,25b24196cef313976056926ddd1d41a21592d41c523738012184fc86e800ee76
519,2048,frontier_text_encoder,qwen25vl_7b_text,gqa_2342323,0.25,519,25b24196cef313976056926ddd1d41a21592d41c523738012184fc86e800ee76
720,4096,frontier_text_encoder,qwen25vl_7b_text,gqa_2342323,0.5,720,435dd3f2764d2db02237390d677fc0c21a22e8f8b022c7775fff9c7f3f7f22ad
2602,8192,frontier_text_encoder,qwen25vl_7b_text,gqa_2342323,0.5,2602,4ba59088491507b03afadb874bace3a64c03c999906238fafb76ae48fe553813
230,256,frontier_text_encoder,qwen25vl_7b_text,gqa_2342333,0.25,230,ed492d44848c17433db7dced87b564a8bff007b8fcf545cf5957e110c9f03e35
466,512,frontier_text_encoder,qwen25vl_7b_text,gqa_2342333,0.5,466,d2d01323d2af8e976337b1b93aed30119da11befdf4ed54096d8d7ef6c051261
466,1024,frontier_text_encoder,qwen25vl_7b_text,gqa_2342333,0.5,466,d2d01323d2af8e976337b1b93aed30119da11befdf4ed54096d8d7ef6c051261
466,2048,frontier_text_encoder,qwen25vl_7b_text,gqa_2342333,0.5,466,d2d01323d2af8e976337b1b93aed30119da11befdf4ed54096d8d7ef6c051261
361,4096,frontier_text_encoder,qwen25vl_7b_text,gqa_2342333,0.5,361,e1c87c920f567a85b0d382f5b4cc03154975c552868da23be350dd3011000b12
469,8192,frontier_text_encoder,qwen25vl_7b_text,gqa_2342333,0.5,469,ce75c4ffae40c28a1d729c44c7f0419f4438338e3ab3b28202db09c8ff94c67d
237,256,frontier_text_encoder,qwen25vl_7b_text,gqa_2343201,0.25,237,59a36630fcfb5a555a1c0cd62fe2bf8d6fae0aaa939bb437b8526e109986abc1
284,512,frontier_text_encoder,qwen25vl_7b_text,gqa_2343201,0.5,284,ca6900fbc6e802211be1f18e82cc2b342496470603e913e60ff57361165e2215
284,1024,frontier_text_encoder,qwen25vl_7b_text,gqa_2343201,0.5,284,ca6900fbc6e802211be1f18e82cc2b342496470603e913e60ff57361165e2215
284,2048,frontier_text_encoder,qwen25vl_7b_text,gqa_2343201,0.5,284,ca6900fbc6e802211be1f18e82cc2b342496470603e913e60ff57361165e2215
941,4096,frontier_text_encoder,qwen25vl_7b_text,gqa_2343201,0.25,941,4ebcb06ab128e9e7609bd02e3665c592bb6b5dda5a81c5eeb3b8f331086aad7b
2421,8192,frontier_text_encoder,qwen25vl_7b_text,gqa_2343201,0.25,2421,2132e409fb28b5fd98cd6dcff7bb8785365d27316351643f102072653763fda0
235,256,frontier_text_encoder,qwen25vl_7b_text,gqa_2343287,0.25,235,47064bcebf3bad45c1372f20af6966fa05afe9a1584f1ef95449d0dcf68df22c
486,512,frontier_text_encoder,qwen25vl_7b_text,gqa_2343287,0.25,486,eaf8966d48887f157391675809ba82846381954709c65b73797b149b8173cd6a
486,1024,frontier_text_encoder,qwen25vl_7b_text,gqa_2343287,0.25,486,eaf8966d48887f157391675809ba82846381954709c65b73797b149b8173cd6a
486,2048,frontier_text_encoder,qwen25vl_7b_text,gqa_2343287,0.25,486,eaf8966d48887f157391675809ba82846381954709c65b73797b149b8173cd6a
854,4096,frontier_text_encoder,qwen25vl_7b_text,gqa_2343287,0.0,854,3883ec0868282572968f31aee3529302568b7e3460d2a7a5af50f466944232af
1225,8192,frontier_text_encoder,qwen25vl_7b_text,gqa_2343287,0.25,1225,5e45174f43771efc69b64d45dd41a791455f61a43e7cc8678d4cb73e8c4c559b
220,256,frontier_text_encoder,qwen25vl_7b_text,gqa_2344488,0.0,220,a493b5672a6042155854c3559181aea2a2f6ee8b3fd39756ce4f850033090905
426,512,frontier_text_encoder,qwen25vl_7b_text,gqa_2344488,0.0,426,540e7640684bd5a2d7841c9a4f5343731c76defb30e142a8a2fb77f7f816d676
426,1024,frontier_text_encoder,qwen25vl_7b_text,gqa_2344488,0.0,426,540e7640684bd5a2d7841c9a4f5343731c76defb30e142a8a2fb77f7f816d676
426,2048,frontier_text_encoder,qwen25vl_7b_text,gqa_2344488,0.0,426,540e7640684bd5a2d7841c9a4f5343731c76defb30e142a8a2fb77f7f816d676
938,4096,frontier_text_encoder,qwen25vl_7b_text,gqa_2344488,0.0,938,31ceb4488096f1166a9ebc4c7db8da4462db8b26a8f582c129c9433eafb3deb6
2883,8192,frontier_text_encoder,qwen25vl_7b_text,gqa_2344488,0.0,2883,0b2572e0389858e572ebf760887394e8a33c3f810070c4d6fcea7615c3f0aead
221,256,frontier_text_encoder,qwen25vl_7b_text,gqa_2345482,0.0,221,44d2155a73e98a9d993b1aadcc3afda9cca885763dbd5350864bcfa9deeeb375
449,512,frontier_text_encoder,qwen25vl_7b_text,gqa_2345482,0.0,449,db3d85b5d7cc5dc1b4787515107801955f008f6ad3326432041d0e11000f2cf7
449,1024,frontier_text_encoder,qwen25vl_7b_text,gqa_2345482,0.0,449,db3d85b5d7cc5dc1b4787515107801955f008f6ad3326432041d0e11000f2cf7
449,2048,frontier_text_encoder,qwen25vl_7b_text,gqa_2345482,0.0,449,db3d85b5d7cc5dc1b4787515107801955f008f6ad3326432041d0e11000f2cf7
978,4096,frontier_text_encoder,qwen25vl_7b_text,gqa_2345482,0.0,978,2fa88d2ec0677aa3717bc59a95b5d898e762a36866abbbeeaa230284516a4b6b
807,8192,frontier_text_encoder,qwen25vl_7b_text,gqa_2345482,0.0,807,19d0b9b39aa65bed400d6591e0c2fc88821c0322f8bfcfb86ad008c7a6fb9ead
223,256,frontier_text_encoder,qwen25vl_7b_text,gqa_2346467,0.5,223,d186681daebba8db5cd9f0d1ff0a15c011770af8fcd68dd30cb7a4c8930d03a5
384,512,frontier_text_encoder,qwen25vl_7b_text,gqa_2346467,0.5,384,19bfc0feb7d8fa0d7669f6dd9b22ca522118f628fd1665b6b71ef26cb985c634
384,1024,frontier_text_encoder,qwen25vl_7b_text,gqa_2346467,0.5,384,19bfc0feb7d8fa0d7669f6dd9b22ca522118f628fd1665b6b71ef26cb985c634
384,2048,frontier_text_encoder,qwen25vl_7b_text,gqa_2346467,0.5,384,19bfc0feb7d8fa0d7669f6dd9b22ca522118f628fd1665b6b71ef26cb985c634
1101,4096,frontier_text_encoder,qwen25vl_7b_text,gqa_2346467,0.25,1101,fcdc163c904c0d6e78b51fece836a07559791c1f7548c868a3e2ad537be550f1
2104,8192,frontier_text_encoder,qwen25vl_7b_text,gqa_2346467,0.75,2104,bf8979ff6eb1f0268452051bd62ead4a9df73e85c9029475733f6148fd5242cb
241,256,frontier_text_encoder,qwen25vl_7b_text,gqa_2346957,0.0,241,755a39ad07537315025ab73dee474fb41eb0778e66030ab62a72b42f3a3548db
413,512,frontier_text_encoder,qwen25vl_7b_text,gqa_2346957,0.0,413,5fc465ebafe3d07371686cfecb750affd301e37cda05b50f576221bb9c68e5ab
413,1024,frontier_text_encoder,qwen25vl_7b_text,gqa_2346957,0.0,413,5fc465ebafe3d07371686cfecb750affd301e37cda05b50f576221bb9c68e5ab
413,2048,frontier_text_encoder,qwen25vl_7b_text,gqa_2346957,0.0,413,5fc465ebafe3d07371686cfecb750affd301e37cda05b50f576221bb9c68e5ab
1023,4096,frontier_text_encoder,qwen25vl_7b_text,gqa_2346957,0.0,1023,2663832e79274b956061ba94a79e307e925fd26a7c3fc7f980c1c94707b4db46
1820,8192,frontier_text_encoder,qwen25vl_7b_text,gqa_2346957,0.0,1820,7853f6700047577bd3141c5a777fd841c65caef1fcc95f39d3dd33ff9ab03ff4
212,256,frontier_text_encoder,qwen25vl_7b_text,gqa_2347367,0.25,212,8a6fcce390dced4dce2fb1da16c2fd9dfa95b61ac5bb1bc55affcd85bb02967d
483,512,frontier_text_encoder,qwen25vl_7b_text,gqa_2347367,0.0,483,d8a0a6b9ca762abe69899754b2802fdaa3f1ffdb3d936de4a2e0b4ace85bf310
483,1024,frontier_text_encoder,qwen25vl_7b_text,gqa_2347367,0.0,483,d8a0a6b9ca762abe69899754b2802fdaa3f1ffdb3d936de4a2e0b4ace85bf310
483,2048,frontier_text_encoder,qwen25vl_7b_text,gqa_2347367,0.0,483,d8a0a6b9ca762abe69899754b2802fdaa3f1ffdb3d936de4a2e0b4ace85bf310
1243,4096,frontier_text_encoder,qwen25vl_7b_text,gqa_2347367,0.25,1243,20b25d8097ae412d3ec78ae8898c86e3c944f2115b8bce3636a865ca6a354437
1403,8192,frontier_text_encoder,qwen25vl_7b_text,gqa_2347367,0.0,1403,a3d2252ab3868cb645b84497c6db0f573254ce3eafef0a35da7aadf8166b0238
247,256,frontier_text_encoder,qwen25vl_7b_text,gqa_2347772,0.5,247,89123bc2dd066ea8b62b2f5db0db90263e791088fe54c0340082a2f5eacb2597
386,512,frontier_text_encoder,qwen25vl_7b_text,gqa_2347772,0.5,386,d1c5c21c907538ab4d42c6a1fc3ee8a432f264a3007d24b8b483090e65c696d7
386,1024,frontier_text_encoder,qwen25vl_7b_text,gqa_2347772,0.5,386,d1c5c21c907538ab4d42c6a1fc3ee8a432f264a3007d24b8b483090e65c696d7
386,2048,frontier_text_encoder,qwen25vl_7b_text,gqa_2347772,0.5,386,d1c5c21c907538ab4d42c6a1fc3ee8a432f264a3007d24b8b483090e65c696d7
744,4096,frontier_text_encoder,qwen25vl_7b_text,gqa_2347772,0.0,744,4402cac3aedd8a1f42900f1c17c65e248eec9975c652e5589468905b9997354b
1764,8192,frontier_text_encoder,qwen25vl_7b_text,gqa_2347772,0.0,1764,659fc8091c26ea8de023939ac59938d8b51d680cd422281a25145496ba7d91ca
213,256,frontier_text_encoder,qwen25vl_7b_text,gqa_2349746,0.25,213,0d5dd35bac5e6d837e8fbfcb234a172ddd86b5d81253071785eda5a3ce1cfcd4
472,512,frontier_text_encoder,qwen25vl_7b_text,gqa_2349746,0.25,472,b002540dba0a88477782a9664e914b7feca453b1333cd0d78a83e2835b1eefd4
472,1024,frontier_text_encoder,qwen25vl_7b_text,gqa_2349746,0.25,472,b002540dba0a88477782a9664e914b7feca453b1333cd0d78a83e2835b1eefd4
472,2048,frontier_text_encoder,qwen25vl_7b_text,gqa_2349746,0.25,472,b002540dba0a88477782a9664e914b7feca453b1333cd0d78a83e2835b1eefd4
1421,4096,frontier_text_encoder,qwen25vl_7b_text,gqa_2349746,0.5,1421,2b4ffed0508c122e1fca49ddcbf694db33d78c145a3af56ec6b98aed642a329c
2319,8192,frontier_text_encoder,qwen25vl_7b_text,gqa_2349746,0.5,2319,b7a7eda8f0afc5d30b19fadcf612abd9442c0d7e9ff83d7153a97e598e779a53
229,256,frontier_text_encoder,qwen25vl_7b_text,gqa_2350006,0.0,229,d8aa6357e81f9e88bdf3c4c77406fdc05d0bdcd2f2a3fc6cd1c8d5664ef480bb
464,512,frontier_text_encoder,qwen25vl_7b_text,gqa_2350006,0.0,464,ad0da2a6d64224c2aadf5ebb157028605ecd03c0a3dc4d134150f0cf1a3006c3
517,1024,frontier_text_encoder,qwen25vl_7b_text,gqa_2350006,0.0,517,70a75eeef338da5d68c078b966bb35acb81946f7c12b185c75200ae21935b695
517,2048,frontier_text_encoder,qwen25vl_7b_text,gqa_2350006,0.0,517,70a75eeef338da5d68c078b966bb35acb81946f7c12b185c75200ae21935b695
769,4096,frontier_text_encoder,qwen25vl_7b_text,gqa_2350006,0.0,769,f3b982d67d3c66ea7db797b44b45ad341ee7d5c907d0a141325a6c983642eb35
1348,8192,frontier_text_encoder,qwen25vl_7b_text,gqa_2350006,0.25,1348,e5f965a5b4b35eb173066dd7b927ceb80d62dba709983a32c19945ab8cd4af03
224,256,frontier_text_encoder,qwen25vl_7b_text,gqa_2352092,0.0,224,e6d541db21aabd93b2063e5a22fadbd14cf1f44126eb70a90cfc017f88cb45a8
505,512,frontier_text_encoder,qwen25vl_7b_text,gqa_2352092,0.25,505,1b5dfb25abb4636de99d21fe8fbdc12b944ebb916c3dbb652d4b318147b01eed
505,1024,frontier_text_encoder,qwen25vl_7b_text,gqa_2352092,0.25,505,1b5dfb25abb4636de99d21fe8fbdc12b944ebb916c3dbb652d4b318147b01eed
505,2048,frontier_text_encoder,qwen25vl_7b_text,gqa_2352092,0.25,505,1b5dfb25abb4636de99d21fe8fbdc12b944ebb916c3dbb652d4b318147b01eed
1012,4096,frontier_text_encoder,qwen25vl_7b_text,gqa_2352092,0.0,1012,552a2b8181e9261f82cfd285674ea43697fb43fcf45d66ab6d59895e40e6b94a
1739,8192,frontier_text_encoder,qwen25vl_7b_text,gqa_2352092,0.25,1739,dc380b372b2f7ccc9d2e9444829d6a6dd65ec24ada3200281d37c2643f2fa71a
216,256,frontier_text_encoder,qwen25vl_7b_text,gqa_2352324,0.5,216,0fafa1eb6ad6741f7b6bf3c4486fd8eb135753f8715c347d9500b64651293ad9
383,512,frontier_text_encoder,qwen25vl_7b_text,gqa_2352324,0.5,383,ec71a6c872be38ea13d599f402816560268aadccd018ef463619b92c724cc195
383,1024,frontier_text_encoder,qwen25vl_7b_text,gqa_2352324,0.5,383,ec71a6c872be38ea13d599f402816560268aadccd018ef463619b92c724cc195
383,2048,frontier_text_encoder,qwen25vl_7b_text,gqa_2352324,0.5,383,ec71a6c872be38ea13d599f402816560268aadccd018ef463619b92c724cc195
873,4096,frontier_text_encoder,qwen25vl_7b_text,gqa_2352324,0.75,873,c4543e27115d430128807b6c32f1a63534b7d71093324d461f656831f27c916f
2418,8192,frontier_text_encoder,qwen25vl_7b_text,gqa_2352324,0.75,2418,437f689fb75e598798fc6b7d31184a9e93dda0dbe0f3f908cacaba2739482d80
252,256,frontier_text_encoder,qwen25vl_7b_text,gqa_2352785,0.0,252,74f7cd44d05d42054e3914bf9106359798dde2a8ecc99ca6e6504ea52a56eff2
410,512,frontier_text_encoder,qwen25vl_7b_text,gqa_2352785,0.0,410,16d69ab7e089ab07886447f8f62275d12240871e40970140fe52ef4c6b35e565
410,1024,frontier_text_encoder,qwen25vl_7b_text,gqa_2352785,0.0,410,16d69ab7e089ab07886447f8f62275d12240871e40970140fe52ef4c6b35e565
410,2048,frontier_text_encoder,qwen25vl_7b_text,gqa_2352785,0.0,410,16d69ab7e089ab07886447f8f62275d12240871e40970140fe52ef4c6b35e565
1054,4096,frontier_text_encoder,qwen25vl_7b_text,gqa_2352785,0.0,1054,e7d5cacc59ab257f2e0411ca88d95f7de9d4dca1b6c97696651469d46aaab3bf
1211,8192,frontier_text_encoder,qwen25vl_7b_text,gqa_2352785,0.0,1211,32260bc6c37bccb917724fddd6af10b3f3498efff244166f1e7d5e4eae7cefff
210,256,frontier_text_encoder,qwen25vl_7b_text,gqa_2355212,0.25,210,68373f893984a6c52c496a7ce408e4454b86b2ab5c4bf0bd56ff81bc67f0a7c9
328,512,frontier_text_encoder,qwen25vl_7b_text,gqa_2355212,0.0,328,316d174195313630a28a9e8d12930c6e086c21c6f936b4be8cfa08988f0956ab
328,1024,frontier_text_encoder,qwen25vl_7b_text,gqa_2355212,0.0,328,316d174195313630a28a9e8d12930c6e086c21c6f936b4be8cfa08988f0956ab
328,2048,frontier_text_encoder,qwen25vl_7b_text,gqa_2355212,0.0,328,316d174195313630a28a9e8d12930c6e086c21c6f936b4be8cfa08988f0956ab
841,4096,frontier_text_encoder,qwen25vl_7b_text,gqa_2355212,0.25,841,f270aa54ff39ba2a73452457e0241dd51cd392d886fda4e4f4bc91b2d028a236
2374,8192,frontier_text_encoder,qwen25vl_7b_text,gqa_2355212,0.0,2374,4b3425fefa18adbb12f7cf7f674a5bd8eaaf2f52695a8bebeddd74932448a1c1
229,256,frontier_text_encoder,qwen25vl_7b_text,gqa_2355385,0.0,229,3da63b90ca1eacd634286f2e42b0a0c530727adc2cc960d8e4cce2e075e2518c
432,512,frontier_text_encoder,qwen25vl_7b_text,gqa_2355385,0.0,432,e2f524dec78f08de09d8af0c53a2ac5c6c947614d0ae86563a1a1d3b3606edcc
432,1024,frontier_text_encoder,qwen25vl_7b_text,gqa_2355385,0.0,432,e2f524dec78f08de09d8af0c53a2ac5c6c947614d0ae86563a1a1d3b3606edcc
432,2048,frontier_text_encoder,qwen25vl_7b_text,gqa_2355385,0.0,432,e2f524dec78f08de09d8af0c53a2ac5c6c947614d0ae86563a1a1d3b3606edcc
951,4096,frontier_text_encoder,qwen25vl_7b_text,gqa_2355385,0.0,951,05e5be9f93d9b55009629a9bdcf3e035b674583d4ccab3d44e3c95d20a06aa05
1140,8192,frontier_text_encoder,qwen25vl_7b_text,gqa_2355385,0.0,1140,4c8434d14e35f161d32e51768da47810c6e5288ef163eb96fc4e6e3225e0be12
231,256,frontier_text_encoder,qwen25vl_7b_text,gqa_2355528,0.0,231,fcad939c73aaf6d69add86fbb8e56eca55a33056d993abfe6ba7b8ff3b75b7b0
338,512,frontier_text_encoder,qwen25vl_7b_text,gqa_2355528,0.0,338,cac590471ed2ad817524a1a9e04dfeca9f27901323b08c8d07ec216ddd18a4b4
338,1024,frontier_text_encoder,qwen25vl_7b_text,gqa_2355528,0.0,338,cac590471ed2ad817524a1a9e04dfeca9f27901323b08c8d07ec216ddd18a4b4
338,2048,frontier_text_encoder,qwen25vl_7b_text,gqa_2355528,0.0,338,cac590471ed2ad817524a1a9e04dfeca9f27901323b08c8d07ec216ddd18a4b4
917,4096,frontier_text_encoder,qwen25vl_7b_text,gqa_2355528,0.0,917,ba34bdf54d4ba6822ed0458690ab640f749a4019fcd899929a2465a8ba2395a8
2006,8192,frontier_text_encoder,qwen25vl_7b_text,gqa_2355528,0.0,2006,afe0e7aabc0760ff8cfc1559b6ce8c355bc1465c024590a2ab079c39339dea6f
217,256,frontier_text_encoder,qwen25vl_7b_text,gqa_2356089,0.0,217,6beae96435f8ea9fcd87158a4a56e570ebb13d5770ac93223cdee4193b7ace34
512,512,frontier_text_encoder,qwen25vl_7b_text,gqa_2356089,0.0,512,a64c2bc936bf5ad0c8aa174c9b66e8b459d7517d9ffc6952c4c4914e07653682
752,1024,frontier_text_encoder,qwen25vl_7b_text,gqa_2356089,0.0,752,dd773b566ea82868ea54d49c695b887877275394ce524023fa86e7e683143249
752,2048,frontier_text_encoder,qwen25vl_7b_text,gqa_2356089,0.0,752,dd773b566ea82868ea54d49c695b887877275394ce524023fa86e7e683143249
1511,4096,frontier_text_encoder,qwen25vl_7b_text,gqa_2356089,0.0,1511,d564c5984e7e1761a331089a68b5b1cd39b93bc21a4d2a945fbf891ae60c0147
1329,8192,frontier_text_encoder,qwen25vl_7b_text,gqa_2356089,0.25,1329,bb9de03e82889d674c7f9f1864b1f0670b9f4b9b0a8905992c80701b78d94cdf
223,256,frontier_text_encoder,qwen25vl_7b_text,gqa_2356747,0.0,223,c301f5bdad04b2cba14c59cd878e1ce0f1f08c4e47de8ef4bb5b5e4280fabc0f
381,512,frontier_text_encoder,qwen25vl_7b_text,gqa_2356747,0.25,381,5a2159c12e5e64e13632453cf2c3ddf18e43b34233b5a4e56dcb0631e3173861
381,1024,frontier_text_encoder,qwen25vl_7b_text,gqa_2356747,0.25,381,5a2159c12e5e64e13632453cf2c3ddf18e43b34233b5a4e56dcb0631e3173861
381,2048,frontier_text_encoder,qwen25vl_7b_text,gqa_2356747,0.25,381,5a2159c12e5e64e13632453cf2c3ddf18e43b34233b5a4e56dcb0631e3173861
401,4096,frontier_text_encoder,qwen25vl_7b_text,gqa_2356747,0.25,401,e0e4f5852eb2cd46e4d744957b3e365625433a358b5098e89b9061141a20d8be
427,8192,frontier_text_encoder,qwen25vl_7b_text,gqa_2356747,0.25,427,4baf0be3bf30c09c54f7a18ab69dd29ad240f7610f4f6f87d1ec724f07ad64d2
246,256,frontier_text_encoder,qwen25vl_7b_text,gqa_2356972,0.25,246,87eb11e780799a94852c465c32e3cd398d3fa71ff5eeb53fd14873952305e3c2
440,512,frontier_text_encoder,qwen25vl_7b_text,gqa_2356972,0.25,440,a6a5ea2c0245906b010b154da535a1151087145ed1b1968158da2f3372602fee
440,1024,frontier_text_encoder,qwen25vl_7b_text,gqa_2356972,0.25,440,a6a5ea2c0245906b010b154da535a1151087145ed1b1968158da2f3372602fee
440,2048,frontier_text_encoder,qwen25vl_7b_text,gqa_2356972,0.25,440,a6a5ea2c0245906b010b154da535a1151087145ed1b1968158da2f3372602fee
1089,4096,frontier_text_encoder,qwen25vl_7b_text,gqa_2356972,0.5,1089,29e8ee8df59dac8906e11fe1fcbf7e46e3dc6619b24be2f39eb0e4cabf3d25e3
518,8192,frontier_text_encoder,qwen25vl_7b_text,gqa_2356972,0.25,518,39292ae2fdf46c97817432a2e383e27c3a10585d81c6a5acd6f80b8c41ba6a3d
209,256,frontier_text_encoder,qwen25vl_7b_text,gqa_2357882,0.0,209,bfa6ff28ea584d478d6c94d4c1aa2c93bc85bf6a3be69e3716cabde5bf5ebf34
509,512,frontier_text_encoder,qwen25vl_7b_text,gqa_2357882,0.25,509,1de3065df398c6251de973eb86e1efd20b79c36710304f5a94956758bf94aeb3
509,1024,frontier_text_encoder,qwen25vl_7b_text,gqa_2357882,0.25,509,1de3065df398c6251de973eb86e1efd20b79c36710304f5a94956758bf94aeb3
509,2048,frontier_text_encoder,qwen25vl_7b_text,gqa_2357882,0.25,509,1de3065df398c6251de973eb86e1efd20b79c36710304f5a94956758bf94aeb3
1128,4096,frontier_text_encoder,qwen25vl_7b_text,gqa_2357882,0.75,1128,21159c95fa3a38e47a8d6b38f08dee81382a1c6a4d6a01e4cf765f146a295152
1122,8192,frontier_text_encoder,qwen25vl_7b_text,gqa_2357882,0.5,1122,99e230fd3d2f353910c6fc9ce1512059c7356f054a7bac919f2319e045219b1e
234,256,frontier_text_encoder,qwen25vl_7b_text,gqa_2358111,0.0,234,2992565b763fd8f465755d750416908e311cc9b8d70f96d94aa1cbf87e0f6ee8
474,512,frontier_text_encoder,qwen25vl_7b_text,gqa_2358111,0.0,474,999b0aafdf82961e446c40adb15d9ebb4247289ff8d59be2e32cb60e2e59bcb9
474,1024,frontier_text_encoder,qwen25vl_7b_text,gqa_2358111,0.0,474,999b0aafdf82961e446c40adb15d9ebb4247289ff8d59be2e32cb60e2e59bcb9
474,2048,frontier_text_encoder,qwen25vl_7b_text,gqa_2358111,0.0,474,999b0aafdf82961e446c40adb15d9ebb4247289ff8d59be2e32cb60e2e59bcb9
1210,4096,frontier_text_encoder,qwen25vl_7b_text,gqa_2358111,0.5,1210,9df69dabca9070518c77b3460ff0ee945040ad489b4f61f36bb5a01966d38b54
1187,8192,frontier_text_encoder,qwen25vl_7b_text,gqa_2358111,0.0,1187,cbd2d16fbb7fdbdb85af5ad7363350590b484334d279760a4db12d2049b85387
241,256,frontier_text_encoder,qwen25vl_7b_text,gqa_2358186,0.0,241,440ea6c6fe2634d0c30b150e6d494681bcae1261608934e32c62ccb4af1ce9c7
417,512,frontier_text_encoder,qwen25vl_7b_text,gqa_2358186,0.0,417,5b4d4b782260366ffc502372572f25219f94df6782bcd0caa85ac394b8bc4dd3
417,1024,frontier_text_encoder,qwen25vl_7b_text,gqa_2358186,0.0,417,5b4d4b782260366ffc502372572f25219f94df6782bcd0caa85ac394b8bc4dd3
417,2048,frontier_text_encoder,qwen25vl_7b_text,gqa_2358186,0.0,417,5b4d4b782260366ffc502372572f25219f94df6782bcd0caa85ac394b8bc4dd3
333,4096,frontier_text_encoder,qwen25vl_7b_text,gqa_2358186,0.0,333,833c629d78d76a92b7d18a67576b3aa7764744565f3d75554fd5494d395bf1f9
753,8192,frontier_text_encoder,qwen25vl_7b_text,gqa_2358186,0.0,753,db7ea48d2f12be04d5a1e3c43e391b850df7f46b45ac490c24b47899b15a01c8
247,256,frontier_text_encoder,qwen25vl_7b_text,gqa_2359195,0.0,247,a08ec03b37597452e18649107060562872db2ad341d133db11709aa7a06ac714
505,512,frontier_text_encoder,qwen25vl_7b_text,gqa_2359195,0.0,505,2d06c6ee9bb621179e4c6e27b7317259772a2e668adc82ca2155e0605110b283
505,1024,frontier_text_encoder,qwen25vl_7b_text,gqa_2359195,0.0,505,2d06c6ee9bb621179e4c6e27b7317259772a2e668adc82ca2155e0605110b283
505,2048,frontier_text_encoder,qwen25vl_7b_text,gqa_2359195,0.0,505,2d06c6ee9bb621179e4c6e27b7317259772a2e668adc82ca2155e0605110b283
1099,4096,frontier_text_encoder,qwen25vl_7b_text,gqa_2359195,0.0,1099,41e1f8234c681c20e21a34a75645c3eb6f11ef1e78c8e630dec50050b357b867
1596,8192,frontier_text_encoder,qwen25vl_7b_text,gqa_2359195,0.0,1596,25e4537ef26bede3e1556ffc901f19e44e535348b07a027f221549c3052d8de4
233,256,frontier_text_encoder,qwen25vl_7b_text,gqa_2359351,0.0,233,6be6aeac7a512133a718308169c3ae649fe035d0a6c1d288326ea032c364ec3e
295,512,frontier_text_encoder,qwen25vl_7b_text,gqa_2359351,0.0,295,b0ee091d52c2ddd0a3ff0fa8707f07b595bf91d815f1a8bded819dcb1def7c7e
295,1024,frontier_text_encoder,qwen25vl_7b_text,gqa_2359351,0.0,295,b0ee091d52c2ddd0a3ff0fa8707f07b595bf91d815f1a8bded819dcb1def7c7e
295,2048,frontier_text_encoder,qwen25vl_7b_text,gqa_2359351,0.0,295,b0ee091d52c2ddd0a3ff0fa8707f07b595bf91d815f1a8bded819dcb1def7c7e
343,4096,frontier_text_encoder,qwen25vl_7b_text,gqa_2359351,0.25,343,54c9c81db67747a4ae3912495952b5f3e5cfd5b1c311c8e38be84bcbfcae071f
1253,8192,frontier_text_encoder,qwen25vl_7b_text,gqa_2359351,0.5,1253,406ce29bc5f0a966ef460a34b5b3b5215b33eef789b81e56e7c93c3f78c2e062
223,256,frontier_text_encoder,qwen25vl_7b_text,gqa_2359470,0.0,223,2239fc3f9dd801c75d574dab1655179c518bc3180d6b2de42d8bb7780f4e11d9
368,512,frontier_text_encoder,qwen25vl_7b_text,gqa_2359470,0.0,368,64f1ae7cd90a90459e1bfe6ec165fcbbb82e7eee900ff5b6d7d77f784a4ccb4b
368,1024,frontier_text_encoder,qwen25vl_7b_text,gqa_2359470,0.0,368,64f1ae7cd90a90459e1bfe6ec165fcbbb82e7eee900ff5b6d7d77f784a4ccb4b
368,2048,frontier_text_encoder,qwen25vl_7b_text,gqa_2359470,0.0,368,64f1ae7cd90a90459e1bfe6ec165fcbbb82e7eee900ff5b6d7d77f784a4ccb4b
811,4096,frontier_text_encoder,qwen25vl_7b_text,gqa_2359470,0.25,811,b3ad5b674c8ba31c42f9082698b0723e607f541b127c73c99d1c0bd114b75e0e
1792,8192,frontier_text_encoder,qwen25vl_7b_text,gqa_2359470,0.0,1792,103b44d481ec0770f52d7dc2f87e39f101af71271da083a02e4fb434df43f78c
224,256,frontier_text_encoder,qwen25vl_7b_text,gqa_2360103,0.25,224,e9584c95919aa0488eb17798d098605e5c91117ec9b1bb03e794ec789cfe2605
224,512,frontier_text_encoder,qwen25vl_7b_text,gqa_2360103,0.25,224,e9584c95919aa0488eb17798d098605e5c91117ec9b1bb03e794ec789cfe2605
224,1024,frontier_text_encoder,qwen25vl_7b_text,gqa_2360103,0.25,224,e9584c95919aa0488eb17798d098605e5c91117ec9b1bb03e794ec789cfe2605
224,2048,frontier_text_encoder,qwen25vl_7b_text,gqa_2360103,0.25,224,e9584c95919aa0488eb17798d098605e5c91117ec9b1bb03e794ec789cfe2605
753,4096,frontier_text_encoder,qwen25vl_7b_text,gqa_2360103,0.25,753,33e50e81e8196c6971fc9c77168283b537341bbe62ccc8acd16a53ea6135af6b
1938,8192,frontier_text_encoder,qwen25vl_7b_text,gqa_2360103,0.5,1938,31fd25fb6a8313f86485d60559b3c56d75196274393bfe151e9a38009c9aaf57
202,256,frontier_text_encoder,qwen25vl_7b_text,gqa_2360831,0.0,202,dfb58d6cc3d8ec92905c0f0a4b3da7e005d5795323ead6540ec67ae6e53b3ba7
471,512,frontier_text_encoder,qwen25vl_7b_text,gqa_2360831,0.0,471,8b4d7a0a8697683d1a700b8ac9778bb90f5a74b978d7f9a6818d4523331bf448
471,1024,frontier_text_encoder,qwen25vl_7b_text,gqa_2360831,0.0,471,8b4d7a0a8697683d1a700b8ac9778bb90f5a74b978d7f9a6818d4523331bf448
471,2048,frontier_text_encoder,qwen25vl_7b_text,gqa_2360831,0.0,471,8b4d7a0a8697683d1a700b8ac9778bb90f5a74b978d7f9a6818d4523331bf448
886,4096,frontier_text_encoder,qwen25vl_7b_text,gqa_2360831,0.0,886,1d049365c49e9fa1b49055f010f5f001fb304486aeeb5a7eebb7b16719e89593
1068,8192,frontier_text_encoder,qwen25vl_7b_text,gqa_2360831,0.0,1068,6ee1f616fee7e8a9bd75f4ecf3402013f87ee2b7921c4e1498185975c8b49c10
251,256,frontier_text_encoder,qwen25vl_7b_text,gqa_2363269,0.0,251,80289e72dead4de8fc2ef757ac13d5f408ac0f2ee89a4f65ced43b4dada2ea2e
346,512,frontier_text_encoder,qwen25vl_7b_text,gqa_2363269,0.0,346,cb3888519c0a227def16f6c4f35cb0b35b366ae6bb859a39d30e0d2f31e13240
346,1024,frontier_text_encoder,qwen25vl_7b_text,gqa_2363269,0.0,346,cb3888519c0a227def16f6c4f35cb0b35b366ae6bb859a39d30e0d2f31e13240
346,2048,frontier_text_encoder,qwen25vl_7b_text,gqa_2363269,0.0,346,cb3888519c0a227def16f6c4f35cb0b35b366ae6bb859a39d30e0d2f31e13240
594,4096,frontier_text_encoder,qwen25vl_7b_text,gqa_2363269,0.0,594,829994221bbc7526ba425258aa457d9cd1fb20f0fcedcd9ace3aa2f7740571b4
808,8192,frontier_text_encoder,qwen25vl_7b_text,gqa_2363269,0.25,808,1b107b0eb40400f91ae963865941e6726916f2a1180dedc4c4e30c9e0278f6f2
225,256,frontier_text_encoder,qwen25vl_7b_text,gqa_2363444,0.25,225,e5f9acdaa42ec995110a5746292855afacea626c184cb189e9e3cbf904b54cea
492,512,frontier_text_encoder,qwen25vl_7b_text,gqa_2363444,0.25,492,048b11776e0e9f7a68ecd374573ddea8c758bc145b17d54cddff6a921b2a8089
492,1024,frontier_text_encoder,qwen25vl_7b_text,gqa_2363444,0.25,492,048b11776e0e9f7a68ecd374573ddea8c758bc145b17d54cddff6a921b2a8089
492,2048,frontier_text_encoder,qwen25vl_7b_text,gqa_2363444,0.25,492,048b11776e0e9f7a68ecd374573ddea8c758bc145b17d54cddff6a921b2a8089
909,4096,frontier_text_encoder,qwen25vl_7b_text,gqa_2363444,0.25,909,4f31bb3a05d4123f866f8f67fbf0f3ff624ed9b4a16c9d3a3c8486065c01bf5e
1441,8192,frontier_text_encoder,qwen25vl_7b_text,gqa_2363444,0.25,1441,32fd37e4d2448088be300c1579b5a6d9cdcffa4c1f69a044f481f28d0825d561
226,256,frontier_text_encoder,qwen25vl_7b_text,gqa_2363706,0.0,226,6b2ffa0e96574b48f3b5339e64fa7711896cdfe86c751778e2fc36692613981a
457,512,frontier_text_encoder,qwen25vl_7b_text,gqa_2363706,0.25,457,66fd173e1dc634116c6b1c8eae2256139bff1f6be44acd0f39070552dc60a091
457,1024,frontier_text_encoder,qwen25vl_7b_text,gqa_2363706,0.25,457,66fd173e1dc634116c6b1c8eae2256139bff1f6be44acd0f39070552dc60a091
457,2048,frontier_text_encoder,qwen25vl_7b_text,gqa_2363706,0.25,457,66fd173e1dc634116c6b1c8eae2256139bff1f6be44acd0f39070552dc60a091
1370,4096,frontier_text_encoder,qwen25vl_7b_text,gqa_2363706,0.25,1370,25e296ee852eda01f3eb593491f5e83f56b961df92f6633528df4d92448b8c4a
857,8192,frontier_text_encoder,qwen25vl_7b_text,gqa_2363706,0.25,857,669aee9da05f185361a0960c48223e251ee130c0dabd90a016c1905844137e0f
240,256,frontier_text_encoder,qwen25vl_7b_text,gqa_2363979,0.25,240,0ac8466381353c4cdb5751ddadaf40af3194bb62469d727ebb001e29b7024736
308,512,frontier_text_encoder,qwen25vl_7b_text,gqa_2363979,0.25,308,838eecc28fb669ad4e783eb78e0bd8812f47616ea5502bbbc799b29090237aa7
308,1024,frontier_text_encoder,qwen25vl_7b_text,gqa_2363979,0.25,308,838eecc28fb669ad4e783eb78e0bd8812f47616ea5502bbbc799b29090237aa7
308,2048,frontier_text_encoder,qwen25vl_7b_text,gqa_2363979,0.25,308,838eecc28fb669ad4e783eb78e0bd8812f47616ea5502bbbc799b29090237aa7
580,4096,frontier_text_encoder,qwen25vl_7b_text,gqa_2363979,0.0,580,0e5572b7cea68fb159f5d588d18e346415d22c1630d201a222e7020c3a221dff
518,8192,frontier_text_encoder,qwen25vl_7b_text,gqa_2363979,0.0,518,b79d4d6e8077a0b2990c04bc9a4df8a541aaeb59924ea984e3c108106e08bbb3
229,256,frontier_text_encoder,qwen25vl_7b_text,gqa_2364614,0.0,229,706679e6574c77e1b71629ac587e4a087bfca85750151f1a30fafcdc7d5ab08d
360,512,frontier_text_encoder,qwen25vl_7b_text,gqa_2364614,0.0,360,83bc8440449e1c8877bd72b6af835bb71b3758e9609726b997829792551cdbe6
360,1024,frontier_text_encoder,qwen25vl_7b_text,gqa_2364614,0.0,360,83bc8440449e1c8877bd72b6af835bb71b3758e9609726b997829792551cdbe6
360,2048,frontier_text_encoder,qwen25vl_7b_text,gqa_2364614,0.0,360,83bc8440449e1c8877bd72b6af835bb71b3758e9609726b997829792551cdbe6
458,4096,frontier_text_encoder,qwen25vl_7b_text,gqa_2364614,0.0,458,71df0a85d3e1d2ce22bc2d54a67aa68063626d5558c74dfb7d81f50851bb6c6f
1556,8192,frontier_text_encoder,qwen25vl_7b_text,gqa_2364614,0.0,1556,227282b1af2538c3c43c55940edc3ea0a776b55cbf75c2696a40e8e4dd6ef99e
235,256,frontier_text_encoder,qwen25vl_7b_text,gqa_2364774,0.0,235,22afd9b79791d4e4e76e76a1aedea0b72dfff5d893ca55f2273f17c7eeb5b008
440,512,frontier_text_encoder,qwen25vl_7b_text,gqa_2364774,0.0,440,9a215f7bc8d93ff5447fa458981b042abbf2dba5783981f54c4a672b39547efc
440,1024,frontier_text_encoder,qwen25vl_7b_text,gqa_2364774,0.0,440,9a215f7bc8d93ff5447fa458981b042abbf2dba5783981f54c4a672b39547efc
440,2048,frontier_text_encoder,qwen25vl_7b_text,gqa_2364774,0.0,440,9a215f7bc8d93ff5447fa458981b042abbf2dba5783981f54c4a672b39547efc
1034,4096,frontier_text_encoder,qwen25vl_7b_text,gqa_2364774,0.0,1034,5cbaaa3d232edb5484de04335a8a8267c79ecab465bed7dc24f0f167f23d24a7
467,8192,frontier_text_encoder,qwen25vl_7b_text,gqa_2364774,0.0,467,8835e90cb7fb837cb6c40b8d4a636e20213430f1e8e7d7149414fa9bfc8ca881
215,256,frontier_text_encoder,qwen25vl_7b_text,gqa_2365176,0.0,215,07b9b600b42d0cc7b1c4805097f2213414383f8f22531597b1eaa3d3a04b3b97
459,512,frontier_text_encoder,qwen25vl_7b_text,gqa_2365176,0.25,459,8d6f483a63e0fde968a548452d82bcd8514cd272ad16261a9514fda54ec30c76
560,1024,frontier_text_encoder,qwen25vl_7b_text,gqa_2365176,0.25,560,c9915a710fecef93c50a3e83352967ca37a6c63fa829f979ef8734365ef4685b
560,2048,frontier_text_encoder,qwen25vl_7b_text,gqa_2365176,0.25,560,c9915a710fecef93c50a3e83352967ca37a6c63fa829f979ef8734365ef4685b
1534,4096,frontier_text_encoder,qwen25vl_7b_text,gqa_2365176,0.25,1534,83272e720ea65825e70d245e076ac9573ddcbd2e338b13094823396ee2d3904d
932,8192,frontier_text_encoder,qwen25vl_7b_text,gqa_2365176,0.75,932,957f63a470825ecb9267ddedaa2ec4c1db37c9c730f4ec867e36d74edda14154
240,256,frontier_text_encoder,qwen25vl_7b_text,gqa_2365505,0.0,240,e1b1221b9060c3b0b8294aa1151007b0e05a3326bc071b962a1f1b8db17cbd75
284,512,frontier_text_encoder,qwen25vl_7b_text,gqa_2365505,0.0,284,5a65886b2622a8ac3a26694edbd5df99c6419fdc740a981bc9e9eb3aebc60937
284,1024,frontier_text_encoder,qwen25vl_7b_text,gqa_2365505,0.0,284,5a65886b2622a8ac3a26694edbd5df99c6419fdc740a981bc9e9eb3aebc60937
284,2048,frontier_text_encoder,qwen25vl_7b_text,gqa_2365505,0.0,284,5a65886b2622a8ac3a26694edbd5df99c6419fdc740a981bc9e9eb3aebc60937
935,4096,frontier_text_encoder,qwen25vl_7b_text,gqa_2365505,0.0,935,d57f967842a2e1ae6271f681f7b3bb2ef408f2e674f087fd8fbd49210dc5351a
1801,8192,frontier_text_encoder,qwen25vl_7b_text,gqa_2365505,0.0,1801,63baf1f55de8cb10a30bf78e1070c27fb774fd0f14d81bdfccde7c08df5544b0
219,256,frontier_text_encoder,qwen25vl_7b_text,gqa_2366157,0.25,219,6c6512aea11e8d0c7faee5ba2db0a9a759f66306642ed1e5637f5f8daf2b9bff
451,512,frontier_text_encoder,qwen25vl_7b_text,gqa_2366157,0.25,451,fa737188c975373a9cdd5bec4aa25c1752bcc26178a8d63c4b2779dda6fac340
451,1024,frontier_text_encoder,qwen25vl_7b_text,gqa_2366157,0.25,451,fa737188c975373a9cdd5bec4aa25c1752bcc26178a8d63c4b2779dda6fac340
451,2048,frontier_text_encoder,qwen25vl_7b_text,gqa_2366157,0.25,451,fa737188c975373a9cdd5bec4aa25c1752bcc26178a8d63c4b2779dda6fac340
1100,4096,frontier_text_encoder,qwen25vl_7b_text,gqa_2366157,0.25,1100,348a8b0dfd8a2dec7b0fa3e70d1450b4bf7fd41d80008567a0bec315e7c86787
2767,8192,frontier_text_encoder,qwen25vl_7b_text,gqa_2366157,0.5,2767,adec73e945566f7aeb7b59edaac41a5ff15a91946f4745cdd22f01e542e04c3f
253,256,frontier_text_encoder,qwen25vl_7b_text,gqa_2366510,0.0,253,9a6b5eaf00a7045125eb96a932eac50a9db4184064038254a5629593c78b19b2
500,512,frontier_text_encoder,qwen25vl_7b_text,gqa_2366510,0.0,500,19c0f6d039b00ff84e8b25d14cf9a5a336c073bfc98bc6c97bc05a6888930a3b
559,1024,frontier_text_encoder,qwen25vl_7b_text,gqa_2366510,0.0,559,6316687c7600ba2dab92d93a802fb9802538888052e629634b11bef84f3e3d51
559,2048,frontier_text_encoder,qwen25vl_7b_text,gqa_2366510,0.0,559,6316687c7600ba2dab92d93a802fb9802538888052e629634b11bef84f3e3d51
1242,4096,frontier_text_encoder,qwen25vl_7b_text,gqa_2366510,0.0,1242,300ac0e019db9d234597c1e89ddf1bf4fab90cf97de538152edd7895d5bad399
2093,8192,frontier_text_encoder,qwen25vl_7b_text,gqa_2366510,0.0,2093,c6596bea620931f39c139968c76b51def6dc01cb801cceacdcf9a69119e66b5a
256,256,frontier_text_encoder,qwen25vl_7b_text,gqa_2366645,0.0,256,69697f2d8ac1e3f50fcd3d895891887af4669130e4fbb2326a6938a540c9f8b0
446,512,frontier_text_encoder,qwen25vl_7b_text,gqa_2366645,0.0,446,85acfe76cdde649c629e88b997cc4c439289891f6a0617e895e05244df9a80b9
446,1024,frontier_text_encoder,qwen25vl_7b_text,gqa_2366645,0.0,446,85acfe76cdde649c629e88b997cc4c439289891f6a0617e895e05244df9a80b9
446,2048,frontier_text_encoder,qwen25vl_7b_text,gqa_2366645,0.0,446,85acfe76cdde649c629e88b997cc4c439289891f6a0617e895e05244df9a80b9
512,4096,frontier_text_encoder,qwen25vl_7b_text,gqa_2366645,0.0,512,eb3e2f541ffbcf430e8c6969e0c74966d8e7a3e2915f1b17518006b45715286d
3105,8192,frontier_text_encoder,qwen25vl_7b_text,gqa_2366645,0.25,3105,e4551a27fe165e9c8af7e11570d8c762b8b15268f9561d2e7faa187ab49f964c
246,256,frontier_text_encoder,qwen25vl_7b_text,gqa_2367328,0.0,246,99a19b4a8f39db37c7a5fd164c49cdb552108b675c58342bc849963f7d064575
447,512,frontier_text_encoder,qwen25vl_7b_text,gqa_2367328,0.25,447,da636bfc1f2695ef2b593a33a40a2baac1aa9b012fd2272d2af01056e419181e
447,1024,frontier_text_encoder,qwen25vl_7b_text,gqa_2367328,0.25,447,da636bfc1f2695ef2b593a33a40a2baac1aa9b012fd2272d2af01056e419181e
447,2048,frontier_text_encoder,qwen25vl_7b_text,gqa_2367328,0.25,447,da636bfc1f2695ef2b593a33a40a2baac1aa9b012fd2272d2af01056e419181e
1291,4096,frontier_text_encoder,qwen25vl_7b_text,gqa_2367328,0.25,1291,91817f9016d71788fab81ca12bfbdecedf82ae8f2c66bd01b537f47aa77edb01
1121,8192,frontier_text_encoder,qwen25vl_7b_text,gqa_2367328,0.25,1121,13b7376fe27cf73b8a208a756c3712ffd440ead840e0980d7abe11a66ec9914b
244,256,frontier_text_encoder,qwen25vl_7b_text,gqa_2367639,0.0,244,9fe0e67d48f0b787474f0a5936877a78656fd58e151e8dbcafc3b31ebb1363e5
474,512,frontier_text_encoder,qwen25vl_7b_text,gqa_2367639,0.0,474,51ac48221855f2d43af4b81185e06be121ac337088c14d8e96e16c32c0a18718
597,1024,frontier_text_encoder,qwen25vl_7b_text,gqa_2367639,0.0,597,65c26001403e2d445358db89ca14900e85689189fb245623b4dd79fd1d11281c
597,2048,frontier_text_encoder,qwen25vl_7b_text,gqa_2367639,0.0,597,65c26001403e2d445358db89ca14900e85689189fb245623b4dd79fd1d11281c
1259,4096,frontier_text_encoder,qwen25vl_7b_text,gqa_2367639,0.0,1259,369478c35da75586c58483deba94a18dd1f66c6af733f1e892f2d7fdd58cac30
2844,8192,frontier_text_encoder,qwen25vl_7b_text,gqa_2367639,0.0,2844,64f8637475c76495000cef0e0c46037a83dbdace60e88988f1a719fe59eab661
239,256,frontier_text_encoder,qwen25vl_7b_text,gqa_2367770,0.0,239,6c29c6ad9fdeb3adb988e8f9fe110d8be1b2865828ed2d019f8de5cfc9fbc5e9
445,512,frontier_text_encoder,qwen25vl_7b_text,gqa_2367770,0.0,445,e9db9dccd2a30a53d36a5ed89938c444970697b5863dc5e2c842d933dbafdbce
445,1024,frontier_text_encoder,qwen25vl_7b_text,gqa_2367770,0.0,445,e9db9dccd2a30a53d36a5ed89938c444970697b5863dc5e2c842d933dbafdbce
445,2048,frontier_text_encoder,qwen25vl_7b_text,gqa_2367770,0.0,445,e9db9dccd2a30a53d36a5ed89938c444970697b5863dc5e2c842d933dbafdbce
1333,4096,frontier_text_encoder,qwen25vl_7b_text,gqa_2367770,0.0,1333,0b11dc4e08d4f56422284c65422aa1ca0aeae898bc71c8ea847b97e5c67e1ff2
2869,8192,frontier_text_encoder,qwen25vl_7b_text,gqa_2367770,0.0,2869,cec20dc4cfad73886ffe383c73928974ac0b37ec615ded3676cae9f30952dca0
221,256,frontier_text_encoder,qwen25vl_7b_text,gqa_2368884,0.0,221,b4393ee2b5380377f300609170f8038e978147600e9ee70a84332d8e74b0ba2d
390,512,frontier_text_encoder,qwen25vl_7b_text,gqa_2368884,0.0,390,767d7b5557d66077863ea7b65cab3a2597d6a681bc2a2713dbd37cf370333751
390,1024,frontier_text_encoder,qwen25vl_7b_text,gqa_2368884,0.0,390,767d7b5557d66077863ea7b65cab3a2597d6a681bc2a2713dbd37cf370333751
390,2048,frontier_text_encoder,qwen25vl_7b_text,gqa_2368884,0.0,390,767d7b5557d66077863ea7b65cab3a2597d6a681bc2a2713dbd37cf370333751
960,4096,frontier_text_encoder,qwen25vl_7b_text,gqa_2368884,0.25,960,41c5d15eba726177b7198f5c3c1de7ac7b100fb08bfb318969beac21ff4150e0
1797,8192,frontier_text_encoder,qwen25vl_7b_text,gqa_2368884,0.0,1797,17ac451a01df82b6c904c0ab7987cba5288a6b33955797f465576cf18d6337ea
232,256,frontier_text_encoder,qwen25vl_7b_text,gqa_2370329,0.0,232,904f6156454bfbc1e8a2601e4efe4875be0aaac79a4808bb4b9d816382ec2460
453,512,frontier_text_encoder,qwen25vl_7b_text,gqa_2370329,0.0,453,8b02130cee6c75db8ae885f31a49e01ce962b754d2979c6a8fdeb687bf208a1d
453,1024,frontier_text_encoder,qwen25vl_7b_text,gqa_2370329,0.0,453,8b02130cee6c75db8ae885f31a49e01ce962b754d2979c6a8fdeb687bf208a1d
453,2048,frontier_text_encoder,qwen25vl_7b_text,gqa_2370329,0.0,453,8b02130cee6c75db8ae885f31a49e01ce962b754d2979c6a8fdeb687bf208a1d
942,4096,frontier_text_encoder,qwen25vl_7b_text,gqa_2370329,0.0,942,037468ba372a83d67c03e5c85c44715d7525d9d79b5fa7deb9448caeadd4b5ce
965,8192,frontier_text_encoder,qwen25vl_7b_text,gqa_2370329,0.25,965,5810ec6768676fbd31b224a1f7900bbe37e5c98c6b8f628725c79958750b01b9
227,256,frontier_text_encoder,qwen25vl_7b_text,gqa_2370859,0.5,227,322d887ce5ad6fbce89bb5ebdb255b55da0b000030194156009555f2768a92d2
370,512,frontier_text_encoder,qwen25vl_7b_text,gqa_2370859,0.5,370,26f563cfce440ee5b4c7e39750a2c35adda83bdf33c4ca28e0067fccc5b62d47
370,1024,frontier_text_encoder,qwen25vl_7b_text,gqa_2370859,0.5,370,26f563cfce440ee5b4c7e39750a2c35adda83bdf33c4ca28e0067fccc5b62d47
370,2048,frontier_text_encoder,qwen25vl_7b_text,gqa_2370859,0.5,370,26f563cfce440ee5b4c7e39750a2c35adda83bdf33c4ca28e0067fccc5b62d47
571,4096,frontier_text_encoder,qwen25vl_7b_text,gqa_2370859,0.75,571,27d45e89c609015c7a0a2ada67c458114961b33a7358d6eae8b47119f460553c
947,8192,frontier_text_encoder,qwen25vl_7b_text,gqa_2370859,0.75,947,c803f9c3558fc4bd67d264d76709d8efd2f0fdbfa4f98635a46134d134edd5f9
216,256,frontier_text_encoder,qwen25vl_7b_text,gqa_2370968,0.0,216,c893823626c29bb12ad7c54e08fc19dde52be67b183c4f7e9f0430f8a5a2c536
471,512,frontier_text_encoder,qwen25vl_7b_text,gqa_2370968,0.0,471,819e97d42b10cb3d08de4fc5923ce1361e534dab8ba86a2744836de0071cc81a
471,1024,frontier_text_encoder,qwen25vl_7b_text,gqa_2370968,0.0,471,819e97d42b10cb3d08de4fc5923ce1361e534dab8ba86a2744836de0071cc81a
471,2048,frontier_text_encoder,qwen25vl_7b_text,gqa_2370968,0.0,471,819e97d42b10cb3d08de4fc5923ce1361e534dab8ba86a2744836de0071cc81a
904,4096,frontier_text_encoder,qwen25vl_7b_text,gqa_2370968,0.25,904,9ca979a51011f1ded6456c8973cd5ec473034f0ca173de4481ce0d6dc46ac700
1973,8192,frontier_text_encoder,qwen25vl_7b_text,gqa_2370968,0.0,1973,795ebeaa0b24c3355e2c6e34f48539529fdd4369f9e6c2dba3d1b0dfabe8affc
235,256,frontier_text_encoder,qwen25vl_7b_text,gqa_2371504,0.25,235,adf43234d1461577d594e305187dc908e5c5936309751fab7791409002438c27
475,512,frontier_text_encoder,qwen25vl_7b_text,gqa_2371504,0.25,475,e285d32be2ff9731b7c9227f3385972c5d701836fa1394b2522fbda53238763c
475,1024,frontier_text_encoder,qwen25vl_7b_text,gqa_2371504,0.25,475,e285d32be2ff9731b7c9227f3385972c5d701836fa1394b2522fbda53238763c
475,2048,frontier_text_encoder,qwen25vl_7b_text,gqa_2371504,0.25,475,e285d32be2ff9731b7c9227f3385972c5d701836fa1394b2522fbda53238763c
672,4096,frontier_text_encoder,qwen25vl_7b_text,gqa_2371504,0.0,672,46a343af7829fb99dc18ec17b28eb2f8edfec8718da012ca699b970971c57a9e
861,8192,frontier_text_encoder,qwen25vl_7b_text,gqa_2371504,0.25,861,7857bcaffd7a209ca22b04507a4c73ba64160820e3c2fb03d8628249121e4c1d
242,256,frontier_text_encoder,qwen25vl_7b_text,gqa_2373259,0.0,242,06796e5379b0c16571cf02bef1deb01739bf49e50d98dd60f15328992130d6ff
474,512,frontier_text_encoder,qwen25vl_7b_text,gqa_2373259,0.0,474,ed726d6e3ae9392d4238120446af57084ba5ead20115a0d5ef484e41aa66da0e
514,1024,frontier_text_encoder,qwen25vl_7b_text,gqa_2373259,0.0,514,65870f08defb3e6ffc77eac453e40774640663ceadecdf966ff1b62d307fc39f
514,2048,frontier_text_encoder,qwen25vl_7b_text,gqa_2373259,0.0,514,65870f08defb3e6ffc77eac453e40774640663ceadecdf966ff1b62d307fc39f
1121,4096,frontier_text_encoder,qwen25vl_7b_text,gqa_2373259,0.0,1121,ba6f41b7ade187213198725cfd18db7a491fc1fe7f6d865efb1b8d09182bed90
2925,8192,frontier_text_encoder,qwen25vl_7b_text,gqa_2373259,0.25,2925,5a7286f1506e7d3467e61a70998a9e927e208a321940eae4501cc2ab8d9ec4b1
225,256,frontier_text_encoder,qwen25vl_7b_text,gqa_2375091,0.0,225,8b6610c4d861964a19ea55a99a98f740792ccfcdb301f01264ab5a757d0260db
482,512,frontier_text_encoder,qwen25vl_7b_text,gqa_2375091,0.0,482,1840c95b2f64f4805af0539f39e54522f2303d647dd2ec43667d323b1bf4cc4e
540,1024,frontier_text_encoder,qwen25vl_7b_text,gqa_2375091,0.0,540,a223b05a776409b400f0b6069eee15dd78b631bd7a5bf5e47a0c2484f9bfae71
540,2048,frontier_text_encoder,qwen25vl_7b_text,gqa_2375091,0.0,540,a223b05a776409b400f0b6069eee15dd78b631bd7a5bf5e47a0c2484f9bfae71
1475,4096,frontier_text_encoder,qwen25vl_7b_text,gqa_2375091,0.0,1475,6786698caf0f12555d84c32452adf2da7c8dcdae97744d592e52ffbc5a1139fd
2962,8192,frontier_text_encoder,qwen25vl_7b_text,gqa_2375091,0.0,2962,e5792003c466cb3ebc19a915612084b3902d0d11fb9248ea5b71a5f98268148e
223,256,frontier_text_encoder,qwen25vl_7b_text,gqa_2376266,0.0,223,1000f13c17f37ca8f546232cf9e13a149d02a506cd0ff04e7e4540d69c1bc1b8
369,512,frontier_text_encoder,qwen25vl_7b_text,gqa_2376266,0.25,369,058b1bf96239b882edb02f3fe863854240fc82a1f61a2932fc0034e8843cc022
369,1024,frontier_text_encoder,qwen25vl_7b_text,gqa_2376266,0.25,369,058b1bf96239b882edb02f3fe863854240fc82a1f61a2932fc0034e8843cc022
369,2048,frontier_text_encoder,qwen25vl_7b_text,gqa_2376266,0.25,369,058b1bf96239b882edb02f3fe863854240fc82a1f61a2932fc0034e8843cc022
486,4096,frontier_text_encoder,qwen25vl_7b_text,gqa_2376266,0.0,486,5fe262c0ebe822825c659abdb79e49c0677d3f3b2d7dc04e20f553427e45e046
583,8192,frontier_text_encoder,qwen25vl_7b_text,gqa_2376266,0.0,583,6155df5a9f8886ef90a62e78f7429b1581dcfad34934cecbc774bdc1d1b0ab2e
207,256,frontier_text_encoder,qwen25vl_7b_text,gqa_2378739,0.0,207,e10a6e2eeebb3b97c12f7f94b96e875c1e01ae6300d625c708f94c3191488870
485,512,frontier_text_encoder,qwen25vl_7b_text,gqa_2378739,0.0,485,7170b668907ef6985decd47de9d2ccddb105e389042179f1ca27a72de8060d84
485,1024,frontier_text_encoder,qwen25vl_7b_text,gqa_2378739,0.0,485,7170b668907ef6985decd47de9d2ccddb105e389042179f1ca27a72de8060d84
485,2048,frontier_text_encoder,qwen25vl_7b_text,gqa_2378739,0.0,485,7170b668907ef6985decd47de9d2ccddb105e389042179f1ca27a72de8060d84
841,4096,frontier_text_encoder,qwen25vl_7b_text,gqa_2378739,0.0,841,cef3df6ddd04d427d34222817dbc0655840aad3b2f408831c59e8017f3184e2d
2450,8192,frontier_text_encoder,qwen25vl_7b_text,gqa_2378739,0.0,2450,fa00b83e349b45ff4be98fc08daf88e7b5e1094b63b964a7dc76c2a488a8feb3
246,256,frontier_text_encoder,qwen25vl_7b_text,gqa_2378917,0.25,246,587c4a7efc21e0b4eae4a722f1f2a7e81e5d60bde8c9592f72261faec5e9e5fa
419,512,frontier_text_encoder,qwen25vl_7b_text,gqa_2378917,0.25,419,1b41b0fd0a3665fd592892b9b4744f7b9de78c2903e7755b4252de2ffd31635f
419,1024,frontier_text_encoder,qwen25vl_7b_text,gqa_2378917,0.25,419,1b41b0fd0a3665fd592892b9b4744f7b9de78c2903e7755b4252de2ffd31635f
419,2048,frontier_text_encoder,qwen25vl_7b_text,gqa_2378917,0.25,419,1b41b0fd0a3665fd592892b9b4744f7b9de78c2903e7755b4252de2ffd31635f
1126,4096,frontier_text_encoder,qwen25vl_7b_text,gqa_2378917,0.25,1126,06672780fdece064f125e1b63407f9a4621db3ca3dbf414bb5bd7f9b0cd7ed17
1868,8192,frontier_text_encoder,qwen25vl_7b_text,gqa_2378917,0.25,1868,f94b15462e4dfb71a5c1ff5cff2cb3e47f011039035b644634226991f13db5be
249,256,frontier_text_encoder,qwen25vl_7b_text,gqa_2378984,0.25,249,3c5b1641d3dbe72539d531e997cfe55dc6460103f74f46e1d414b7b4ae69acf4
450,512,frontier_text_encoder,qwen25vl_7b_text,gqa_2378984,0.25,450,a113ec5b830369fc886e986f9ccaafe5fb0d6d5e640b7784ef791a8cda08964b
450,1024,frontier_text_encoder,qwen25vl_7b_text,gqa_2378984,0.25,450,a113ec5b830369fc886e986f9ccaafe5fb0d6d5e640b7784ef791a8cda08964b
450,2048,frontier_text_encoder,qwen25vl_7b_text,gqa_2378984,0.25,450,a113ec5b830369fc886e986f9ccaafe5fb0d6d5e640b7784ef791a8cda08964b
988,4096,frontier_text_encoder,qwen25vl_7b_text,gqa_2378984,0.0,988,6303f1a7078303f491aecc55ca675016030bb5e3da9a2793d6eb188170d5718c
2160,8192,frontier_text_encoder,qwen25vl_7b_text,gqa_2378984,0.25,2160,d4c54b40b1b7b0c51ee7f366371981a03a785a14c077383c3b94151408261a82
247,256,frontier_text_encoder,qwen25vl_7b_text,gqa_2379961,0.25,247,a250a05ce94f353e1b2756a9ad51e166965612766c0ca20fbf9736ab2d7a32f3
375,512,frontier_text_encoder,qwen25vl_7b_text,gqa_2379961,0.25,375,32acd94a1425cda1e9a12be08eac2ba8222a084a916ef7cb8d5986f5d7c7da72
375,1024,frontier_text_encoder,qwen25vl_7b_text,gqa_2379961,0.25,375,32acd94a1425cda1e9a12be08eac2ba8222a084a916ef7cb8d5986f5d7c7da72
375,2048,frontier_text_encoder,qwen25vl_7b_text,gqa_2379961,0.25,375,32acd94a1425cda1e9a12be08eac2ba8222a084a916ef7cb8d5986f5d7c7da72
873,4096,frontier_text_encoder,qwen25vl_7b_text,gqa_2379961,0.5,873,4cb0cf4cd813c5916d660d73b4036b80c225c478cfed1e2791f9d8c866fb376a
1847,8192,frontier_text_encoder,qwen25vl_7b_text,gqa_2379961,0.75,1847,5190c46408c2136e76496974727886de1418928f252565531fec1810ac175151
224,256,frontier_text_encoder,qwen25vl_7b_text,gqa_2380291,0.0,224,8ab9c801a0834115c678ede840069dddec6ed643f1123cee8c71ea2a56f6eaf2
452,512,frontier_text_encoder,qwen25vl_7b_text,gqa_2380291,0.25,452,75b0960d60904296f5597c4ded7e24966749026c048743a39809f8b2dce2e1ee
452,1024,frontier_text_encoder,qwen25vl_7b_text,gqa_2380291,0.25,452,75b0960d60904296f5597c4ded7e24966749026c048743a39809f8b2dce2e1ee
452,2048,frontier_text_encoder,qwen25vl_7b_text,gqa_2380291,0.25,452,75b0960d60904296f5597c4ded7e24966749026c048743a39809f8b2dce2e1ee
415,4096,frontier_text_encoder,qwen25vl_7b_text,gqa_2380291,0.0,415,6f558e2d90c0e2295e20c43c3caefcde2b5efd8927e3357deb39fe2ce69858f0
479,8192,frontier_text_encoder,qwen25vl_7b_text,gqa_2380291,0.0,479,8417ef7df63901c3c53755cb328f6d9ef81a1304e2f09d33debd60a2d0808e7b
222,256,frontier_text_encoder,qwen25vl_7b_text,gqa_2380691,0.25,222,acf970c1474bb610e537a3b2071e80d30ef2a94f71c33313fbe7d80cc6b04857
363,512,frontier_text_encoder,qwen25vl_7b_text,gqa_2380691,0.25,363,c5601361dd85d70bd5a82036c9973d9ae8da096e72231995649e6f19a6ac6da4
363,1024,frontier_text_encoder,qwen25vl_7b_text,gqa_2380691,0.25,363,c5601361dd85d70bd5a82036c9973d9ae8da096e72231995649e6f19a6ac6da4
363,2048,frontier_text_encoder,qwen25vl_7b_text,gqa_2380691,0.25,363,c5601361dd85d70bd5a82036c9973d9ae8da096e72231995649e6f19a6ac6da4
1056,4096,frontier_text_encoder,qwen25vl_7b_text,gqa_2380691,0.5,1056,4c0296bd4301cfc83fe1eb2ba4d1b40406b58548e4c61f28d8ece1cd5281a7e7
2789,8192,frontier_text_encoder,qwen25vl_7b_text,gqa_2380691,0.5,2789,3b07a7c1e5189b7ba6eae69fe89318415d2e31724b3cf7637fc7859b527cb352
251,256,frontier_text_encoder,qwen25vl_7b_text,gqa_2381547,0.0,251,ec95a948325e14006ba10e4050685c05c054964ca016eb0f04c9b5a75bef101e
278,512,frontier_text_encoder,qwen25vl_7b_text,gqa_2381547,0.0,278,987c81e34a83708108f3fbfbd357de84f407b39b33a8c0e5ea7fd25c5d9bbcbf
278,1024,frontier_text_encoder,qwen25vl_7b_text,gqa_2381547,0.0,278,987c81e34a83708108f3fbfbd357de84f407b39b33a8c0e5ea7fd25c5d9bbcbf
278,2048,frontier_text_encoder,qwen25vl_7b_text,gqa_2381547,0.0,278,987c81e34a83708108f3fbfbd357de84f407b39b33a8c0e5ea7fd25c5d9bbcbf
549,4096,frontier_text_encoder,qwen25vl_7b_text,gqa_2381547,0.25,549,e3192a87def126c5bf26d83c245126c056e72c8d9b1f61458809230f25dc7b8c
687,8192,frontier_text_encoder,qwen25vl_7b_text,gqa_2381547,0.25,687,b8fca35ab434fed1a759ef544a1cc79fc4b0a8d1308d9c2b62912cb7a236d088
209,256,frontier_text_encoder,qwen25vl_7b_text,gqa_2382178,0.25,209,99908d0861676c1f9595f4c46b6c34bb2e4eecae1fb4e4e6699889ac6dfeba51
382,512,frontier_text_encoder,qwen25vl_7b_text,gqa_2382178,0.25,382,072842d51fa7f6ff878e6ee15034f7f8d18b164730f4b02207013110f7bab709
382,1024,frontier_text_encoder,qwen25vl_7b_text,gqa_2382178,0.25,382,072842d51fa7f6ff878e6ee15034f7f8d18b164730f4b02207013110f7bab709
382,2048,frontier_text_encoder,qwen25vl_7b_text,gqa_2382178,0.25,382,072842d51fa7f6ff878e6ee15034f7f8d18b164730f4b02207013110f7bab709
1179,4096,frontier_text_encoder,qwen25vl_7b_text,gqa_2382178,0.25,1179,4c96fc95262ab9832ba34f01bffcbdc48fde21f98d78860df2fe893e3c6bda20
635,8192,frontier_text_encoder,qwen25vl_7b_text,gqa_2382178,0.25,635,0ff81ab56ea0c4b3d46356029efe2a707c202e1592e08339cf1995d84b2e1c0d
249,256,frontier_text_encoder,qwen25vl_7b_text,gqa_2383204,0.25,249,8e46b5893815139dbd2193024dffb59223ba1924faeb13c1bb3d89e1c7c8aff2
433,512,frontier_text_encoder,qwen25vl_7b_text,gqa_2383204,0.25,433,6dd810ee55e61d33507bb78190097f57ab3953af6884cc7621f1ee7ec36220e5
433,1024,frontier_text_encoder,qwen25vl_7b_text,gqa_2383204,0.25,433,6dd810ee55e61d33507bb78190097f57ab3953af6884cc7621f1ee7ec36220e5
433,2048,frontier_text_encoder,qwen25vl_7b_text,gqa_2383204,0.25,433,6dd810ee55e61d33507bb78190097f57ab3953af6884cc7621f1ee7ec36220e5
930,4096,frontier_text_encoder,qwen25vl_7b_text,gqa_2383204,0.25,930,309912eed6d98ebd34b353840ef46c0401f78d890abff607fe400d701ae696ba
1799,8192,frontier_text_encoder,qwen25vl_7b_text,gqa_2383204,0.5,1799,43b7117874ef18a3ad373c95cb0ef209a3e7a423d901733b053abf11c57a26a6
236,256,frontier_text_encoder,qwen25vl_7b_text,gqa_2383963,0.0,236,451e890da57852f302b1e0c2961e8fe5a92f6322e538c4a2d43798612fa4ca72
342,512,frontier_text_encoder,qwen25vl_7b_text,gqa_2383963,0.0,342,c49dfaeebcc6ffb62e0b33eefbc087b42bd84e58303537c81a2fc84383c64127
342,1024,frontier_text_encoder,qwen25vl_7b_text,gqa_2383963,0.0,342,c49dfaeebcc6ffb62e0b33eefbc087b42bd84e58303537c81a2fc84383c64127
342,2048,frontier_text_encoder,qwen25vl_7b_text,gqa_2383963,0.0,342,c49dfaeebcc6ffb62e0b33eefbc087b42bd84e58303537c81a2fc84383c64127
781,4096,frontier_text_encoder,qwen25vl_7b_text,gqa_2383963,0.25,781,c6fe80926a092023176d3a962005ae5fffc78383561ecb88c0e2a978decf0747
1426,8192,frontier_text_encoder,qwen25vl_7b_text,gqa_2383963,0.25,1426,5b6d75bfa007414401bf950b18b47db6bfaa0e33efc3e280c01b8068ff8e9d78
242,256,frontier_text_encoder,qwen25vl_7b_text,gqa_2383991,0.0,242,37d111f46fd99825853e49f849319e0e5418fad4cac312bc8639c7bc64357237
335,512,frontier_text_encoder,qwen25vl_7b_text,gqa_2383991,0.0,335,1fc51ca9b552b724d951429f4ec4320cd50328847cab38f62da1187163c8de8b
335,1024,frontier_text_encoder,qwen25vl_7b_text,gqa_2383991,0.0,335,1fc51ca9b552b724d951429f4ec4320cd50328847cab38f62da1187163c8de8b
335,2048,frontier_text_encoder,qwen25vl_7b_text,gqa_2383991,0.0,335,1fc51ca9b552b724d951429f4ec4320cd50328847cab38f62da1187163c8de8b
334,4096,frontier_text_encoder,qwen25vl_7b_text,gqa_2383991,0.0,334,9ce6524a749fa8bb286925e2e940869efdb73d38175dfa13557db75a631aba52
402,8192,frontier_text_encoder,qwen25vl_7b_text,gqa_2383991,0.0,402,9c0d5ffc206252d499aba9482e0a33def744eb158a3763e634919f2df76ceb7d
223,256,frontier_text_encoder,qwen25vl_7b_text,gqa_2384063,0.25,223,5b53aa037e1fcc03db388bfb9da5ae6e06ffd7ae3ac35b9c2e4fc8d5a41c9385
355,512,frontier_text_encoder,qwen25vl_7b_text,gqa_2384063,0.25,355,50a1baab90fc0ad7dec7ce9679da86ce011f7a19eedd4802d46a3b66695ab2d3
355,1024,frontier_text_encoder,qwen25vl_7b_text,gqa_2384063,0.25,355,50a1baab90fc0ad7dec7ce9679da86ce011f7a19eedd4802d46a3b66695ab2d3
355,2048,frontier_text_encoder,qwen25vl_7b_text,gqa_2384063,0.25,355,50a1baab90fc0ad7dec7ce9679da86ce011f7a19eedd4802d46a3b66695ab2d3
801,4096,frontier_text_encoder,qwen25vl_7b_text,gqa_2384063,0.0,801,554b20e02b1d0fc234450fc9c1a88a9089dc9792a52f51679667e11d5afa2dba
1276,8192,frontier_text_encoder,qwen25vl_7b_text,gqa_2384063,0.25,1276,9384f218a0dc1fd414d0a926ac862bad0f64408aeb225cf1aa9105a397b9224c
236,256,frontier_text_encoder,qwen25vl_7b_text,gqa_2384376,0.0,236,913a1264314da93a810f2a466cc77e4e7932b619935efac2d66ac3eca9f2132c
489,512,frontier_text_encoder,qwen25vl_7b_text,gqa_2384376,0.0,489,e32b659b9c5296f1e03a72a123d1fd61fc995fe349cef49b018f7eede16061e9
537,1024,frontier_text_encoder,qwen25vl_7b_text,gqa_2384376,0.0,537,16e8649d516947d2fb5d4c2a018735e6b3d67edff5c7eca10f94fcc4e84ef67d
537,2048,frontier_text_encoder,qwen25vl_7b_text,gqa_2384376,0.0,537,16e8649d516947d2fb5d4c2a018735e6b3d67edff5c7eca10f94fcc4e84ef67d
1283,4096,frontier_text_encoder,qwen25vl_7b_text,gqa_2384376,0.25,1283,b0964836fa53f9071759c8d5e8e8b95e261ef9e9425f789982f1808c9c26f5a3
648,8192,frontier_text_encoder,qwen25vl_7b_text,gqa_2384376,0.0,648,33781a85a02e4726dbc4fd5c0afc5434a3678bb452447fa8153e1ddabbc77bbc
230,256,frontier_text_encoder,qwen25vl_7b_text,gqa_2385322,0.25,230,ce7e258f0a6f3ccf0d58a35c5515d0ce07c0c60dfd88f760cc9db4b50c1f909c
469,512,frontier_text_encoder,qwen25vl_7b_text,gqa_2385322,0.5,469,ba7136c8a94700148f06068484c49ada9da056d6a81fc5e0c5738c2e4e2c1a5f
469,1024,frontier_text_encoder,qwen25vl_7b_text,gqa_2385322,0.5,469,ba7136c8a94700148f06068484c49ada9da056d6a81fc5e0c5738c2e4e2c1a5f
469,2048,frontier_text_encoder,qwen25vl_7b_text,gqa_2385322,0.5,469,ba7136c8a94700148f06068484c49ada9da056d6a81fc5e0c5738c2e4e2c1a5f
243,4096,frontier_text_encoder,qwen25vl_7b_text,gqa_2385322,0.25,243,e1fa0b2376e9010a1cf8b4f76c3d4b9051bbc391343f4238cb363ff2c5643673
491,8192,frontier_text_encoder,qwen25vl_7b_text,gqa_2385322,0.5,491,55dde4bfb296a50dd837b2fc6f14810c139222a1e8e2181e35d431f7391e2130
248,256,frontier_text_encoder,qwen25vl_7b_text,gqa_2386051,0.0,248,2c849c4d935d441e3db2814574f29cd851a1f2736c31691135e180920927b10f
476,512,frontier_text_encoder,qwen25vl_7b_text,gqa_2386051,0.0,476,4d652956a0addd8607fb48bb129f53dcb89341ef4f4e003d3aa7a985fc33965f
476,1024,frontier_text_encoder,qwen25vl_7b_text,gqa_2386051,0.0,476,4d652956a0addd8607fb48bb129f53dcb89341ef4f4e003d3aa7a985fc33965f
476,2048,frontier_text_encoder,qwen25vl_7b_text,gqa_2386051,0.0,476,4d652956a0addd8607fb48bb129f53dcb89341ef4f4e003d3aa7a985fc33965f
602,4096,frontier_text_encoder,qwen25vl_7b_text,gqa_2386051,0.0,602,3185f459fe312510bdefe4c2b019bbab62a4366a61c58323ab45c0819a525b1d
1610,8192,frontier_text_encoder,qwen25vl_7b_text,gqa_2386051,0.0,1610,121b38585806d3c27e4d7ffe2c6d52952f07899a66eb7fd0489b9fa502cedd3a
213,256,frontier_text_encoder,qwen25vl_7b_text,gqa_2386495,0.5,213,7210a7d43178cd847a3cbd957d83b81c9b9efb2844eb97c097dcf2f696508d64
443,512,frontier_text_encoder,qwen25vl_7b_text,gqa_2386495,0.5,443,1efadeb9dec3baf16e2a29236532020100aee15e13a339b42ccba63b7e02b8b6
443,1024,frontier_text_encoder,qwen25vl_7b_text,gqa_2386495,0.5,443,1efadeb9dec3baf16e2a29236532020100aee15e13a339b42ccba63b7e02b8b6
443,2048,frontier_text_encoder,qwen25vl_7b_text,gqa_2386495,0.5,443,1efadeb9dec3baf16e2a29236532020100aee15e13a339b42ccba63b7e02b8b6
1365,4096,frontier_text_encoder,qwen25vl_7b_text,gqa_2386495,0.25,1365,a01db5359f96824ce9a907f72efcbfb970a879f0bfa15ba902614d1120027465
1641,8192,frontier_text_encoder,qwen25vl_7b_text,gqa_2386495,0.25,1641,9dba8f639a55b50148f4dedd0c95a32bcfbba28696faff054d086327f22ce14e
205,256,frontier_text_encoder,qwen25vl_7b_text,gqa_2387110,0.5,205,b9f8665982dba4ea466c2b1a68196226583d1bcbed4671faacedbf87c83c7a2f
455,512,frontier_text_encoder,qwen25vl_7b_text,gqa_2387110,0.5,455,eea04369a403d16088eb23dc5d688ffb981c49947401a3218c60dfc40eeaf91a
455,1024,frontier_text_encoder,qwen25vl_7b_text,gqa_2387110,0.5,455,eea04369a403d16088eb23dc5d688ffb981c49947401a3218c60dfc40eeaf91a
455,2048,frontier_text_encoder,qwen25vl_7b_text,gqa_2387110,0.5,455,eea04369a403d16088eb23dc5d688ffb981c49947401a3218c60dfc40eeaf91a
843,4096,frontier_text_encoder,qwen25vl_7b_text,gqa_2387110,0.0,843,6594a4334597429aeea26743975823adeb88b142da6956d541234c296681b1ca
1812,8192,frontier_text_encoder,qwen25vl_7b_text,gqa_2387110,0.25,1812,de9148e8edafe3cb64b975c0288412af497f1374d37cce3235738f527741e08b
248,256,frontier_text_encoder,qwen25vl_7b_text,gqa_2387118,0.0,248,b91dbe188f68e7c4feb9e7915db44297e73141d47714fb732d820de843ad61d0
336,512,frontier_text_encoder,qwen25vl_7b_text,gqa_2387118,0.0,336,06597f5ae39d6d4024f1f1b6a8ba6b7b3d23771633ed852060b1da438ff55a83
336,1024,frontier_text_encoder,qwen25vl_7b_text,gqa_2387118,0.0,336,06597f5ae39d6d4024f1f1b6a8ba6b7b3d23771633ed852060b1da438ff55a83
336,2048,frontier_text_encoder,qwen25vl_7b_text,gqa_2387118,0.0,336,06597f5ae39d6d4024f1f1b6a8ba6b7b3d23771633ed852060b1da438ff55a83
1257,4096,frontier_text_encoder,qwen25vl_7b_text,gqa_2387118,0.0,1257,11a9d00c9dc9139001ab168ed7702a61875731bd2f5003ee0d3f8aeec499f3a2
1696,8192,frontier_text_encoder,qwen25vl_7b_text,gqa_2387118,0.0,1696,f9bafdac27568eedcd5f2d57e71405b5664f624c48a01bba7d4908d986cf52d9
228,256,frontier_text_encoder,qwen25vl_7b_text,gqa_2388030,0.25,228,16c2a14f7f023b79a71f0fa2c47ad23958b443c72c23ebd0bc8f06c782087e33
409,512,frontier_text_encoder,qwen25vl_7b_text,gqa_2388030,0.25,409,f1e6587c8cafa455594cc01ac669a80b080e449ce20e5cc4a43f1ec22e788763
409,1024,frontier_text_encoder,qwen25vl_7b_text,gqa_2388030,0.25,409,f1e6587c8cafa455594cc01ac669a80b080e449ce20e5cc4a43f1ec22e788763
409,2048,frontier_text_encoder,qwen25vl_7b_text,gqa_2388030,0.25,409,f1e6587c8cafa455594cc01ac669a80b080e449ce20e5cc4a43f1ec22e788763
897,4096,frontier_text_encoder,qwen25vl_7b_text,gqa_2388030,0.0,897,dc4ab80a3d2a1c719e4b46de23acdf6a0dc1456cfa201fe565fc07acf1178bb6
2762,8192,frontier_text_encoder,qwen25vl_7b_text,gqa_2388030,0.25,2762,5909a0228c4dcc13fecf830ff56c862b77f66d40071c95a861fc68fb8cb31986
214,256,frontier_text_encoder,qwen25vl_7b_text,gqa_2388049,0.25,214,eb6080d6dff404769bf1852de193c351ece640bc9ccc96a7273cd4fb6411a7f8
403,512,frontier_text_encoder,qwen25vl_7b_text,gqa_2388049,0.25,403,011c526f3da659499b2a0666ead8d5ebe8e8ea7545bc6a331ccde05e966f56b0
403,1024,frontier_text_encoder,qwen25vl_7b_text,gqa_2388049,0.25,403,011c526f3da659499b2a0666ead8d5ebe8e8ea7545bc6a331ccde05e966f56b0
403,2048,frontier_text_encoder,qwen25vl_7b_text,gqa_2388049,0.25,403,011c526f3da659499b2a0666ead8d5ebe8e8ea7545bc6a331ccde05e966f56b0
712,4096,frontier_text_encoder,qwen25vl_7b_text,gqa_2388049,0.25,712,0df1a1ce969c0ed0495ad704919be586c9459204e85ca159d5aeac836e87ddf8
1878,8192,frontier_text_encoder,qwen25vl_7b_text,gqa_2388049,0.25,1878,21866c693d9ee858a7c7f16a412114ba65ff1b0de7f5ceb9ed8b01d3d445df65
252,256,frontier_text_encoder,qwen25vl_7b_text,gqa_2389312,0.25,252,2e28921db493fd6ce41caf58eb8a43874eb9397a9d07cae13a57b3e7e6e56c3a
396,512,frontier_text_encoder,qwen25vl_7b_text,gqa_2389312,0.25,396,f0b5dc014309c37c5db8757ccd8a03048470f66c7f0841b46ea7ddf1dedef346
396,1024,frontier_text_encoder,qwen25vl_7b_text,gqa_2389312,0.25,396,f0b5dc014309c37c5db8757ccd8a03048470f66c7f0841b46ea7ddf1dedef346
396,2048,frontier_text_encoder,qwen25vl_7b_text,gqa_2389312,0.25,396,f0b5dc014309c37c5db8757ccd8a03048470f66c7f0841b46ea7ddf1dedef346
1217,4096,frontier_text_encoder,qwen25vl_7b_text,gqa_2389312,0.25,1217,4cff7c3e254fd5a78a1024c7fa2ef34f693fe27084fe87323f81515a18112001
1800,8192,frontier_text_encoder,qwen25vl_7b_text,gqa_2389312,0.25,1800,875223a5a49aaf84de98ddf68ec9b34a8a4faf7904052a89298053438f43007f
237,256,frontier_text_encoder,qwen25vl_7b_text,gqa_2390071,0.25,237,548a23303d82557a8bf5761771eeab2cceb722f0c589a129568cddb945fdc854
318,512,frontier_text_encoder,qwen25vl_7b_text,gqa_2390071,0.25,318,8295afdde20ad0926567e6968c4774430d463ff4c3f4fa38823d8d67b3b0a02f
318,1024,frontier_text_encoder,qwen25vl_7b_text,gqa_2390071,0.25,318,8295afdde20ad0926567e6968c4774430d463ff4c3f4fa38823d8d67b3b0a02f
318,2048,frontier_text_encoder,qwen25vl_7b_text,gqa_2390071,0.25,318,8295afdde20ad0926567e6968c4774430d463ff4c3f4fa38823d8d67b3b0a02f
982,4096,frontier_text_encoder,qwen25vl_7b_text,gqa_2390071,0.0,982,4aad0c9939dcf656de53770e1a252516c02e7a47671987efa19bf4d0d2cadacd
1333,8192,frontier_text_encoder,qwen25vl_7b_text,gqa_2390071,0.0,1333,458ba7ad79c0663ef8a79edeca7e7d492803900586ac8acb7229b2bb4db4c106
256,256,frontier_text_encoder,qwen25vl_7b_text,gqa_2390727,0.0,256,6b3d5fa865f71f6541fa328db93b0bcd352c606fc292214a2707e1bf49b9ba39
342,512,frontier_text_encoder,qwen25vl_7b_text,gqa_2390727,0.0,342,ef2a6844e5ae1272c45126d066f5fc5f099cfdad6095919261fa2c1fc9d02ee1
342,1024,frontier_text_encoder,qwen25vl_7b_text,gqa_2390727,0.0,342,ef2a6844e5ae1272c45126d066f5fc5f099cfdad6095919261fa2c1fc9d02ee1
342,2048,frontier_text_encoder,qwen25vl_7b_text,gqa_2390727,0.0,342,ef2a6844e5ae1272c45126d066f5fc5f099cfdad6095919261fa2c1fc9d02ee1
841,4096,frontier_text_encoder,qwen25vl_7b_text,gqa_2390727,0.0,841,b5a7d899c2e3d45352ab934c1ff4edb63113152f97ce19c5028e476c733d96c5
913,8192,frontier_text_encoder,qwen25vl_7b_text,gqa_2390727,0.0,913,aaf211178d52ae8d154db66b0106cdcd3c969bead494993d5c8781e37ba990bf
251,256,frontier_text_encoder,qwen25vl_7b_text,gqa_2391406,0.25,251,d0fe2a9b7aa0b2779fafe3de9476437df648a1073c4c518190f1bb9253a1f069
315,512,frontier_text_encoder,qwen25vl_7b_text,gqa_2391406,0.25,315,c0962cf010c8f1b5c454d411e321c1019b245c133710f07c4c8be9b0153d8926
315,1024,frontier_text_encoder,qwen25vl_7b_text,gqa_2391406,0.25,315,c0962cf010c8f1b5c454d411e321c1019b245c133710f07c4c8be9b0153d8926
315,2048,frontier_text_encoder,qwen25vl_7b_text,gqa_2391406,0.25,315,c0962cf010c8f1b5c454d411e321c1019b245c133710f07c4c8be9b0153d8926
866,4096,frontier_text_encoder,qwen25vl_7b_text,gqa_2391406,0.5,866,1071764b9a9bf7f2688dd00be14d0d8f5e81c3ed7d43a50ce5ce1e05e47ac2b1
1818,8192,frontier_text_encoder,qwen25vl_7b_text,gqa_2391406,0.5,1818,f2568cb7873a0553baef7c519bf4e7241acdb7afc1a2a76d749f7c71549c5a0b
212,256,frontier_text_encoder,qwen25vl_7b_text,gqa_2391835,0.75,212,531b4008b812ac5857dab6677e51f4bfe36a9798cae163636883a7570f360040
445,512,frontier_text_encoder,qwen25vl_7b_text,gqa_2391835,0.5,445,539f860ec2afe8828e7c78a9e9461fc359861e7a19e51ccfa1f26432b4743740
445,1024,frontier_text_encoder,qwen25vl_7b_text,gqa_2391835,0.5,445,539f860ec2afe8828e7c78a9e9461fc359861e7a19e51ccfa1f26432b4743740
445,2048,frontier_text_encoder,qwen25vl_7b_text,gqa_2391835,0.5,445,539f860ec2afe8828e7c78a9e9461fc359861e7a19e51ccfa1f26432b4743740
798,4096,frontier_text_encoder,qwen25vl_7b_text,gqa_2391835,0.5,798,3de81b4205dd9ebdba5d36f73399cbe42fa6dabdbbc33f94603e6c3e6c41345b
1675,8192,frontier_text_encoder,qwen25vl_7b_text,gqa_2391835,1.0,1675,e51faee6aae252a65af966aa29141fcd6bfb5912bf8064eb43d98abcc7821bbf
255,256,frontier_text_encoder,qwen25vl_7b_text,gqa_2392147,0.5,255,28683ecba166852f6649268a02f6c5dfb0bf0743ddc5263130a7f99a60edeb79
283,512,frontier_text_encoder,qwen25vl_7b_text,gqa_2392147,0.25,283,a3986c7c4bbea607d08340db8541b64887d21e3fad5f59495d408c568bf67b49
283,1024,frontier_text_encoder,qwen25vl_7b_text,gqa_2392147,0.25,283,a3986c7c4bbea607d08340db8541b64887d21e3fad5f59495d408c568bf67b49
283,2048,frontier_text_encoder,qwen25vl_7b_text,gqa_2392147,0.25,283,a3986c7c4bbea607d08340db8541b64887d21e3fad5f59495d408c568bf67b49
1608,4096,frontier_text_encoder,qwen25vl_7b_text,gqa_2392147,0.25,1608,c1ad23006b9a87daf5284e9196b4e2a887b44ffead1d8d36d4f67c6fe034ba86
1997,8192,frontier_text_encoder,qwen25vl_7b_text,gqa_2392147,0.25,1997,a140e71813baf2e685206b6d85941d7ea6813c56b415a1bd00531f00ff8b98a2
214,256,frontier_text_encoder,qwen25vl_7b_text,gqa_2392185,0.25,214,2b9dc7e1c7b7e55350246a2eb7355e0bb637def4bd066f6ddaac8695e7eea813
470,512,frontier_text_encoder,qwen25vl_7b_text,gqa_2392185,0.25,470,6dbdc5ca508eb02a839b06438ae075c1654880e4483ae4321fdbcaf2711dcb90
470,1024,frontier_text_encoder,qwen25vl_7b_text,gqa_2392185,0.25,470,6dbdc5ca508eb02a839b06438ae075c1654880e4483ae4321fdbcaf2711dcb90
470,2048,frontier_text_encoder,qwen25vl_7b_text,gqa_2392185,0.25,470,6dbdc5ca508eb02a839b06438ae075c1654880e4483ae4321fdbcaf2711dcb90
1318,4096,frontier_text_encoder,qwen25vl_7b_text,gqa_2392185,0.25,1318,4777f558727d95fc4f4a6fc305504086af8a2ba93724d03cd67132e0cb636ea5
1853,8192,frontier_text_encoder,qwen25vl_7b_text,gqa_2392185,0.0,1853,80be522df9fa4aa3db3d8fbeeda6908274708d832c80cbfbf6c8d7a56e1dd197
252,256,frontier_text_encoder,qwen25vl_7b_text,gqa_2392318,0.0,252,03d5f77fa02c52b02243542a83d9a66e43ee9fee145564da67527e15a6421526
370,512,frontier_text_encoder,qwen25vl_7b_text,gqa_2392318,0.0,370,d20d0dbd3a42bd685c7812962a00fe5da9b82477595636d8e9e9d8cf7eb05c0f
370,1024,frontier_text_encoder,qwen25vl_7b_text,gqa_2392318,0.0,370,d20d0dbd3a42bd685c7812962a00fe5da9b82477595636d8e9e9d8cf7eb05c0f
370,2048,frontier_text_encoder,qwen25vl_7b_text,gqa_2392318,0.0,370,d20d0dbd3a42bd685c7812962a00fe5da9b82477595636d8e9e9d8cf7eb05c0f
823,4096,frontier_text_encoder,qwen25vl_7b_text,gqa_2392318,0.0,823,b1c52be7e97ab8cabcdc7b61050e6bd5a593bbe18c1f19d7899de2672c6d5e52
2598,8192,frontier_text_encoder,qwen25vl_7b_text,gqa_2392318,0.25,2598,25b0c69e0134f8d5104d724bb641cee282b1e1794a4261dd1f7116019a145756
228,256,frontier_text_encoder,qwen25vl_7b_text,gqa_2393739,0.0,228,7804356ebb9e335246e6a0550619cb5fb0b0692f1075b87c17170f4e31fc8cb1
351,512,frontier_text_encoder,qwen25vl_7b_text,gqa_2393739,0.0,351,c4b70efede5f834845815ab4a12954f39f2ecdbb637dfe00c7f7717357844024
351,1024,frontier_text_encoder,qwen25vl_7b_text,gqa_2393739,0.0,351,c4b70efede5f834845815ab4a12954f39f2ecdbb637dfe00c7f7717357844024
351,2048,frontier_text_encoder,qwen25vl_7b_text,gqa_2393739,0.0,351,c4b70efede5f834845815ab4a12954f39f2ecdbb637dfe00c7f7717357844024
1119,4096,frontier_text_encoder,qwen25vl_7b_text,gqa_2393739,0.0,1119,3cc779ff0af5757ff32f35fc09901387e17a10d1353096f320388883101156a9
986,8192,frontier_text_encoder,qwen25vl_7b_text,gqa_2393739,0.25,986,4c1b6c7bc1cfc13ebe94e619c1a93dc166e35ff0bcdc23df77b3dce58c928022
215,256,frontier_text_encoder,qwen25vl_7b_text,gqa_2393775,0.25,215,c431298d3af7402195b6d8dda1696bdaddd64a2d4a41cf5a846ae1cef73fcfda
443,512,frontier_text_encoder,qwen25vl_7b_text,gqa_2393775,0.0,443,fc2d1fbb8c274f9928bc8c6822e1612c398ef715d34f18be3f2fdf729350fc23
443,1024,frontier_text_encoder,qwen25vl_7b_text,gqa_2393775,0.0,443,fc2d1fbb8c274f9928bc8c6822e1612c398ef715d34f18be3f2fdf729350fc23
443,2048,frontier_text_encoder,qwen25vl_7b_text,gqa_2393775,0.0,443,fc2d1fbb8c274f9928bc8c6822e1612c398ef715d34f18be3f2fdf729350fc23
1117,4096,frontier_text_encoder,qwen25vl_7b_text,gqa_2393775,0.25,1117,a2607a7df90e87e95d9a75d1148ff29d51762e3576cb383670fa6d3a3496a3df
1267,8192,frontier_text_encoder,qwen25vl_7b_text,gqa_2393775,0.0,1267,9fbc1b7c72d3add771bfffed39bedb358745aff0ef800cca77069f5a0e95f107
247,256,frontier_text_encoder,qwen25vl_7b_text,gqa_2393788,0.25,247,8200f50fc5437dd63e5cbfb5d0b93aa77ae546bbc53d7772955bb98ff0f4d02c
496,512,frontier_text_encoder,qwen25vl_7b_text,gqa_2393788,0.0,496,b772c48c80d0008752528f2ec86f7b05552ce8004432d734d2571cac200af8e7
496,1024,frontier_text_encoder,qwen25vl_7b_text,gqa_2393788,0.0,496,b772c48c80d0008752528f2ec86f7b05552ce8004432d734d2571cac200af8e7
496,2048,frontier_text_encoder,qwen25vl_7b_text,gqa_2393788,0.0,496,b772c48c80d0008752528f2ec86f7b05552ce8004432d734d2571cac200af8e7
1308,4096,frontier_text_encoder,qwen25vl_7b_text,gqa_2393788,0.25,1308,49a7d4e551458e97ef5aa1fe090ebb1b3c8d632df2f39262be82b1a8bfbe480a
2362,8192,frontier_text_encoder,qwen25vl_7b_text,gqa_2393788,0.25,2362,83e5504038ff1297fcb905f25bb696fcca7737ef99cb9fd5707e11a8ccfaee4e
226,256,frontier_text_encoder,qwen25vl_7b_text,gqa_2394763,0.25,226,d714c7e41c87400362fb1218392f32ec905f77bca005296a9bb097c64b8f862c
477,512,frontier_text_encoder,qwen25vl_7b_text,gqa_2394763,0.25,477,5e844870ae69bd2679e966c08286227630e36cb4fc31bd9f1373fddaf6296a53
477,1024,frontier_text_encoder,qwen25vl_7b_text,gqa_2394763,0.25,477,5e844870ae69bd2679e966c08286227630e36cb4fc31bd9f1373fddaf6296a53
477,2048,frontier_text_encoder,qwen25vl_7b_text,gqa_2394763,0.25,477,5e844870ae69bd2679e966c08286227630e36cb4fc31bd9f1373fddaf6296a53
1129,4096,frontier_text_encoder,qwen25vl_7b_text,gqa_2394763,0.5,1129,a3eb9fe27cd2152c8317f520bd1d88c432598040b404bbc626c97733615e9806
2425,8192,frontier_text_encoder,qwen25vl_7b_text,gqa_2394763,0.25,2425,e7114e79f46a164265fcd4cfee83eae3594df751424322ce45ca3076108501cd
232,256,frontier_text_encoder,qwen25vl_7b_text,gqa_2394891,0.0,232,f986009ef21373bf323524942fce66f922903eab9dbe314e4fc803b351e80196
396,512,frontier_text_encoder,qwen25vl_7b_text,gqa_2394891,0.25,396,64b0fa6a17ee2cd2bf2ef523df0c967c9a5e6a80e3fc23d822b40bd334234b00
396,1024,frontier_text_encoder,qwen25vl_7b_text,gqa_2394891,0.25,396,64b0fa6a17ee2cd2bf2ef523df0c967c9a5e6a80e3fc23d822b40bd334234b00
396,2048,frontier_text_encoder,qwen25vl_7b_text,gqa_2394891,0.25,396,64b0fa6a17ee2cd2bf2ef523df0c967c9a5e6a80e3fc23d822b40bd334234b00
1579,4096,frontier_text_encoder,qwen25vl_7b_text,gqa_2394891,0.0,1579,8e8ebaed23e4b78d40c28bedada0462a46af2f7a2f7673e8e3404ef76997c57b
528,8192,frontier_text_encoder,qwen25vl_7b_text,gqa_2394891,0.0,528,1b2899f63c40e0af88f78d2a4f3d10fe9450131f37e6d7904f5ede9bbaf04c38
237,256,frontier_text_encoder,qwen25vl_7b_text,gqa_2395361,0.0,237,70adfa22606516be5e28b1827a0421833d554dcf24d90c8305696ebb2ba06416
488,512,frontier_text_encoder,qwen25vl_7b_text,gqa_2395361,0.0,488,09e7d801565b7353d077f567f7629a279f58b34bcc1ab1546e01302d0e202c0b
488,1024,frontier_text_encoder,qwen25vl_7b_text,gqa_2395361,0.0,488,09e7d801565b7353d077f567f7629a279f58b34bcc1ab1546e01302d0e202c0b
488,2048,frontier_text_encoder,qwen25vl_7b_text,gqa_2395361,0.0,488,09e7d801565b7353d077f567f7629a279f58b34bcc1ab1546e01302d0e202c0b
1470,4096,frontier_text_encoder,qwen25vl_7b_text,gqa_2395361,0.0,1470,570b276d20fbbf62cbe61651d28a1867ee5c858f60a5c53980ece18930d2c459
2387,8192,frontier_text_encoder,qwen25vl_7b_text,gqa_2395361,0.5,2387,1f6505a2f07069f5f353a1b8ce15ef98b9a1b2b0e9d2924b180dcdfb90423a9d
255,256,frontier_text_encoder,qwen25vl_7b_text,gqa_2396578,0.0,255,039b0179b557c6ffbfec14024331845dffa62cef9aba7b923cb0af714d174deb
447,512,frontier_text_encoder,qwen25vl_7b_text,gqa_2396578,0.25,447,879890f0ac48380576c915087bb0dc5e8db26dbfd017b5a1c98b3b99366ddb75
447,1024,frontier_text_encoder,qwen25vl_7b_text,gqa_2396578,0.25,447,879890f0ac48380576c915087bb0dc5e8db26dbfd017b5a1c98b3b99366ddb75
447,2048,frontier_text_encoder,qwen25vl_7b_text,gqa_2396578,0.25,447,879890f0ac48380576c915087bb0dc5e8db26dbfd017b5a1c98b3b99366ddb75
1259,4096,frontier_text_encoder,qwen25vl_7b_text,gqa_2396578,0.25,1259,f100c278c1f64584ca53a7a0dcdc21721796bd9f9281856c9ec109e96b588efb
1285,8192,frontier_text_encoder,qwen25vl_7b_text,gqa_2396578,0.0,1285,b643331d7041fa4a688910057645212c09ccc3eae782dae905cb4cfb5cee1de5
236,256,frontier_text_encoder,qwen25vl_7b_text,gqa_2398108,0.0,236,29152c99859ca8a6f4ac9eeb69ae70acb4402617e40cad960c84fd8f44ab115a
465,512,frontier_text_encoder,qwen25vl_7b_text,gqa_2398108,0.0,465,13a95ff2d73bbeda19726b15e638a2ebc7ae0b35d9124cf6cef026f7b385f89e
465,1024,frontier_text_encoder,qwen25vl_7b_text,gqa_2398108,0.0,465,13a95ff2d73bbeda19726b15e638a2ebc7ae0b35d9124cf6cef026f7b385f89e
465,2048,frontier_text_encoder,qwen25vl_7b_text,gqa_2398108,0.0,465,13a95ff2d73bbeda19726b15e638a2ebc7ae0b35d9124cf6cef026f7b385f89e
840,4096,frontier_text_encoder,qwen25vl_7b_text,gqa_2398108,0.0,840,3e3e7a66d39774dea3a11570ec608a337bbdc8f7e6d0429c206d2147d5dc79ef
2014,8192,frontier_text_encoder,qwen25vl_7b_text,gqa_2398108,0.25,2014,a103f44a196c6339ded62750d1783afd37c7d420633377ab2d3e26a090d9f2ba
239,256,frontier_text_encoder,qwen25vl_7b_text,gqa_2398612,0.75,239,5a8f98cc4f923198f9a17504fb332978caffd6f3261890b0058e881546c2676d
499,512,frontier_text_encoder,qwen25vl_7b_text,gqa_2398612,0.75,499,387a1b2c04000bc693003ed5753e2ff130248f5373c0aa2729ab0bdabc5d55df
543,1024,frontier_text_encoder,qwen25vl_7b_text,gqa_2398612,0.75,543,36f02731c81468474e4a87f4c10a727cacbe7a9b2807ba2550be1b69ec746002
543,2048,frontier_text_encoder,qwen25vl_7b_text,gqa_2398612,0.75,543,36f02731c81468474e4a87f4c10a727cacbe7a9b2807ba2550be1b69ec746002
1127,4096,frontier_text_encoder,qwen25vl_7b_text,gqa_2398612,0.75,1127,17ae7e304d0f2f52207097c6ad5d1e1b413d97d67b3e7decd48f7ade26d195b2
1443,8192,frontier_text_encoder,qwen25vl_7b_text,gqa_2398612,0.75,1443,72faf3d23f6cc38e929d508ae7c7d20a2589e84576f960cd31e20e5b95977edc
236,256,frontier_text_encoder,qwen25vl_7b_text,gqa_2399149,0.25,236,5ffe61e8b2759e0d37edb050fd7dfc578d4ff21fdb905b72b7dfeb8bff43a478
407,512,frontier_text_encoder,qwen25vl_7b_text,gqa_2399149,0.25,407,bd847852080c5abdc7e151e85af449a36db9fc90ee7bb27966c87a8b9cc520e4
407,1024,frontier_text_encoder,qwen25vl_7b_text,gqa_2399149,0.25,407,bd847852080c5abdc7e151e85af449a36db9fc90ee7bb27966c87a8b9cc520e4
407,2048,frontier_text_encoder,qwen25vl_7b_text,gqa_2399149,0.25,407,bd847852080c5abdc7e151e85af449a36db9fc90ee7bb27966c87a8b9cc520e4
815,4096,frontier_text_encoder,qwen25vl_7b_text,gqa_2399149,0.25,815,36c2acbda040721a06f05e367b6e9d1cf85f9bd7ee7b7b0c29b123396eec4adc
825,8192,frontier_text_encoder,qwen25vl_7b_text,gqa_2399149,0.5,825,349c2a3d6fd8dd7a7131083b40132ac5b9970668d9be11ab0cc4bbdb81baeffd
248,256,frontier_text_encoder,qwen25vl_7b_text,gqa_2399600,0.75,248,2693d10fa62958e618f2ce6c8be70441233bbe51eaa28bab0d4c2f4e62119e69
325,512,frontier_text_encoder,qwen25vl_7b_text,gqa_2399600,0.75,325,801b76bc4b5e7cf128f11b15bfca759ee45e9d3390b87d92f9d622b32154ae83
325,1024,frontier_text_encoder,qwen25vl_7b_text,gqa_2399600,0.75,325,801b76bc4b5e7cf128f11b15bfca759ee45e9d3390b87d92f9d622b32154ae83
325,2048,frontier_text_encoder,qwen25vl_7b_text,gqa_2399600,0.75,325,801b76bc4b5e7cf128f11b15bfca759ee45e9d3390b87d92f9d622b32154ae83
1070,4096,frontier_text_encoder,qwen25vl_7b_text,gqa_2399600,1.0,1070,bd702438a7870302411036f96a42bf972e7a3fb1416b12b8e6a33a25ff62a30a
2591,8192,frontier_text_encoder,qwen25vl_7b_text,gqa_2399600,1.0,2591,b6cb9f2b6ff750655d42a299175fe62014132e2afd363bccbe2c638b53d71421
200,256,frontier_text_encoder,qwen25vl_7b_text,gqa_2400016,0.25,200,a17f74ef9fc9f525bceecc51c38131ae60996cd867c98b7fee24274e41f896d3
486,512,frontier_text_encoder,qwen25vl_7b_text,gqa_2400016,0.0,486,5c2a0a6a58e4c7fbb68c049acbf1da7fc5cdc4959f51c17a6f34f35ac544a0e3
537,1024,frontier_text_encoder,qwen25vl_7b_text,gqa_2400016,0.25,537,da319df702fc361c89a0f8aae2e73b56fd12b823269a628da9801af86dd13f9a
537,2048,frontier_text_encoder,qwen25vl_7b_text,gqa_2400016,0.25,537,da319df702fc361c89a0f8aae2e73b56fd12b823269a628da9801af86dd13f9a
1125,4096,frontier_text_encoder,qwen25vl_7b_text,gqa_2400016,0.0,1125,0bf89d4e6f4ef4906ee08a0dea7b9a34564333908d1a5f317c683f6a12c4756c
2115,8192,frontier_text_encoder,qwen25vl_7b_text,gqa_2400016,0.0,2115,9ca4046a43fb419e729cce5650e7d9ad8573f9c4afe8da057b2cafb983f559e3
207,256,frontier_text_encoder,qwen25vl_7b_text,gqa_2401622,0.25,207,92800c42eb6f62cd21eee1d67f54a3cc4803c6fa0540b1517d746070844077da
487,512,frontier_text_encoder,qwen25vl_7b_text,gqa_2401622,0.5,487,d80c8c4a39a6e3e7c513c4258792a432b6ec22f45026f4fc342e5c5501f97b34
487,1024,frontier_text_encoder,qwen25vl_7b_text,gqa_2401622,0.5,487,d80c8c4a39a6e3e7c513c4258792a432b6ec22f45026f4fc342e5c5501f97b34
487,2048,frontier_text_encoder,qwen25vl_7b_text,gqa_2401622,0.5,487,d80c8c4a39a6e3e7c513c4258792a432b6ec22f45026f4fc342e5c5501f97b34
941,4096,frontier_text_encoder,qwen25vl_7b_text,gqa_2401622,0.25,941,f56db6af5fdebd722e7533fd5380bb36428b87247e9628b2b4bf93b927855e0c
945,8192,frontier_text_encoder,qwen25vl_7b_text,gqa_2401622,0.25,945,9c85ecc6da0eac9b1f269cb1265e04f7bc9cd55eb21b998f7bd500ce4fe85217
245,256,frontier_text_encoder,qwen25vl_7b_text,gqa_2401908,0.0,245,788de94291a219241daa23a59e526713e8719a7b19d5d3dafe6cefeaaa5feb8e
490,512,frontier_text_encoder,qwen25vl_7b_text,gqa_2401908,0.0,490,d8a2d34324341b0f132aee082227ee59f13c58ecf57ac8af30043c951c80b650
490,1024,frontier_text_encoder,qwen25vl_7b_text,gqa_2401908,0.0,490,d8a2d34324341b0f132aee082227ee59f13c58ecf57ac8af30043c951c80b650
490,2048,frontier_text_encoder,qwen25vl_7b_text,gqa_2401908,0.0,490,d8a2d34324341b0f132aee082227ee59f13c58ecf57ac8af30043c951c80b650
1049,4096,frontier_text_encoder,qwen25vl_7b_text,gqa_2401908,0.25,1049,ce038c5b0ad70e269dbcea3d5889e9417b97d29e0bccf3c67b11588d9cad8021
2153,8192,frontier_text_encoder,qwen25vl_7b_text,gqa_2401908,0.0,2153,1962f4a96d43d063c4bb09907dd5ce80d8b21cefaaa58938b3e3d5112d386396
225,256,frontier_text_encoder,qwen25vl_7b_text,gqa_2402947,0.25,225,945373d2212a2f304a6417b4897ccb4e0683c432ac0aec29f60b36c95b3d4a77
393,512,frontier_text_encoder,qwen25vl_7b_text,gqa_2402947,0.25,393,e2a3b7fc36667ef3e0fc3404eff061b00cc11fc834325efbd86f12ac6955019b
393,1024,frontier_text_encoder,qwen25vl_7b_text,gqa_2402947,0.25,393,e2a3b7fc36667ef3e0fc3404eff061b00cc11fc834325efbd86f12ac6955019b
393,2048,frontier_text_encoder,qwen25vl_7b_text,gqa_2402947,0.25,393,e2a3b7fc36667ef3e0fc3404eff061b00cc11fc834325efbd86f12ac6955019b
1431,4096,frontier_text_encoder,qwen25vl_7b_text,gqa_2402947,0.0,1431,4285cb767d07a45a04ce1733ab56694a236dd958f0d956d295cc257563c8fd4e
1757,8192,frontier_text_encoder,qwen25vl_7b_text,gqa_2402947,0.25,1757,95111b3d9885da335bb63b95f33bb4125eefd26c3b8b72690b399c60233245b8
248,256,frontier_text_encoder,qwen25vl_7b_text,gqa_2403595,0.0,248,78a64313a7b4ab41473ecd03e9f0fbce873d27b6b88c36e460437b8f56b135b0
393,512,frontier_text_encoder,qwen25vl_7b_text,gqa_2403595,0.0,393,13df7351a3f882e0e65bf67efcf759ac5e5306c80a391d76bd7b85cd5f3efcdd
393,1024,frontier_text_encoder,qwen25vl_7b_text,gqa_2403595,0.0,393,13df7351a3f882e0e65bf67efcf759ac5e5306c80a391d76bd7b85cd5f3efcdd
393,2048,frontier_text_encoder,qwen25vl_7b_text,gqa_2403595,0.0,393,13df7351a3f882e0e65bf67efcf759ac5e5306c80a391d76bd7b85cd5f3efcdd
328,4096,frontier_text_encoder,qwen25vl_7b_text,gqa_2403595,0.0,328,29aba90f7629699769df0cc5c5e5c28d2cfae1cb8fbceafe4a7b168171f654b0
1229,8192,frontier_text_encoder,qwen25vl_7b_text,gqa_2403595,0.25,1229,584adea47a27c557317d4f75c2dad323d9678ee419a88caa6e379f1449fd82e6
225,256,frontier_text_encoder,qwen25vl_7b_text,gqa_2404130,0.5,225,8c54e086a5ab2bb08bb34e7050a27203290e49c5bfa7467512e712ac0adc52ab
366,512,frontier_text_encoder,qwen25vl_7b_text,gqa_2404130,0.5,366,66dfa0d1f33fb27a556e828ac994b151b7fa90a4acef09b4a1c2dc7eb5b30a2c
366,1024,frontier_text_encoder,qwen25vl_7b_text,gqa_2404130,0.5,366,66dfa0d1f33fb27a556e828ac994b151b7fa90a4acef09b4a1c2dc7eb5b30a2c
366,2048,frontier_text_encoder,qwen25vl_7b_text,gqa_2404130,0.5,366,66dfa0d1f33fb27a556e828ac994b151b7fa90a4acef09b4a1c2dc7eb5b30a2c
1071,4096,frontier_text_encoder,qwen25vl_7b_text,gqa_2404130,0.25,1071,0fa7f30930c7d9fe2d95c9d40bd1a0ef08c03dcdba1508c54332e00c1ab13701
2069,8192,frontier_text_encoder,qwen25vl_7b_text,gqa_2404130,0.5,2069,b822f4f799e6d897de9bee634e82c83180fc4f8a6c4da7c836326061633bea94
230,256,frontier_text_encoder,qwen25vl_7b_text,gqa_2405174,0.0,230,a9380b05ed4f8f57a1ffe71b92941ba9d1d089787f59e9a9f4caf39beaff89d8
372,512,frontier_text_encoder,qwen25vl_7b_text,gqa_2405174,0.0,372,ba235c258fa8d114e95aa5e99876534b654f02a4476fa4fe96101f544bd7ff9b
372,1024,frontier_text_encoder,qwen25vl_7b_text,gqa_2405174,0.0,372,ba235c258fa8d114e95aa5e99876534b654f02a4476fa4fe96101f544bd7ff9b
372,2048,frontier_text_encoder,qwen25vl_7b_text,gqa_2405174,0.0,372,ba235c258fa8d114e95aa5e99876534b654f02a4476fa4fe96101f544bd7ff9b
1722,4096,frontier_text_encoder,qwen25vl_7b_text,gqa_2405174,0.0,1722,60d78008c42a4a2076a4c729217024bb4b6759e0be2f2a35d90865dd0d97b9b8
2475,8192,frontier_text_encoder,qwen25vl_7b_text,gqa_2405174,0.0,2475,5605ce1ca91f8e1e696415e3ab418fc614c7d91ea93aef5867a29cf8c5a696bc
217,256,frontier_text_encoder,qwen25vl_7b_text,gqa_2408048,0.0,217,496c34d65528c70fbb659a0d69e0bcd6a682fff6cf435974a30f16c62079d999
380,512,frontier_text_encoder,qwen25vl_7b_text,gqa_2408048,0.0,380,2140193dfe45331bea984346b61af2279bc6240ebfea4602ef0bf2e545de5b70
380,1024,frontier_text_encoder,qwen25vl_7b_text,gqa_2408048,0.0,380,2140193dfe45331bea984346b61af2279bc6240ebfea4602ef0bf2e545de5b70
380,2048,frontier_text_encoder,qwen25vl_7b_text,gqa_2408048,0.0,380,2140193dfe45331bea984346b61af2279bc6240ebfea4602ef0bf2e545de5b70
1556,4096,frontier_text_encoder,qwen25vl_7b_text,gqa_2408048,0.0,1556,8dc188a8663d4719a542d12be48afde1093107dd92ea87627855461288987dc0
1091,8192,frontier_text_encoder,qwen25vl_7b_text,gqa_2408048,0.0,1091,7577dc2438065907521482bf22ddc0c93027e6df69a49a8f8f20e5a11d8e7fc0
204,256,frontier_text_encoder,qwen25vl_7b_text,gqa_2409068,0.0,204,6e5d9ee56af81dc98b0aa2ac5f7784802fc75b399ae347dc769191381819d2b1
377,512,frontier_text_encoder,qwen25vl_7b_text,gqa_2409068,0.75,377,186836624b9051d257ef0595328c7ad8dbe8abdaa3def71f9bc514336ab6c290
377,1024,frontier_text_encoder,qwen25vl_7b_text,gqa_2409068,0.75,377,186836624b9051d257ef0595328c7ad8dbe8abdaa3def71f9bc514336ab6c290
377,2048,frontier_text_encoder,qwen25vl_7b_text,gqa_2409068,0.75,377,186836624b9051d257ef0595328c7ad8dbe8abdaa3def71f9bc514336ab6c290
519,4096,frontier_text_encoder,qwen25vl_7b_text,gqa_2409068,0.75,519,c2af63f825518ea432964dcff767705d95e3845597ed29572bf970d00a252a17
1955,8192,frontier_text_encoder,qwen25vl_7b_text,gqa_2409068,0.25,1955,768728744c91172257d2a98f99f0f0d47870370b9a7242dafd4f88487d7a0807
231,256,frontier_text_encoder,qwen25vl_7b_text,gqa_2409472,0.0,231,c5a545ac3e3eaab110697cbe990044a3dbffe4dacca47f8b7e2a1a5bc077a191
416,512,frontier_text_encoder,qwen25vl_7b_text,gqa_2409472,0.25,416,3e6596e0f0e5e1d77ae36c712f4ba2159951f3a711f0bd816d69844764ce3e3e
416,1024,frontier_text_encoder,qwen25vl_7b_text,gqa_2409472,0.25,416,3e6596e0f0e5e1d77ae36c712f4ba2159951f3a711f0bd816d69844764ce3e3e
416,2048,frontier_text_encoder,qwen25vl_7b_text,gqa_2409472,0.25,416,3e6596e0f0e5e1d77ae36c712f4ba2159951f3a711f0bd816d69844764ce3e3e
399,4096,frontier_text_encoder,qwen25vl_7b_text,gqa_2409472,0.25,399,d3d39d2a6952860368aba9e29a6922f4da45f04306d0a5ffccbdc2c9e678a864
1950,8192,frontier_text_encoder,qwen25vl_7b_text,gqa_2409472,0.5,1950,9e6c5aade75761b56861455db0fbd31454d13ff0c821872b8f5361856038c130
239,256,frontier_text_encoder,qwen25vl_7b_text,gqa_2410472,0.0,239,868788535db5c66197485dbf95ed98e85e825bc13074345ff1dd4d79f55884a5
353,512,frontier_text_encoder,qwen25vl_7b_text,gqa_2410472,0.0,353,a89fa133a45c679b693df9f4e8d260aecc86c77c42dd07715d9c2c1cd7166688
353,1024,frontier_text_encoder,qwen25vl_7b_text,gqa_2410472,0.0,353,a89fa133a45c679b693df9f4e8d260aecc86c77c42dd07715d9c2c1cd7166688
353,2048,frontier_text_encoder,qwen25vl_7b_text,gqa_2410472,0.0,353,a89fa133a45c679b693df9f4e8d260aecc86c77c42dd07715d9c2c1cd7166688
350,4096,frontier_text_encoder,qwen25vl_7b_text,gqa_2410472,0.0,350,8aa80bde9bdc47e24d59de54405adbaf8e0bfeafb1425802eed053a35b62124d
271,8192,frontier_text_encoder,qwen25vl_7b_text,gqa_2410472,0.0,271,64452f952d4f608dcd0ec4600f0ba477a9178002046a79698f57e05aeeba900c
252,256,frontier_text_encoder,qwen25vl_7b_text,gqa_2411812,0.0,252,727c7829e9c5465aa197834c0d9286aee9b41ff94360c789ad9469e778ca018c
484,512,frontier_text_encoder,qwen25vl_7b_text,gqa_2411812,0.25,484,25cadf6ed68504fc8c697d0f604a1d3ec0e06044acee4f35b2589c7c13ccbcd2
556,1024,frontier_text_encoder,qwen25vl_7b_text,gqa_2411812,0.0,556,d515fc28d161b77594ba8d40a324eca565c042f6b09d2e2de7c29377af5370ea
556,2048,frontier_text_encoder,qwen25vl_7b_text,gqa_2411812,0.0,556,d515fc28d161b77594ba8d40a324eca565c042f6b09d2e2de7c29377af5370ea
397,4096,frontier_text_encoder,qwen25vl_7b_text,gqa_2411812,0.25,397,41e2ddd2ada60b98b2387a66fca2761912a96f45debe15938edc9e3b46d4b1aa
571,8192,frontier_text_encoder,qwen25vl_7b_text,gqa_2411812,0.25,571,f995aefbab50a75d9e7f3bab36c5339b2a17d57403feb516c4bc86577247b83b
247,256,frontier_text_encoder,qwen25vl_7b_text,gqa_2412131,0.25,247,33e35f87a73fbaee6a88642d1691284b484d00b70f688152be22056a9283c6be
306,512,frontier_text_encoder,qwen25vl_7b_text,gqa_2412131,0.25,306,d1d8456290e26c7331f22a8470eb83cb9f81ff993710c824bb12799c0d1bf383
306,1024,frontier_text_encoder,qwen25vl_7b_text,gqa_2412131,0.25,306,d1d8456290e26c7331f22a8470eb83cb9f81ff993710c824bb12799c0d1bf383
306,2048,frontier_text_encoder,qwen25vl_7b_text,gqa_2412131,0.25,306,d1d8456290e26c7331f22a8470eb83cb9f81ff993710c824bb12799c0d1bf383
211,4096,frontier_text_encoder,qwen25vl_7b_text,gqa_2412131,0.25,211,97ddc38ac937402c7f4b931a6ea1f96c7436e1dfa1282fe10669db20ef383447
994,8192,frontier_text_encoder,qwen25vl_7b_text,gqa_2412131,0.25,994,f1195ce62df055c8c118749e6cdac62d7328e6407babbc6af3dae6a32038c91e
252,256,frontier_text_encoder,qwen25vl_7b_text,gqa_2412204,0.0,252,3453466c249fe78e26b0bf54df81abf1efb44115ff1e88e071c7a4ec35ecb889
405,512,frontier_text_encoder,qwen25vl_7b_text,gqa_2412204,0.0,405,b4dd56fd2158c11829f35e3a5839479a7ee76590d69235ebf70aadfd3433b9b2
405,1024,frontier_text_encoder,qwen25vl_7b_text,gqa_2412204,0.0,405,b4dd56fd2158c11829f35e3a5839479a7ee76590d69235ebf70aadfd3433b9b2
405,2048,frontier_text_encoder,qwen25vl_7b_text,gqa_2412204,0.0,405,b4dd56fd2158c11829f35e3a5839479a7ee76590d69235ebf70aadfd3433b9b2
1000,4096,frontier_text_encoder,qwen25vl_7b_text,gqa_2412204,0.0,1000,e93a1f347caa13110e9b3ab3e2f19a999b05fa246ad191a33ee7749f287fd9ea
1090,8192,frontier_text_encoder,qwen25vl_7b_text,gqa_2412204,0.0,1090,dc05e84700c482f870fa8e46d1057dd0bd597e0bc6dd62c87305d64dd0feb39e
224,256,frontier_text_encoder,qwen25vl_7b_text,gqa_2412554,0.0,224,0b86f3bfb44333bbb024520eb8308e439d8b5e84e6c7bcef3dc1fd79f638adc0
269,512,frontier_text_encoder,qwen25vl_7b_text,gqa_2412554,0.0,269,0d1596ca9b1eb8b60b265e3792d375f2a682335114ad9359a83defe908654eab
269,1024,frontier_text_encoder,qwen25vl_7b_text,gqa_2412554,0.0,269,0d1596ca9b1eb8b60b265e3792d375f2a682335114ad9359a83defe908654eab
269,2048,frontier_text_encoder,qwen25vl_7b_text,gqa_2412554,0.0,269,0d1596ca9b1eb8b60b265e3792d375f2a682335114ad9359a83defe908654eab
1026,4096,frontier_text_encoder,qwen25vl_7b_text,gqa_2412554,0.0,1026,5efa57097052c33d99f7a58f8b33a6b1a2760de7dc93a327ba9fde0ecd2a7f19
1090,8192,frontier_text_encoder,qwen25vl_7b_text,gqa_2412554,0.0,1090,574d170b97e711c975c18a52820cf457740a69b67aae6bf2c96b40bf0991d98a
239,256,frontier_text_encoder,qwen25vl_7b_text,gqa_2412648,0.0,239,1de5316d8cb733b553317afdf4727fb3ce0025ea0a368a05e166cb20354231e8
383,512,frontier_text_encoder,qwen25vl_7b_text,gqa_2412648,0.0,383,a0062eb71e01165c25670346866400bb7c4248269f97b003160ea4f07fce5e7d
383,1024,frontier_text_encoder,qwen25vl_7b_text,gqa_2412648,0.0,383,a0062eb71e01165c25670346866400bb7c4248269f97b003160ea4f07fce5e7d
383,2048,frontier_text_encoder,qwen25vl_7b_text,gqa_2412648,0.0,383,a0062eb71e01165c25670346866400bb7c4248269f97b003160ea4f07fce5e7d
1058,4096,frontier_text_encoder,qwen25vl_7b_text,gqa_2412648,0.25,1058,30197b2028ed047eb7741a4252902ca0df5bc1ac6663143c87f6de936535db23
1801,8192,frontier_text_encoder,qwen25vl_7b_text,gqa_2412648,0.0,1801,44de8809a41e74db2dcd53a4d0826ed016f0573f3d5865541c2a14d569543d3a
236,256,frontier_text_encoder,qwen25vl_7b_text,gqa_2413428,0.25,236,52fc7048ec2070f2aff211858780c6ef3035ed7ed13bde4c87cc0db2ded2262b
321,512,frontier_text_encoder,qwen25vl_7b_text,gqa_2413428,0.0,321,622f21531e32d1b62c54582e4e18eab3193fcf3389b1e906bc8c20c7029952e8
321,1024,frontier_text_encoder,qwen25vl_7b_text,gqa_2413428,0.0,321,622f21531e32d1b62c54582e4e18eab3193fcf3389b1e906bc8c20c7029952e8
321,2048,frontier_text_encoder,qwen25vl_7b_text,gqa_2413428,0.0,321,622f21531e32d1b62c54582e4e18eab3193fcf3389b1e906bc8c20c7029952e8
444,4096,frontier_text_encoder,qwen25vl_7b_text,gqa_2413428,0.25,444,28dfc924815acb9fdec890e886a55f89a707cd215589f13788cf94166e470799
335,8192,frontier_text_encoder,qwen25vl_7b_text,gqa_2413428,0.25,335,5006cba36b79f2451181def114a538a72962d2c92445ff45a1621bfd9762d32a
255,256,frontier_text_encoder,qwen25vl_7b_text,gqa_2413503,0.25,255,5d1c47219ab4715557c8add6cb9a898322c046a0eda02718eeb73ece04849cf2
501,512,frontier_text_encoder,qwen25vl_7b_text,gqa_2413503,0.25,501,4b36b99814f70155314f7679bc602f44df7872dc19861d18a08430a1f2cd2bea
501,1024,frontier_text_encoder,qwen25vl_7b_text,gqa_2413503,0.25,501,4b36b99814f70155314f7679bc602f44df7872dc19861d18a08430a1f2cd2bea
501,2048,frontier_text_encoder,qwen25vl_7b_text,gqa_2413503,0.25,501,4b36b99814f70155314f7679bc602f44df7872dc19861d18a08430a1f2cd2bea
1398,4096,frontier_text_encoder,qwen25vl_7b_text,gqa_2413503,0.25,1398,8169bcdccb2860bbd0e4615fa75a677329e8645161f0cf39b4d542e3d4076af1
2858,8192,frontier_text_encoder,qwen25vl_7b_text,gqa_2413503,0.25,2858,4fc2f74771da4656ac0ffbf3f599ddfc2510e96265830b9ace47c9fc066c4fc7
237,256,frontier_text_encoder,qwen25vl_7b_text,gqa_2414149,0.5,237,079cf295782758f9cae1a3b02ba6ba6de7f501ba26c1db29b12047abce69219c
371,512,frontier_text_encoder,qwen25vl_7b_text,gqa_2414149,0.5,371,6e3d49e8a47111aa6035a08a10e66d355849009c7d1f6ff62b2a6a90a071008c
371,1024,frontier_text_encoder,qwen25vl_7b_text,gqa_2414149,0.5,371,6e3d49e8a47111aa6035a08a10e66d355849009c7d1f6ff62b2a6a90a071008c
371,2048,frontier_text_encoder,qwen25vl_7b_text,gqa_2414149,0.5,371,6e3d49e8a47111aa6035a08a10e66d355849009c7d1f6ff62b2a6a90a071008c
1011,4096,frontier_text_encoder,qwen25vl_7b_text,gqa_2414149,0.5,1011,58246c31c72bfd19a0a0f5d195aa8076aa8411c5210ab4d311cca89a704f9297
1193,8192,frontier_text_encoder,qwen25vl_7b_text,gqa_2414149,0.5,1193,6c3da4238be0a3ceca98830157285a6c4977540ceae22a5b4d4c0ac776a689e4
236,256,frontier_text_encoder,qwen25vl_7b_text,gqa_2415921,0.25,236,bdb6752224e17592a3c8c6cc6af93dab64d0fa0c12a8de4a9b96b987507d1a56
279,512,frontier_text_encoder,qwen25vl_7b_text,gqa_2415921,0.5,279,93044f8e42db3be7badd4f03e57a28f45360e507fbaa464eaaf15f6894c65d39
279,1024,frontier_text_encoder,qwen25vl_7b_text,gqa_2415921,0.5,279,93044f8e42db3be7badd4f03e57a28f45360e507fbaa464eaaf15f6894c65d39
279,2048,frontier_text_encoder,qwen25vl_7b_text,gqa_2415921,0.5,279,93044f8e42db3be7badd4f03e57a28f45360e507fbaa464eaaf15f6894c65d39
524,4096,frontier_text_encoder,qwen25vl_7b_text,gqa_2415921,0.5,524,b247ddf6f238234fb8389ab205cf3accbd4ea3055e1847e8e25166490a028dcb
1707,8192,frontier_text_encoder,qwen25vl_7b_text,gqa_2415921,0.5,1707,eb3c4957d36fd909f2ee0a036aa20ceb22546976163cd88c88ab53acf0df7dc9
237,256,frontier_text_encoder,qwen25vl_7b_text,gqa_2416484,0.25,237,6b5eb7c77f9c1af45e613e74c4554e54a9ceef2cb12998fff00749c14c3b6d8d
411,512,frontier_text_encoder,qwen25vl_7b_text,gqa_2416484,0.25,411,72d2cdcbe6fb24b5ac69349efdd251f500264db324f89f200a3cca748e38ae1a
411,1024,frontier_text_encoder,qwen25vl_7b_text,gqa_2416484,0.25,411,72d2cdcbe6fb24b5ac69349efdd251f500264db324f89f200a3cca748e38ae1a
411,2048,frontier_text_encoder,qwen25vl_7b_text,gqa_2416484,0.25,411,72d2cdcbe6fb24b5ac69349efdd251f500264db324f89f200a3cca748e38ae1a
514,4096,frontier_text_encoder,qwen25vl_7b_text,gqa_2416484,0.25,514,68603fc344a42a6f14371c8f7d02674a821429fce52cb758b0e758424e5193fc
539,8192,frontier_text_encoder,qwen25vl_7b_text,gqa_2416484,0.25,539,49784829555876482150b84d6167cc1ced39cc3e1d793eec222d6bdacc1e1097
242,256,frontier_text_encoder,qwen25vl_7b_text,gqa_2416524,0.5,242,f7c178cb584ad64d0b338986565757e00d23d1194f783c2900b5b725617f566e
467,512,frontier_text_encoder,qwen25vl_7b_text,gqa_2416524,0.5,467,7acdb655479da35a2c153a6cecb741a07ba9281e30e60479b5db0bdc16fe905c
515,1024,frontier_text_encoder,qwen25vl_7b_text,gqa_2416524,0.5,515,1bc93a81fa7764b95eaa6235f0364f9e4f4a27a3c2c28840a01fc05f5a8e8d63
515,2048,frontier_text_encoder,qwen25vl_7b_text,gqa_2416524,0.5,515,1bc93a81fa7764b95eaa6235f0364f9e4f4a27a3c2c28840a01fc05f5a8e8d63
1037,4096,frontier_text_encoder,qwen25vl_7b_text,gqa_2416524,0.5,1037,39e073cd67a7d570621fa3d095bca729e8175957a5183061e2c439acbf84c6b6
1147,8192,frontier_text_encoder,qwen25vl_7b_text,gqa_2416524,0.25,1147,f88a72398c0bd6063a7f6efece8acb3262411f2591c81767a8075da7a561878a
236,256,frontier_text_encoder,qwen25vl_7b_text,gqa_2861,0.0,236,aacc5ef2bbc6f37e60885f7260640449e2fec076cbb5abf502d4584cea63851e
421,512,frontier_text_encoder,qwen25vl_7b_text,gqa_2861,0.0,421,46f0455f9b5f1c97be0150343369f83bec60d029b942412c4dce9d8e8e0a593b
421,1024,frontier_text_encoder,qwen25vl_7b_text,gqa_2861,0.0,421,46f0455f9b5f1c97be0150343369f83bec60d029b942412c4dce9d8e8e0a593b
421,2048,frontier_text_encoder,qwen25vl_7b_text,gqa_2861,0.0,421,46f0455f9b5f1c97be0150343369f83bec60d029b942412c4dce9d8e8e0a593b
1064,4096,frontier_text_encoder,qwen25vl_7b_text,gqa_2861,0.0,1064,264a9d12ee5ef55c21539fa1193259beb1c9fa154293125443241faba5186292
1627,8192,frontier_text_encoder,qwen25vl_7b_text,gqa_2861,0.0,1627,f3d0ecd7442bb9e839ca5bf1f431c4ca266ff32b437200ceee2c64ba72539632
