budget_bytes,method_name,reason,sample_id,status
256,webp_fixed_resolution_diagnostic,No WEBP grid encoding fits 256 B,gqa_21,infeasible
256,webp_fixed_resolution_diagnostic,No WEBP grid encoding fits 256 B,gqa_2162,infeasible
256,webp_fixed_resolution_diagnostic,No WEBP grid encoding fits 256 B,gqa_2861,infeasible
256,webp_fixed_resolution_diagnostic,No WEBP grid encoding fits 256 B,gqa_150292,infeasible
256,webp_fixed_resolution_diagnostic,No WEBP grid encoding fits 256 B,gqa_150295,infeasible
256,webp_fixed_resolution_diagnostic,No WEBP grid encoding fits 256 B,gqa_498006,infeasible
256,webp_fixed_resolution_diagnostic,No WEBP grid encoding fits 256 B,gqa_713795,infeasible
256,webp_fixed_resolution_diagnostic,No WEBP grid encoding fits 256 B,gqa_713928,infeasible
256,webp_fixed_resolution_diagnostic,No WEBP grid encoding fits 256 B,gqa_1592103,infeasible
256,webp_fixed_resolution_diagnostic,No WEBP grid encoding fits 256 B,gqa_1593007,infeasible
256,webp_fixed_resolution_diagnostic,No WEBP grid encoding fits 256 B,gqa_1593177,infeasible
256,webp_fixed_resolution_diagnostic,No WEBP grid encoding fits 256 B,gqa_2315383,infeasible
256,webp_fixed_resolution_diagnostic,No WEBP grid encoding fits 256 B,gqa_2315569,infeasible
256,webp_fixed_resolution_diagnostic,No WEBP grid encoding fits 256 B,gqa_2316535,infeasible
256,webp_fixed_resolution_diagnostic,No WEBP grid encoding fits 256 B,gqa_2317060,infeasible
256,webp_fixed_resolution_diagnostic,No WEBP grid encoding fits 256 B,gqa_2317411,infeasible
256,webp_fixed_resolution_diagnostic,No WEBP grid encoding fits 256 B,gqa_2317542,infeasible
256,webp_fixed_resolution_diagnostic,No WEBP grid encoding fits 256 B,gqa_2318349,infeasible
256,webp_fixed_resolution_diagnostic,No WEBP grid encoding fits 256 B,gqa_2318586,infeasible
256,webp_fixed_resolution_diagnostic,No WEBP grid encoding fits 256 B,gqa_2319715,infeasible
256,webp_fixed_resolution_diagnostic,No WEBP grid encoding fits 256 B,gqa_2319755,infeasible
256,webp_fixed_resolution_diagnostic,No WEBP grid encoding fits 256 B,gqa_2319825,infeasible
256,webp_fixed_resolution_diagnostic,No WEBP grid encoding fits 256 B,gqa_2320260,infeasible
256,webp_fixed_resolution_diagnostic,No WEBP grid encoding fits 256 B,gqa_2320864,infeasible
256,webp_fixed_resolution_diagnostic,No WEBP grid encoding fits 256 B,gqa_2321166,infeasible
256,webp_fixed_resolution_diagnostic,No WEBP grid encoding fits 256 B,gqa_2322185,infeasible
256,webp_fixed_resolution_diagnostic,No WEBP grid encoding fits 256 B,gqa_2322244,infeasible
256,webp_fixed_resolution_diagnostic,No WEBP grid encoding fits 256 B,gqa_2323032,infeasible
256,webp_fixed_resolution_diagnostic,No WEBP grid encoding fits 256 B,gqa_2323780,infeasible
256,webp_fixed_resolution_diagnostic,No WEBP grid encoding fits 256 B,gqa_2324119,infeasible
256,webp_fixed_resolution_diagnostic,No WEBP grid encoding fits 256 B,gqa_2324322,infeasible
256,webp_fixed_resolution_diagnostic,No WEBP grid encoding fits 256 B,gqa_2324466,infeasible
256,webp_fixed_resolution_diagnostic,No WEBP grid encoding fits 256 B,gqa_2324606,infeasible
256,webp_fixed_resolution_diagnostic,No WEBP grid encoding fits 256 B,gqa_2326436,infeasible
256,webp_fixed_resolution_diagnostic,No WEBP grid encoding fits 256 B,gqa_2326899,infeasible
256,webp_fixed_resolution_diagnostic,No WEBP grid encoding fits 256 B,gqa_2328171,infeasible
256,webp_fixed_resolution_diagnostic,No WEBP grid encoding fits 256 B,gqa_2328273,infeasible
256,webp_fixed_resolution_diagnostic,No WEBP grid encoding fits 256 B,gqa_2328788,infeasible
256,webp_fixed_resolution_diagnostic,No WEBP grid encoding fits 256 B,gqa_2328825,infeasible
256,webp_fixed_resolution_diagnostic,No WEBP grid encoding fits 256 B,gqa_2328879,infeasible
256,webp_fixed_resolution_diagnostic,No WEBP grid encoding fits 256 B,gqa_2329566,infeasible
256,webp_fixed_resolution_diagnostic,No WEBP grid encoding fits 256 B,gqa_2330438,infeasible
256,webp_fixed_resolution_diagnostic,No WEBP grid encoding fits 256 B,gqa_2330917,infeasible
256,webp_fixed_resolution_diagnostic,No WEBP grid encoding fits 256 B,gqa_2330972,infeasible
256,webp_fixed_resolution_diagnostic,No WEBP grid encoding fits 256 B,gqa_2331876,infeasible
256,webp_fixed_resolution_diagnostic,No WEBP grid encoding fits 256 B,gqa_2331963,infeasible
256,webp_fixed_resolution_diagnostic,No WEBP grid encoding fits 256 B,gqa_2333075,infeasible
256,webp_fixed_resolution_diagnostic,No WEBP grid encoding fits 256 B,gqa_2333428,infeasible
256,webp_fixed_resolution_diagnostic,No WEBP grid encoding fits 256 B,gqa_2333525,infeasible
256,webp_fixed_resolution_diagnostic,No WEBP grid encoding fits 256 B,gqa_2333677,infeasible
256,webp_fixed_resolution_diagnostic,No WEBP grid encoding fits 256 B,gqa_2334914,infeasible
256,webp_fixed_resolution_diagnostic,No WEBP grid encoding fits 256 B,gqa_2334989,infeasible
256,webp_fixed_resolution_diagnostic,No WEBP grid encoding fits 256 B,gqa_2335384,infeasible
256,webp_fixed_resolution_diagnostic,No WEBP grid encoding fits 256 B,gqa_2336817,infeasible
256,webp_fixed_resolution_diagnostic,No WEBP grid encoding fits 256 B,gqa_2338336,infeasible
256,webp_fixed_resolution_diagnostic,No WEBP grid encoding fits 256 B,gqa_2339471,infeasible
256,webp_fixed_resolution_diagnostic,No WEBP grid encoding fits 256 B,gqa_2341361,infeasible
256,webp_fixed_resolution_diagnostic,No WEBP grid encoding fits 256 B,gqa_2341476,infeasible
256,webp_fixed_resolution_diagnostic,No WEBP grid encoding fits 256 B,gqa_2341576,infeasible
256,webp_fixed_resolution_diagnostic,No WEBP grid encoding fits 256 B,gqa_2341611,infeasible
256,webp_fixed_resolution_diagnostic,No WEBP grid encoding fits 256 B,gqa_2341637,infeasible
256,webp_fixed_resolution_diagnostic,No WEBP grid encoding fits 256 B,gqa_2342147,infeasible
256,webp_fixed_resolution_diagnostic,No WEBP grid encoding fits 256 B,gqa_2342323,infeasible
256,webp_fixed_resolution_diagnostic,No WEBP grid encoding fits 256 B,gqa_2342333,infeasible
256,webp_fixed_resolution_diagnostic,No WEBP grid encoding fits 256 B,gqa_2343201,infeasible
256,webp_fixed_resolution_diagnostic,No WEBP grid encoding fits 256 B,gqa_2343287,infeasible
256,webp_fixed_resolution_diagnostic,No WEBP grid encoding fits 256 B,gqa_2344297,infeasible
256,webp_fixed_resolution_diagnostic,No WEBP grid encoding fits 256 B,gqa_2344488,infeasible
256,webp_fixed_resolution_diagnostic,No WEBP grid encoding fits 256 B,gqa_2345081,infeasible
256,webp_fixed_resolution_diagnostic,No WEBP grid encoding fits 256 B,gqa_2345482,infeasible
256,webp_fixed_resolution_diagnostic,No WEBP grid encoding fits 256 B,gqa_2346467,infeasible
256,webp_fixed_resolution_diagnostic,No WEBP grid encoding fits 256 B,gqa_2346957,infeasible
256,webp_fixed_resolution_diagnostic,No WEBP grid encoding fits 256 B,gqa_2347367,infeasible
256,webp_fixed_resolution_diagnostic,No WEBP grid encoding fits 256 B,gqa_2347450,infeasible
256,webp_fixed_resolution_diagnostic,No WEBP grid encoding fits 256 B,gqa_2347772,infeasible
256,webp_fixed_resolution_diagnostic,No WEBP grid encoding fits 256 B,gqa_2349334,infeasible
256,webp_fixed_resolution_diagnostic,No WEBP grid encoding fits 256 B,gqa_2349746,infeasible
256,webp_fixed_resolution_diagnostic,No WEBP grid encoding fits 256 B,gqa_2350006,infeasible
256,webp_fixed_resolution_diagnostic,No WEBP grid encoding fits 256 B,gqa_2350743,infeasible
256,webp_fixed_resolution_diagnostic,No WEBP grid encoding fits 256 B,gqa_2351967,infeasible
256,webp_fixed_resolution_diagnostic,No WEBP grid encoding fits 256 B,gqa_2352092,infeasible
256,webp_fixed_resolution_diagnostic,No WEBP grid encoding fits 256 B,gqa_2352324,infeasible
256,webp_fixed_resolution_diagnostic,No WEBP grid encoding fits 256 B,gqa_2352785,infeasible
256,webp_fixed_resolution_diagnostic,No WEBP grid encoding fits 256 B,gqa_2353322,infeasible
256,webp_fixed_resolution_diagnostic,No WEBP grid encoding fits 256 B,gqa_2354715,infeasible
256,webp_fixed_resolution_diagnostic,No WEBP grid encoding fits 256 B,gqa_2355212,infeasible
256,webp_fixed_resolution_diagnostic,No WEBP grid encoding fits 256 B,gqa_2355385,infeasible
256,webp_fixed_resolution_diagnostic,No WEBP grid encoding fits 256 B,gqa_2355528,infeasible
256,webp_fixed_resolution_diagnostic,No WEBP grid encoding fits 256 B,gqa_2356041,infeasible
256,webp_fixed_resolution_diagnostic,No WEBP grid encoding fits 256 B,gqa_2356089,infeasible
256,webp_fixed_resolution_diagnostic,No WEBP grid encoding fits 256 B,gqa_2356227,infeasible
256,webp_fixed_resolution_diagnostic,No WEBP grid encoding fits 256 B,gqa_2356577,infeasible
256,webp_fixed_resolution_diagnostic,No WEBP grid encoding fits 256 B,gqa_2356747,infeasible
256,webp_fixed_resolution_diagnostic,No WEBP grid encoding fits 256 B,gqa_2356833,infeasible
256,webp_fixed_resolution_diagnostic,No WEBP grid encoding fits 256 B,gqa_2356972,infeasible
256,webp_fixed_resolution_diagnostic,No WEBP grid encoding fits 256 B,gqa_2357882,infeasible
256,webp_fixed_resolution_diagnostic,No WEBP grid encoding fits 256 B,gqa_2358111,infeasible
256,webp_fixed_resolution_diagnostic,No WEBP grid encoding fits 256 B,gqa_2358186,infeasible
256,webp_fixed_resolution_diagnostic,No WEBP grid encoding fits 256 B,gqa_2358464,infeasible
256,webp_fixed_resolution_diagnostic,No WEBP grid encoding fits 256 B,gqa_2359192,infeasible
256,webp_fixed_resolution_diagnostic,No WEBP grid encoding fits 256 B,gqa_2359195,infeasible
256,webp_fixed_resolution_diagnostic,No WEBP grid encoding fits 256 B,gqa_2359351,infeasible
256,webp_fixed_resolution_diagnostic,No WEBP grid encoding fits 256 B,gqa_2359470,infeasible
256,webp_fixed_resolution_diagnostic,No WEBP grid encoding fits 256 B,gqa_2359924,infeasible
256,webp_fixed_resolution_diagnostic,No WEBP grid encoding fits 256 B,gqa_2360103,infeasible
256,webp_fixed_resolution_diagnostic,No WEBP grid encoding fits 256 B,gqa_2360831,infeasible
256,webp_fixed_resolution_diagnostic,No WEBP grid encoding fits 256 B,gqa_2361815,infeasible
256,webp_fixed_resolution_diagnostic,No WEBP grid encoding fits 256 B,gqa_2363074,infeasible
256,webp_fixed_resolution_diagnostic,No WEBP grid encoding fits 256 B,gqa_2363203,infeasible
256,webp_fixed_resolution_diagnostic,No WEBP grid encoding fits 256 B,gqa_2363269,infeasible
256,webp_fixed_resolution_diagnostic,No WEBP grid encoding fits 256 B,gqa_2363444,infeasible
256,webp_fixed_resolution_diagnostic,No WEBP grid encoding fits 256 B,gqa_2363706,infeasible
256,webp_fixed_resolution_diagnostic,No WEBP grid encoding fits 256 B,gqa_2363979,infeasible
256,webp_fixed_resolution_diagnostic,No WEBP grid encoding fits 256 B,gqa_2364335,infeasible
256,webp_fixed_resolution_diagnostic,No WEBP grid encoding fits 256 B,gqa_2364614,infeasible
256,webp_fixed_resolution_diagnostic,No WEBP grid encoding fits 256 B,gqa_2364774,infeasible
256,webp_fixed_resolution_diagnostic,No WEBP grid encoding fits 256 B,gqa_2365176,infeasible
256,webp_fixed_resolution_diagnostic,No WEBP grid encoding fits 256 B,gqa_2365398,infeasible
256,webp_fixed_resolution_diagnostic,No WEBP grid encoding fits 256 B,gqa_2365435,infeasible
256,webp_fixed_resolution_diagnostic,No WEBP grid encoding fits 256 B,gqa_2365505,infeasible
256,webp_fixed_resolution_diagnostic,No WEBP grid encoding fits 256 B,gqa_2366157,infeasible
256,webp_fixed_resolution_diagnostic,No WEBP grid encoding fits 256 B,gqa_2366510,infeasible
256,webp_fixed_resolution_diagnostic,No WEBP grid encoding fits 256 B,gqa_2366645,infeasible
256,webp_fixed_resolution_diagnostic,No WEBP grid encoding fits 256 B,gqa_2366958,infeasible
256,webp_fixed_resolution_diagnostic,No WEBP grid encoding fits 256 B,gqa_2367190,infeasible
256,webp_fixed_resolution_diagnostic,No WEBP grid encoding fits 256 B,gqa_2367328,infeasible
256,webp_fixed_resolution_diagnostic,No WEBP grid encoding fits 256 B,gqa_2367639,infeasible
256,webp_fixed_resolution_diagnostic,No WEBP grid encoding fits 256 B,gqa_2367770,infeasible
256,webp_fixed_resolution_diagnostic,No WEBP grid encoding fits 256 B,gqa_2367977,infeasible
256,webp_fixed_resolution_diagnostic,No WEBP grid encoding fits 256 B,gqa_2368884,infeasible
256,webp_fixed_resolution_diagnostic,No WEBP grid encoding fits 256 B,gqa_2369906,infeasible
256,webp_fixed_resolution_diagnostic,No WEBP grid encoding fits 256 B,gqa_2370047,infeasible
256,webp_fixed_resolution_diagnostic,No WEBP grid encoding fits 256 B,gqa_2370242,infeasible
256,webp_fixed_resolution_diagnostic,No WEBP grid encoding fits 256 B,gqa_2370329,infeasible
256,webp_fixed_resolution_diagnostic,No WEBP grid encoding fits 256 B,gqa_2370859,infeasible
256,webp_fixed_resolution_diagnostic,No WEBP grid encoding fits 256 B,gqa_2370968,infeasible
256,webp_fixed_resolution_diagnostic,No WEBP grid encoding fits 256 B,gqa_2371504,infeasible
256,webp_fixed_resolution_diagnostic,No WEBP grid encoding fits 256 B,gqa_2372977,infeasible
256,webp_fixed_resolution_diagnostic,No WEBP grid encoding fits 256 B,gqa_2373259,infeasible
256,webp_fixed_resolution_diagnostic,No WEBP grid encoding fits 256 B,gqa_2373271,infeasible
256,webp_fixed_resolution_diagnostic,No WEBP grid encoding fits 256 B,gqa_2373294,infeasible
256,webp_fixed_resolution_diagnostic,No WEBP grid encoding fits 256 B,gqa_2373590,infeasible
256,webp_fixed_resolution_diagnostic,No WEBP grid encoding fits 256 B,gqa_2373592,infeasible
256,webp_fixed_resolution_diagnostic,No WEBP grid encoding fits 256 B,gqa_2373967,infeasible
256,webp_fixed_resolution_diagnostic,No WEBP grid encoding fits 256 B,gqa_2374540,infeasible
256,webp_fixed_resolution_diagnostic,No WEBP grid encoding fits 256 B,gqa_2375091,infeasible
256,webp_fixed_resolution_diagnostic,No WEBP grid encoding fits 256 B,gqa_2376266,infeasible
256,webp_fixed_resolution_diagnostic,No WEBP grid encoding fits 256 B,gqa_2376766,infeasible
256,webp_fixed_resolution_diagnostic,No WEBP grid encoding fits 256 B,gqa_2378273,infeasible
256,webp_fixed_resolution_diagnostic,No WEBP grid encoding fits 256 B,gqa_2378436,infeasible
256,webp_fixed_resolution_diagnostic,No WEBP grid encoding fits 256 B,gqa_2378739,infeasible
256,webp_fixed_resolution_diagnostic,No WEBP grid encoding fits 256 B,gqa_2378917,infeasible
256,webp_fixed_resolution_diagnostic,No WEBP grid encoding fits 256 B,gqa_2378984,infeasible
256,webp_fixed_resolution_diagnostic,No WEBP grid encoding fits 256 B,gqa_2379178,infeasible
256,webp_fixed_resolution_diagnostic,No WEBP grid encoding fits 256 B,gqa_2379791,infeasible
256,webp_fixed_resolution_diagnostic,No WEBP grid encoding fits 256 B,gqa_2379897,infeasible
256,webp_fixed_resolution_diagnostic,No WEBP grid encoding fits 256 B,gqa_2379906,infeasible
256,webp_fixed_resolution_diagnostic,No WEBP grid encoding fits 256 B,gqa_2379919,infeasible
256,webp_fixed_resolution_diagnostic,No WEBP grid encoding fits 256 B,gqa_2379961,infeasible
256,webp_fixed_resolution_diagnostic,No WEBP grid encoding fits 256 B,gqa_2380291,infeasible
256,webp_fixed_resolution_diagnostic,No WEBP grid encoding fits 256 B,gqa_2380436,infeasible
256,webp_fixed_resolution_diagnostic,No WEBP grid encoding fits 256 B,gqa_2380691,infeasible
256,webp_fixed_resolution_diagnostic,No WEBP grid encoding fits 256 B,gqa_2380720,infeasible
256,webp_fixed_resolution_diagnostic,No WEBP grid encoding fits 256 B,gqa_2380779,infeasible
256,webp_fixed_resolution_diagnostic,No WEBP grid encoding fits 256 B,gqa_2380873,infeasible
256,webp_fixed_resolution_diagnostic,No WEBP grid encoding fits 256 B,gqa_2381128,infeasible
256,webp_fixed_resolution_diagnostic,No WEBP grid encoding fits 256 B,gqa_2381547,infeasible
256,webp_fixed_resolution_diagnostic,No WEBP grid encoding fits 256 B,gqa_2381671,infeasible
256,webp_fixed_resolution_diagnostic,No WEBP grid encoding fits 256 B,gqa_2382178,infeasible
256,webp_fixed_resolution_diagnostic,No WEBP grid encoding fits 256 B,gqa_2382460,infeasible
256,webp_fixed_resolution_diagnostic,No WEBP grid encoding fits 256 B,gqa_2383023,infeasible
256,webp_fixed_resolution_diagnostic,No WEBP grid encoding fits 256 B,gqa_2383204,infeasible
256,webp_fixed_resolution_diagnostic,No WEBP grid encoding fits 256 B,gqa_2383269,infeasible
256,webp_fixed_resolution_diagnostic,No WEBP grid encoding fits 256 B,gqa_2383696,infeasible
256,webp_fixed_resolution_diagnostic,No WEBP grid encoding fits 256 B,gqa_2383963,infeasible
256,webp_fixed_resolution_diagnostic,No WEBP grid encoding fits 256 B,gqa_2383991,infeasible
256,webp_fixed_resolution_diagnostic,No WEBP grid encoding fits 256 B,gqa_2384063,infeasible
256,webp_fixed_resolution_diagnostic,No WEBP grid encoding fits 256 B,gqa_2384169,infeasible
256,webp_fixed_resolution_diagnostic,No WEBP grid encoding fits 256 B,gqa_2384376,infeasible
256,webp_fixed_resolution_diagnostic,No WEBP grid encoding fits 256 B,gqa_2384614,infeasible
256,webp_fixed_resolution_diagnostic,No WEBP grid encoding fits 256 B,gqa_2384672,infeasible
256,webp_fixed_resolution_diagnostic,No WEBP grid encoding fits 256 B,gqa_2385322,infeasible
256,webp_fixed_resolution_diagnostic,No WEBP grid encoding fits 256 B,gqa_2386051,infeasible
256,webp_fixed_resolution_diagnostic,No WEBP grid encoding fits 256 B,gqa_2386495,infeasible
256,webp_fixed_resolution_diagnostic,No WEBP grid encoding fits 256 B,gqa_2386903,infeasible
256,webp_fixed_resolution_diagnostic,No WEBP grid encoding fits 256 B,gqa_2386979,infeasible
256,webp_fixed_resolution_diagnostic,No WEBP grid encoding fits 256 B,gqa_2386987,infeasible
256,webp_fixed_resolution_diagnostic,No WEBP grid encoding fits 256 B,gqa_2387110,infeasible
256,webp_fixed_resolution_diagnostic,No WEBP grid encoding fits 256 B,gqa_2387118,infeasible
256,webp_fixed_resolution_diagnostic,No WEBP grid encoding fits 256 B,gqa_2387359,infeasible
256,webp_fixed_resolution_diagnostic,No WEBP grid encoding fits 256 B,gqa_2388030,infeasible
256,webp_fixed_resolution_diagnostic,No WEBP grid encoding fits 256 B,gqa_2388049,infeasible
256,webp_fixed_resolution_diagnostic,No WEBP grid encoding fits 256 B,gqa_2388625,infeasible
256,webp_fixed_resolution_diagnostic,No WEBP grid encoding fits 256 B,gqa_2388805,infeasible
256,webp_fixed_resolution_diagnostic,No WEBP grid encoding fits 256 B,gqa_2389312,infeasible
256,webp_fixed_resolution_diagnostic,No WEBP grid encoding fits 256 B,gqa_2389626,infeasible
256,webp_fixed_resolution_diagnostic,No WEBP grid encoding fits 256 B,gqa_2390071,infeasible
256,webp_fixed_resolution_diagnostic,No WEBP grid encoding fits 256 B,gqa_2390097,infeasible
256,webp_fixed_resolution_diagnostic,No WEBP grid encoding fits 256 B,gqa_2390108,infeasible
256,webp_fixed_resolution_diagnostic,No WEBP grid encoding fits 256 B,gqa_2390727,infeasible
256,webp_fixed_resolution_diagnostic,No WEBP grid encoding fits 256 B,gqa_2391406,infeasible
256,webp_fixed_resolution_diagnostic,No WEBP grid encoding fits 256 B,gqa_2391835,infeasible
256,webp_fixed_resolution_diagnostic,No WEBP grid encoding fits 256 B,gqa_2392147,infeasible
256,webp_fixed_resolution_diagnostic,No WEBP grid encoding fits 256 B,gqa_2392185,infeasible
256,webp_fixed_resolution_diagnostic,No WEBP grid encoding fits 256 B,gqa_2392252,infeasible
256,webp_fixed_resolution_diagnostic,No WEBP grid encoding fits 256 B,gqa_2392318,infeasible
256,webp_fixed_resolution_diagnostic,No WEBP grid encoding fits 256 B,gqa_2392845,infeasible
256,webp_fixed_resolution_diagnostic,No WEBP grid encoding fits 256 B,gqa_2392875,infeasible
256,webp_fixed_resolution_diagnostic,No WEBP grid encoding fits 256 B,gqa_2393739,infeasible
256,webp_fixed_resolution_diagnostic,No WEBP grid encoding fits 256 B,gqa_2393775,infeasible
256,webp_fixed_resolution_diagnostic,No WEBP grid encoding fits 256 B,gqa_2393788,infeasible
256,webp_fixed_resolution_diagnostic,No WEBP grid encoding fits 256 B,gqa_2394519,infeasible
256,webp_fixed_resolution_diagnostic,No WEBP grid encoding fits 256 B,gqa_2394763,infeasible
256,webp_fixed_resolution_diagnostic,No WEBP grid encoding fits 256 B,gqa_2394891,infeasible
256,webp_fixed_resolution_diagnostic,No WEBP grid encoding fits 256 B,gqa_2395361,infeasible
256,webp_fixed_resolution_diagnostic,No WEBP grid encoding fits 256 B,gqa_2395949,infeasible
256,webp_fixed_resolution_diagnostic,No WEBP grid encoding fits 256 B,gqa_2396578,infeasible
256,webp_fixed_resolution_diagnostic,No WEBP grid encoding fits 256 B,gqa_2396731,infeasible
256,webp_fixed_resolution_diagnostic,No WEBP grid encoding fits 256 B,gqa_2396750,infeasible
256,webp_fixed_resolution_diagnostic,No WEBP grid encoding fits 256 B,gqa_2396995,infeasible
256,webp_fixed_resolution_diagnostic,No WEBP grid encoding fits 256 B,gqa_2397007,infeasible
256,webp_fixed_resolution_diagnostic,No WEBP grid encoding fits 256 B,gqa_2398108,infeasible
256,webp_fixed_resolution_diagnostic,No WEBP grid encoding fits 256 B,gqa_2398485,infeasible
256,webp_fixed_resolution_diagnostic,No WEBP grid encoding fits 256 B,gqa_2398612,infeasible
256,webp_fixed_resolution_diagnostic,No WEBP grid encoding fits 256 B,gqa_2398946,infeasible
256,webp_fixed_resolution_diagnostic,No WEBP grid encoding fits 256 B,gqa_2399149,infeasible
256,webp_fixed_resolution_diagnostic,No WEBP grid encoding fits 256 B,gqa_2399186,infeasible
256,webp_fixed_resolution_diagnostic,No WEBP grid encoding fits 256 B,gqa_2399206,infeasible
256,webp_fixed_resolution_diagnostic,No WEBP grid encoding fits 256 B,gqa_2399600,infeasible
256,webp_fixed_resolution_diagnostic,No WEBP grid encoding fits 256 B,gqa_2400016,infeasible
256,webp_fixed_resolution_diagnostic,No WEBP grid encoding fits 256 B,gqa_2400224,infeasible
256,webp_fixed_resolution_diagnostic,No WEBP grid encoding fits 256 B,gqa_2400425,infeasible
256,webp_fixed_resolution_diagnostic,No WEBP grid encoding fits 256 B,gqa_2401037,infeasible
256,webp_fixed_resolution_diagnostic,No WEBP grid encoding fits 256 B,gqa_2401045,infeasible
256,webp_fixed_resolution_diagnostic,No WEBP grid encoding fits 256 B,gqa_2401215,infeasible
256,webp_fixed_resolution_diagnostic,No WEBP grid encoding fits 256 B,gqa_2401325,infeasible
256,webp_fixed_resolution_diagnostic,No WEBP grid encoding fits 256 B,gqa_2401622,infeasible
256,webp_fixed_resolution_diagnostic,No WEBP grid encoding fits 256 B,gqa_2401908,infeasible
256,webp_fixed_resolution_diagnostic,No WEBP grid encoding fits 256 B,gqa_2402947,infeasible
256,webp_fixed_resolution_diagnostic,No WEBP grid encoding fits 256 B,gqa_2403289,infeasible
256,webp_fixed_resolution_diagnostic,No WEBP grid encoding fits 256 B,gqa_2403590,infeasible
256,webp_fixed_resolution_diagnostic,No WEBP grid encoding fits 256 B,gqa_2403595,infeasible
256,webp_fixed_resolution_diagnostic,No WEBP grid encoding fits 256 B,gqa_2404030,infeasible
256,webp_fixed_resolution_diagnostic,No WEBP grid encoding fits 256 B,gqa_2404130,infeasible
256,webp_fixed_resolution_diagnostic,No WEBP grid encoding fits 256 B,gqa_2404215,infeasible
256,webp_fixed_resolution_diagnostic,No WEBP grid encoding fits 256 B,gqa_2404539,infeasible
256,webp_fixed_resolution_diagnostic,No WEBP grid encoding fits 256 B,gqa_2404666,infeasible
256,webp_fixed_resolution_diagnostic,No WEBP grid encoding fits 256 B,gqa_2405032,infeasible
256,webp_fixed_resolution_diagnostic,No WEBP grid encoding fits 256 B,gqa_2405174,infeasible
256,webp_fixed_resolution_diagnostic,No WEBP grid encoding fits 256 B,gqa_2405197,infeasible
256,webp_fixed_resolution_diagnostic,No WEBP grid encoding fits 256 B,gqa_2406620,infeasible
256,webp_fixed_resolution_diagnostic,No WEBP grid encoding fits 256 B,gqa_2406736,infeasible
256,webp_fixed_resolution_diagnostic,No WEBP grid encoding fits 256 B,gqa_2407284,infeasible
256,webp_fixed_resolution_diagnostic,No WEBP grid encoding fits 256 B,gqa_2407415,infeasible
256,webp_fixed_resolution_diagnostic,No WEBP grid encoding fits 256 B,gqa_2407473,infeasible
256,webp_fixed_resolution_diagnostic,No WEBP grid encoding fits 256 B,gqa_2407481,infeasible
256,webp_fixed_resolution_diagnostic,No WEBP grid encoding fits 256 B,gqa_2407802,infeasible
256,webp_fixed_resolution_diagnostic,No WEBP grid encoding fits 256 B,gqa_2408048,infeasible
256,webp_fixed_resolution_diagnostic,No WEBP grid encoding fits 256 B,gqa_2409068,infeasible
256,webp_fixed_resolution_diagnostic,No WEBP grid encoding fits 256 B,gqa_2409346,infeasible
256,webp_fixed_resolution_diagnostic,No WEBP grid encoding fits 256 B,gqa_2409395,infeasible
256,webp_fixed_resolution_diagnostic,No WEBP grid encoding fits 256 B,gqa_2409472,infeasible
256,webp_fixed_resolution_diagnostic,No WEBP grid encoding fits 256 B,gqa_2409967,infeasible
256,webp_fixed_resolution_diagnostic,No WEBP grid encoding fits 256 B,gqa_2410150,infeasible
256,webp_fixed_resolution_diagnostic,No WEBP grid encoding fits 256 B,gqa_2410472,infeasible
256,webp_fixed_resolution_diagnostic,No WEBP grid encoding fits 256 B,gqa_2411058,infeasible
256,webp_fixed_resolution_diagnostic,No WEBP grid encoding fits 256 B,gqa_2411222,infeasible
256,webp_fixed_resolution_diagnostic,No WEBP grid encoding fits 256 B,gqa_2411437,infeasible
256,webp_fixed_resolution_diagnostic,No WEBP grid encoding fits 256 B,gqa_2411812,infeasible
256,webp_fixed_resolution_diagnostic,No WEBP grid encoding fits 256 B,gqa_2412131,infeasible
256,webp_fixed_resolution_diagnostic,No WEBP grid encoding fits 256 B,gqa_2412204,infeasible
256,webp_fixed_resolution_diagnostic,No WEBP grid encoding fits 256 B,gqa_2412339,infeasible
256,webp_fixed_resolution_diagnostic,No WEBP grid encoding fits 256 B,gqa_2412511,infeasible
256,webp_fixed_resolution_diagnostic,No WEBP grid encoding fits 256 B,gqa_2412542,infeasible
256,webp_fixed_resolution_diagnostic,No WEBP grid encoding fits 256 B,gqa_2412554,infeasible
256,webp_fixed_resolution_diagnostic,No WEBP grid encoding fits 256 B,gqa_2412648,infeasible
256,webp_fixed_resolution_diagnostic,No WEBP grid encoding fits 256 B,gqa_2413325,infeasible
256,webp_fixed_resolution_diagnostic,No WEBP grid encoding fits 256 B,gqa_2413380,infeasible
256,webp_fixed_resolution_diagnostic,No WEBP grid encoding fits 256 B,gqa_2413428,infeasible
256,webp_fixed_resolution_diagnostic,No WEBP grid encoding fits 256 B,gqa_2413503,infeasible
256,webp_fixed_resolution_diagnostic,No WEBP grid encoding fits 256 B,gqa_2413957,infeasible
256,webp_fixed_resolution_diagnostic,No WEBP grid encoding fits 256 B,gqa_2414149,infeasible
256,webp_fixed_resolution_diagnostic,No WEBP grid encoding fits 256 B,gqa_2415921,infeasible
256,webp_fixed_resolution_diagnostic,No WEBP grid encoding fits 256 B,gqa_2416038,infeasible
256,webp_fixed_resolution_diagnostic,No WEBP grid encoding fits 256 B,gqa_2416080,infeasible
256,webp_fixed_resolution_diagnostic,No WEBP grid encoding fits 256 B,gqa_2416156,infeasible
256,webp_fixed_resolution_diagnostic,No WEBP grid encoding fits 256 B,gqa_2416484,infeasible
256,webp_fixed_resolution_diagnostic,No WEBP grid encoding fits 256 B,gqa_2416524,infeasible
512,webp_fixed_resolution_diagnostic,No WEBP grid encoding fits 512 B,gqa_21,infeasible
512,webp_fixed_resolution_diagnostic,No WEBP grid encoding fits 512 B,gqa_2162,infeasible
512,webp_fixed_resolution_diagnostic,No WEBP grid encoding fits 512 B,gqa_2861,infeasible
512,webp_fixed_resolution_diagnostic,No WEBP grid encoding fits 512 B,gqa_150292,infeasible
512,webp_fixed_resolution_diagnostic,No WEBP grid encoding fits 512 B,gqa_150295,infeasible
512,webp_fixed_resolution_diagnostic,No WEBP grid encoding fits 512 B,gqa_498006,infeasible
512,webp_fixed_resolution_diagnostic,No WEBP grid encoding fits 512 B,gqa_713795,infeasible
512,webp_fixed_resolution_diagnostic,No WEBP grid encoding fits 512 B,gqa_713928,infeasible
512,webp_fixed_resolution_diagnostic,No WEBP grid encoding fits 512 B,gqa_1592103,infeasible
512,webp_fixed_resolution_diagnostic,No WEBP grid encoding fits 512 B,gqa_1593007,infeasible
512,webp_fixed_resolution_diagnostic,No WEBP grid encoding fits 512 B,gqa_1593177,infeasible
512,webp_fixed_resolution_diagnostic,No WEBP grid encoding fits 512 B,gqa_2315383,infeasible
512,webp_fixed_resolution_diagnostic,No WEBP grid encoding fits 512 B,gqa_2315569,infeasible
512,webp_fixed_resolution_diagnostic,No WEBP grid encoding fits 512 B,gqa_2316535,infeasible
512,webp_fixed_resolution_diagnostic,No WEBP grid encoding fits 512 B,gqa_2317060,infeasible
512,webp_fixed_resolution_diagnostic,No WEBP grid encoding fits 512 B,gqa_2317411,infeasible
512,webp_fixed_resolution_diagnostic,No WEBP grid encoding fits 512 B,gqa_2317542,infeasible
512,webp_fixed_resolution_diagnostic,No WEBP grid encoding fits 512 B,gqa_2318349,infeasible
512,webp_fixed_resolution_diagnostic,No WEBP grid encoding fits 512 B,gqa_2318586,infeasible
512,webp_fixed_resolution_diagnostic,No WEBP grid encoding fits 512 B,gqa_2319715,infeasible
512,webp_fixed_resolution_diagnostic,No WEBP grid encoding fits 512 B,gqa_2319755,infeasible
512,webp_fixed_resolution_diagnostic,No WEBP grid encoding fits 512 B,gqa_2319825,infeasible
512,webp_fixed_resolution_diagnostic,No WEBP grid encoding fits 512 B,gqa_2320260,infeasible
512,webp_fixed_resolution_diagnostic,No WEBP grid encoding fits 512 B,gqa_2320864,infeasible
512,webp_fixed_resolution_diagnostic,No WEBP grid encoding fits 512 B,gqa_2321166,infeasible
512,webp_fixed_resolution_diagnostic,No WEBP grid encoding fits 512 B,gqa_2322185,infeasible
512,webp_fixed_resolution_diagnostic,No WEBP grid encoding fits 512 B,gqa_2322244,infeasible
512,webp_fixed_resolution_diagnostic,No WEBP grid encoding fits 512 B,gqa_2323032,infeasible
512,webp_fixed_resolution_diagnostic,No WEBP grid encoding fits 512 B,gqa_2323780,infeasible
512,webp_fixed_resolution_diagnostic,No WEBP grid encoding fits 512 B,gqa_2324119,infeasible
512,webp_fixed_resolution_diagnostic,No WEBP grid encoding fits 512 B,gqa_2324322,infeasible
512,webp_fixed_resolution_diagnostic,No WEBP grid encoding fits 512 B,gqa_2324466,infeasible
512,webp_fixed_resolution_diagnostic,No WEBP grid encoding fits 512 B,gqa_2324606,infeasible
512,webp_fixed_resolution_diagnostic,No WEBP grid encoding fits 512 B,gqa_2326436,infeasible
512,webp_fixed_resolution_diagnostic,No WEBP grid encoding fits 512 B,gqa_2326899,infeasible
512,webp_fixed_resolution_diagnostic,No WEBP grid encoding fits 512 B,gqa_2328171,infeasible
512,webp_fixed_resolution_diagnostic,No WEBP grid encoding fits 512 B,gqa_2328273,infeasible
512,webp_fixed_resolution_diagnostic,No WEBP grid encoding fits 512 B,gqa_2328788,infeasible
512,webp_fixed_resolution_diagnostic,No WEBP grid encoding fits 512 B,gqa_2328825,infeasible
512,webp_fixed_resolution_diagnostic,No WEBP grid encoding fits 512 B,gqa_2328879,infeasible
512,webp_fixed_resolution_diagnostic,No WEBP grid encoding fits 512 B,gqa_2329566,infeasible
512,webp_fixed_resolution_diagnostic,No WEBP grid encoding fits 512 B,gqa_2330438,infeasible
512,webp_fixed_resolution_diagnostic,No WEBP grid encoding fits 512 B,gqa_2330917,infeasible
512,webp_fixed_resolution_diagnostic,No WEBP grid encoding fits 512 B,gqa_2330972,infeasible
512,webp_fixed_resolution_diagnostic,No WEBP grid encoding fits 512 B,gqa_2331876,infeasible
512,webp_fixed_resolution_diagnostic,No WEBP grid encoding fits 512 B,gqa_2331963,infeasible
512,webp_fixed_resolution_diagnostic,No WEBP grid encoding fits 512 B,gqa_2333075,infeasible
512,webp_fixed_resolution_diagnostic,No WEBP grid encoding fits 512 B,gqa_2333428,infeasible
512,webp_fixed_resolution_diagnostic,No WEBP grid encoding fits 512 B,gqa_2333525,infeasible
512,webp_fixed_resolution_diagnostic,No WEBP grid encoding fits 512 B,gqa_2333677,infeasible
512,webp_fixed_resolution_diagnostic,No WEBP grid encoding fits 512 B,gqa_2334914,infeasible
512,webp_fixed_resolution_diagnostic,No WEBP grid encoding fits 512 B,gqa_2334989,infeasible
512,webp_fixed_resolution_diagnostic,No WEBP grid encoding fits 512 B,gqa_2335384,infeasible
512,webp_fixed_resolution_diagnostic,No WEBP grid encoding fits 512 B,gqa_2336817,infeasible
512,webp_fixed_resolution_diagnostic,No WEBP grid encoding fits 512 B,gqa_2338336,infeasible
512,webp_fixed_resolution_diagnostic,No WEBP grid encoding fits 512 B,gqa_2339471,infeasible
512,webp_fixed_resolution_diagnostic,No WEBP grid encoding fits 512 B,gqa_2341361,infeasible
512,webp_fixed_resolution_diagnostic,No WEBP grid encoding fits 512 B,gqa_2341476,infeasible
512,webp_fixed_resolution_diagnostic,No WEBP grid encoding fits 512 B,gqa_2341576,infeasible
512,webp_fixed_resolution_diagnostic,No WEBP grid encoding fits 512 B,gqa_2341611,infeasible
512,webp_fixed_resolution_diagnostic,No WEBP grid encoding fits 512 B,gqa_2341637,infeasible
512,webp_fixed_resolution_diagnostic,No WEBP grid encoding fits 512 B,gqa_2342147,infeasible
512,webp_fixed_resolution_diagnostic,No WEBP grid encoding fits 512 B,gqa_2342323,infeasible
512,webp_fixed_resolution_diagnostic,No WEBP grid encoding fits 512 B,gqa_2342333,infeasible
512,webp_fixed_resolution_diagnostic,No WEBP grid encoding fits 512 B,gqa_2343201,infeasible
512,webp_fixed_resolution_diagnostic,No WEBP grid encoding fits 512 B,gqa_2343287,infeasible
512,webp_fixed_resolution_diagnostic,No WEBP grid encoding fits 512 B,gqa_2344297,infeasible
512,webp_fixed_resolution_diagnostic,No WEBP grid encoding fits 512 B,gqa_2344488,infeasible
512,webp_fixed_resolution_diagnostic,No WEBP grid encoding fits 512 B,gqa_2345081,infeasible
512,webp_fixed_resolution_diagnostic,No WEBP grid encoding fits 512 B,gqa_2345482,infeasible
512,webp_fixed_resolution_diagnostic,No WEBP grid encoding fits 512 B,gqa_2346467,infeasible
512,webp_fixed_resolution_diagnostic,No WEBP grid encoding fits 512 B,gqa_2346957,infeasible
512,webp_fixed_resolution_diagnostic,No WEBP grid encoding fits 512 B,gqa_2347367,infeasible
512,webp_fixed_resolution_diagnostic,No WEBP grid encoding fits 512 B,gqa_2347450,infeasible
512,webp_fixed_resolution_diagnostic,No WEBP grid encoding fits 512 B,gqa_2347772,infeasible
512,webp_fixed_resolution_diagnostic,No WEBP grid encoding fits 512 B,gqa_2349334,infeasible
512,webp_fixed_resolution_diagnostic,No WEBP grid encoding fits 512 B,gqa_2349746,infeasible
512,webp_fixed_resolution_diagnostic,No WEBP grid encoding fits 512 B,gqa_2350006,infeasible
512,webp_fixed_resolution_diagnostic,No WEBP grid encoding fits 512 B,gqa_2350743,infeasible
512,webp_fixed_resolution_diagnostic,No WEBP grid encoding fits 512 B,gqa_2351967,infeasible
512,webp_fixed_resolution_diagnostic,No WEBP grid encoding fits 512 B,gqa_2352092,infeasible
512,webp_fixed_resolution_diagnostic,No WEBP grid encoding fits 512 B,gqa_2352324,infeasible
512,webp_fixed_resolution_diagnostic,No WEBP grid encoding fits 512 B,gqa_2352785,infeasible
512,webp_fixed_resolution_diagnostic,No WEBP grid encoding fits 512 B,gqa_2353322,infeasible
512,webp_fixed_resolution_diagnostic,No WEBP grid encoding fits 512 B,gqa_2354715,infeasible
512,webp_fixed_resolution_diagnostic,No WEBP grid encoding fits 512 B,gqa_2355212,infeasible
512,webp_fixed_resolution_diagnostic,No WEBP grid encoding fits 512 B,gqa_2355385,infeasible
512,webp_fixed_resolution_diagnostic,No WEBP grid encoding fits 512 B,gqa_2355528,infeasible
512,webp_fixed_resolution_diagnostic,No WEBP grid encoding fits 512 B,gqa_2356041,infeasible
512,webp_fixed_resolution_diagnostic,No WEBP grid encoding fits 512 B,gqa_2356089,infeasible
512,webp_fixed_resolution_diagnostic,No WEBP grid encoding fits 512 B,gqa_2356227,infeasible
512,webp_fixed_resolution_diagnostic,No WEBP grid encoding fits 512 B,gqa_2356577,infeasible
512,webp_fixed_resolution_diagnostic,No WEBP grid encoding fits 512 B,gqa_2356747,infeasible
512,webp_fixed_resolution_diagnostic,No WEBP grid encoding fits 512 B,gqa_2356833,infeasible
512,webp_fixed_resolution_diagnostic,No WEBP grid encoding fits 512 B,gqa_2356972,infeasible
512,webp_fixed_resolution_diagnostic,No WEBP grid encoding fits 512 B,gqa_2357882,infeasible
512,webp_fixed_resolution_diagnostic,No WEBP grid encoding fits 512 B,gqa_2358111,infeasible
512,webp_fixed_resolution_diagnostic,No WEBP grid encoding fits 512 B,gqa_2358186,infeasible
512,webp_fixed_resolution_diagnostic,No WEBP grid encoding fits 512 B,gqa_2358464,infeasible
512,webp_fixed_resolution_diagnostic,No WEBP grid encoding fits 512 B,gqa_2359192,infeasible
512,webp_fixed_resolution_diagnostic,No WEBP grid encoding fits 512 B,gqa_2359195,infeasible
512,webp_fixed_resolution_diagnostic,No WEBP grid encoding fits 512 B,gqa_2359351,infeasible
512,webp_fixed_resolution_diagnostic,No WEBP grid encoding fits 512 B,gqa_2359470,infeasible
512,webp_fixed_resolution_diagnostic,No WEBP grid encoding fits 512 B,gqa_2359924,infeasible
512,webp_fixed_resolution_diagnostic,No WEBP grid encoding fits 512 B,gqa_2360103,infeasible
512,webp_fixed_resolution_diagnostic,No WEBP grid encoding fits 512 B,gqa_2360831,infeasible
512,webp_fixed_resolution_diagnostic,No WEBP grid encoding fits 512 B,gqa_2361815,infeasible
512,webp_fixed_resolution_diagnostic,No WEBP grid encoding fits 512 B,gqa_2363074,infeasible
512,webp_fixed_resolution_diagnostic,No WEBP grid encoding fits 512 B,gqa_2363203,infeasible
512,webp_fixed_resolution_diagnostic,No WEBP grid encoding fits 512 B,gqa_2363269,infeasible
512,webp_fixed_resolution_diagnostic,No WEBP grid encoding fits 512 B,gqa_2363444,infeasible
512,webp_fixed_resolution_diagnostic,No WEBP grid encoding fits 512 B,gqa_2363706,infeasible
512,webp_fixed_resolution_diagnostic,No WEBP grid encoding fits 512 B,gqa_2363979,infeasible
512,webp_fixed_resolution_diagnostic,No WEBP grid encoding fits 512 B,gqa_2364335,infeasible
512,webp_fixed_resolution_diagnostic,No WEBP grid encoding fits 512 B,gqa_2364614,infeasible
512,webp_fixed_resolution_diagnostic,No WEBP grid encoding fits 512 B,gqa_2364774,infeasible
512,webp_fixed_resolution_diagnostic,No WEBP grid encoding fits 512 B,gqa_2365176,infeasible
512,webp_fixed_resolution_diagnostic,No WEBP grid encoding fits 512 B,gqa_2365398,infeasible
512,webp_fixed_resolution_diagnostic,No WEBP grid encoding fits 512 B,gqa_2365435,infeasible
512,webp_fixed_resolution_diagnostic,No WEBP grid encoding fits 512 B,gqa_2365505,infeasible
512,webp_fixed_resolution_diagnostic,No WEBP grid encoding fits 512 B,gqa_2366157,infeasible
512,webp_fixed_resolution_diagnostic,No WEBP grid encoding fits 512 B,gqa_2366510,infeasible
512,webp_fixed_resolution_diagnostic,No WEBP grid encoding fits 512 B,gqa_2366645,infeasible
512,webp_fixed_resolution_diagnostic,No WEBP grid encoding fits 512 B,gqa_2366958,infeasible
512,webp_fixed_resolution_diagnostic,No WEBP grid encoding fits 512 B,gqa_2367190,infeasible
512,webp_fixed_resolution_diagnostic,No WEBP grid encoding fits 512 B,gqa_2367328,infeasible
512,webp_fixed_resolution_diagnostic,No WEBP grid encoding fits 512 B,gqa_2367639,infeasible
512,webp_fixed_resolution_diagnostic,No WEBP grid encoding fits 512 B,gqa_2367770,infeasible
512,webp_fixed_resolution_diagnostic,No WEBP grid encoding fits 512 B,gqa_2367977,infeasible
512,webp_fixed_resolution_diagnostic,No WEBP grid encoding fits 512 B,gqa_2368884,infeasible
512,webp_fixed_resolution_diagnostic,No WEBP grid encoding fits 512 B,gqa_2369906,infeasible
512,webp_fixed_resolution_diagnostic,No WEBP grid encoding fits 512 B,gqa_2370047,infeasible
512,webp_fixed_resolution_diagnostic,No WEBP grid encoding fits 512 B,gqa_2370242,infeasible
512,webp_fixed_resolution_diagnostic,No WEBP grid encoding fits 512 B,gqa_2370329,infeasible
512,webp_fixed_resolution_diagnostic,No WEBP grid encoding fits 512 B,gqa_2370859,infeasible
512,webp_fixed_resolution_diagnostic,No WEBP grid encoding fits 512 B,gqa_2370968,infeasible
512,webp_fixed_resolution_diagnostic,No WEBP grid encoding fits 512 B,gqa_2371504,infeasible
512,webp_fixed_resolution_diagnostic,No WEBP grid encoding fits 512 B,gqa_2372977,infeasible
512,webp_fixed_resolution_diagnostic,No WEBP grid encoding fits 512 B,gqa_2373259,infeasible
512,webp_fixed_resolution_diagnostic,No WEBP grid encoding fits 512 B,gqa_2373271,infeasible
512,webp_fixed_resolution_diagnostic,No WEBP grid encoding fits 512 B,gqa_2373294,infeasible
512,webp_fixed_resolution_diagnostic,No WEBP grid encoding fits 512 B,gqa_2373590,infeasible
512,webp_fixed_resolution_diagnostic,No WEBP grid encoding fits 512 B,gqa_2373592,infeasible
512,webp_fixed_resolution_diagnostic,No WEBP grid encoding fits 512 B,gqa_2373967,infeasible
512,webp_fixed_resolution_diagnostic,No WEBP grid encoding fits 512 B,gqa_2374540,infeasible
512,webp_fixed_resolution_diagnostic,No WEBP grid encoding fits 512 B,gqa_2375091,infeasible
512,webp_fixed_resolution_diagnostic,No WEBP grid encoding fits 512 B,gqa_2376266,infeasible
512,webp_fixed_resolution_diagnostic,No WEBP grid encoding fits 512 B,gqa_2376766,infeasible
512,webp_fixed_resolution_diagnostic,No WEBP grid encoding fits 512 B,gqa_2378273,infeasible
512,webp_fixed_resolution_diagnostic,No WEBP grid encoding fits 512 B,gqa_2378436,infeasible
512,webp_fixed_resolution_diagnostic,No WEBP grid encoding fits 512 B,gqa_2378739,infeasible
512,webp_fixed_resolution_diagnostic,No WEBP grid encoding fits 512 B,gqa_2378917,infeasible
512,webp_fixed_resolution_diagnostic,No WEBP grid encoding fits 512 B,gqa_2378984,infeasible
512,webp_fixed_resolution_diagnostic,No WEBP grid encoding fits 512 B,gqa_2379178,infeasible
512,webp_fixed_resolution_diagnostic,No WEBP grid encoding fits 512 B,gqa_2379791,infeasible
512,webp_fixed_resolution_diagnostic,No WEBP grid encoding fits 512 B,gqa_2379897,infeasible
512,webp_fixed_resolution_diagnostic,No WEBP grid encoding fits 512 B,gqa_2379906,infeasible
512,webp_fixed_resolution_diagnostic,No WEBP grid encoding fits 512 B,gqa_2379919,infeasible
512,webp_fixed_resolution_diagnostic,No WEBP grid encoding fits 512 B,gqa_2379961,infeasible
512,webp_fixed_resolution_diagnostic,No WEBP grid encoding fits 512 B,gqa_2380291,infeasible
512,webp_fixed_resolution_diagnostic,No WEBP grid encoding fits 512 B,gqa_2380436,infeasible
512,webp_fixed_resolution_diagnostic,No WEBP grid encoding fits 512 B,gqa_2380691,infeasible
512,webp_fixed_resolution_diagnostic,No WEBP grid encoding fits 512 B,gqa_2380720,infeasible
512,webp_fixed_resolution_diagnostic,No WEBP grid encoding fits 512 B,gqa_2380779,infeasible
512,webp_fixed_resolution_diagnostic,No WEBP grid encoding fits 512 B,gqa_2380873,infeasible
512,webp_fixed_resolution_diagnostic,No WEBP grid encoding fits 512 B,gqa_2381128,infeasible
512,webp_fixed_resolution_diagnostic,No WEBP grid encoding fits 512 B,gqa_2381547,infeasible
512,webp_fixed_resolution_diagnostic,No WEBP grid encoding fits 512 B,gqa_2381671,infeasible
512,webp_fixed_resolution_diagnostic,No WEBP grid encoding fits 512 B,gqa_2382178,infeasible
512,webp_fixed_resolution_diagnostic,No WEBP grid encoding fits 512 B,gqa_2382460,infeasible
512,webp_fixed_resolution_diagnostic,No WEBP grid encoding fits 512 B,gqa_2383023,infeasible
512,webp_fixed_resolution_diagnostic,No WEBP grid encoding fits 512 B,gqa_2383204,infeasible
512,webp_fixed_resolution_diagnostic,No WEBP grid encoding fits 512 B,gqa_2383269,infeasible
512,webp_fixed_resolution_diagnostic,No WEBP grid encoding fits 512 B,gqa_2383696,infeasible
512,webp_fixed_resolution_diagnostic,No WEBP grid encoding fits 512 B,gqa_2383963,infeasible
512,webp_fixed_resolution_diagnostic,No WEBP grid encoding fits 512 B,gqa_2383991,infeasible
512,webp_fixed_resolution_diagnostic,No WEBP grid encoding fits 512 B,gqa_2384063,infeasible
512,webp_fixed_resolution_diagnostic,No WEBP grid encoding fits 512 B,gqa_2384169,infeasible
512,webp_fixed_resolution_diagnostic,No WEBP grid encoding fits 512 B,gqa_2384376,infeasible
512,webp_fixed_resolution_diagnostic,No WEBP grid encoding fits 512 B,gqa_2384614,infeasible
512,webp_fixed_resolution_diagnostic,No WEBP grid encoding fits 512 B,gqa_2384672,infeasible
512,webp_fixed_resolution_diagnostic,No WEBP grid encoding fits 512 B,gqa_2385322,infeasible
512,webp_fixed_resolution_diagnostic,No WEBP grid encoding fits 512 B,gqa_2386051,infeasible
512,webp_fixed_resolution_diagnostic,No WEBP grid encoding fits 512 B,gqa_2386495,infeasible
512,webp_fixed_resolution_diagnostic,No WEBP grid encoding fits 512 B,gqa_2386903,infeasible
512,webp_fixed_resolution_diagnostic,No WEBP grid encoding fits 512 B,gqa_2386979,infeasible
512,webp_fixed_resolution_diagnostic,No WEBP grid encoding fits 512 B,gqa_2386987,infeasible
512,webp_fixed_resolution_diagnostic,No WEBP grid encoding fits 512 B,gqa_2387110,infeasible
512,webp_fixed_resolution_diagnostic,No WEBP grid encoding fits 512 B,gqa_2387118,infeasible
512,webp_fixed_resolution_diagnostic,No WEBP grid encoding fits 512 B,gqa_2387359,infeasible
512,webp_fixed_resolution_diagnostic,No WEBP grid encoding fits 512 B,gqa_2388030,infeasible
512,webp_fixed_resolution_diagnostic,No WEBP grid encoding fits 512 B,gqa_2388049,infeasible
512,webp_fixed_resolution_diagnostic,No WEBP grid encoding fits 512 B,gqa_2388625,infeasible
512,webp_fixed_resolution_diagnostic,No WEBP grid encoding fits 512 B,gqa_2388805,infeasible
512,webp_fixed_resolution_diagnostic,No WEBP grid encoding fits 512 B,gqa_2389312,infeasible
512,webp_fixed_resolution_diagnostic,No WEBP grid encoding fits 512 B,gqa_2389626,infeasible
512,webp_fixed_resolution_diagnostic,No WEBP grid encoding fits 512 B,gqa_2390071,infeasible
512,webp_fixed_resolution_diagnostic,No WEBP grid encoding fits 512 B,gqa_2390097,infeasible
512,webp_fixed_resolution_diagnostic,No WEBP grid encoding fits 512 B,gqa_2390108,infeasible
512,webp_fixed_resolution_diagnostic,No WEBP grid encoding fits 512 B,gqa_2390727,infeasible
512,webp_fixed_resolution_diagnostic,No WEBP grid encoding fits 512 B,gqa_2391406,infeasible
512,webp_fixed_resolution_diagnostic,No WEBP grid encoding fits 512 B,gqa_2391835,infeasible
512,webp_fixed_resolution_diagnostic,No WEBP grid encoding fits 512 B,gqa_2392147,infeasible
512,webp_fixed_resolution_diagnostic,No WEBP grid encoding fits 512 B,gqa_2392185,infeasible
512,webp_fixed_resolution_diagnostic,No WEBP grid encoding fits 512 B,gqa_2392252,infeasible
512,webp_fixed_resolution_diagnostic,No WEBP grid encoding fits 512 B,gqa_2392318,infeasible
512,webp_fixed_resolution_diagnostic,No WEBP grid encoding fits 512 B,gqa_2392845,infeasible
512,webp_fixed_resolution_diagnostic,No WEBP grid encoding fits 512 B,gqa_2392875,infeasible
512,webp_fixed_resolution_diagnostic,No WEBP grid encoding fits 512 B,gqa_2393739,infeasible
512,webp_fixed_resolution_diagnostic,No WEBP grid encoding fits 512 B,gqa_2393775,infeasible
512,webp_fixed_resolution_diagnostic,No WEBP grid encoding fits 512 B,gqa_2393788,infeasible
512,webp_fixed_resolution_diagnostic,No WEBP grid encoding fits 512 B,gqa_2394519,infeasible
512,webp_fixed_resolution_diagnostic,No WEBP grid encoding fits 512 B,gqa_2394763,infeasible
512,webp_fixed_resolution_diagnostic,No WEBP grid encoding fits 512 B,gqa_2394891,infeasible
512,webp_fixed_resolution_diagnostic,No WEBP grid encoding fits 512 B,gqa_2395361,infeasible
512,webp_fixed_resolution_diagnostic,No WEBP grid encoding fits 512 B,gqa_2395949,infeasible
512,webp_fixed_resolution_diagnostic,No WEBP grid encoding fits 512 B,gqa_2396578,infeasible
512,webp_fixed_resolution_diagnostic,No WEBP grid encoding fits 512 B,gqa_2396731,infeasible
512,webp_fixed_resolution_diagnostic,No WEBP grid encoding fits 512 B,gqa_2396750,infeasible
512,webp_fixed_resolution_diagnostic,No WEBP grid encoding fits 512 B,gqa_2396995,infeasible
512,webp_fixed_resolution_diagnostic,No WEBP grid encoding fits 512 B,gqa_2397007,infeasible
512,webp_fixed_resolution_diagnostic,No WEBP grid encoding fits 512 B,gqa_2398108,infeasible
512,webp_fixed_resolution_diagnostic,No WEBP grid encoding fits 512 B,gqa_2398485,infeasible
512,webp_fixed_resolution_diagnostic,No WEBP grid encoding fits 512 B,gqa_2398612,infeasible
512,webp_fixed_resolution_diagnostic,No WEBP grid encoding fits 512 B,gqa_2398946,infeasible
512,webp_fixed_resolution_diagnostic,No WEBP grid encoding fits 512 B,gqa_2399149,infeasible
512,webp_fixed_resolution_diagnostic,No WEBP grid encoding fits 512 B,gqa_2399186,infeasible
512,webp_fixed_resolution_diagnostic,No WEBP grid encoding fits 512 B,gqa_2399206,infeasible
512,webp_fixed_resolution_diagnostic,No WEBP grid encoding fits 512 B,gqa_2399600,infeasible
512,webp_fixed_resolution_diagnostic,No WEBP grid encoding fits 512 B,gqa_2400016,infeasible
512,webp_fixed_resolution_diagnostic,No WEBP grid encoding fits 512 B,gqa_2400224,infeasible
512,webp_fixed_resolution_diagnostic,No WEBP grid encoding fits 512 B,gqa_2400425,infeasible
512,webp_fixed_resolution_diagnostic,No WEBP grid encoding fits 512 B,gqa_2401037,infeasible
512,webp_fixed_resolution_diagnostic,No WEBP grid encoding fits 512 B,gqa_2401045,infeasible
512,webp_fixed_resolution_diagnostic,No WEBP grid encoding fits 512 B,gqa_2401215,infeasible
512,webp_fixed_resolution_diagnostic,No WEBP grid encoding fits 512 B,gqa_2401325,infeasible
512,webp_fixed_resolution_diagnostic,No WEBP grid encoding fits 512 B,gqa_2401622,infeasible
512,webp_fixed_resolution_diagnostic,No WEBP grid encoding fits 512 B,gqa_2401908,infeasible
512,webp_fixed_resolution_diagnostic,No WEBP grid encoding fits 512 B,gqa_2402947,infeasible
512,webp_fixed_resolution_diagnostic,No WEBP grid encoding fits 512 B,gqa_2403289,infeasible
512,webp_fixed_resolution_diagnostic,No WEBP grid encoding fits 512 B,gqa_2403590,infeasible
512,webp_fixed_resolution_diagnostic,No WEBP grid encoding fits 512 B,gqa_2403595,infeasible
512,webp_fixed_resolution_diagnostic,No WEBP grid encoding fits 512 B,gqa_2404030,infeasible
512,webp_fixed_resolution_diagnostic,No WEBP grid encoding fits 512 B,gqa_2404130,infeasible
512,webp_fixed_resolution_diagnostic,No WEBP grid encoding fits 512 B,gqa_2404215,infeasible
512,webp_fixed_resolution_diagnostic,No WEBP grid encoding fits 512 B,gqa_2404539,infeasible
512,webp_fixed_resolution_diagnostic,No WEBP grid encoding fits 512 B,gqa_2404666,infeasible
512,webp_fixed_resolution_diagnostic,No WEBP grid encoding fits 512 B,gqa_2405032,infeasible
512,webp_fixed_resolution_diagnostic,No WEBP grid encoding fits 512 B,gqa_2405174,infeasible
512,webp_fixed_resolution_diagnostic,No WEBP grid encoding fits 512 B,gqa_2405197,infeasible
512,webp_fixed_resolution_diagnostic,No WEBP grid encoding fits 512 B,gqa_2406620,infeasible
512,webp_fixed_resolution_diagnostic,No WEBP grid encoding fits 512 B,gqa_2406736,infeasible
512,webp_fixed_resolution_diagnostic,No WEBP grid encoding fits 512 B,gqa_2407284,infeasible
512,webp_fixed_resolution_diagnostic,No WEBP grid encoding fits 512 B,gqa_2407415,infeasible
512,webp_fixed_resolution_diagnostic,No WEBP grid encoding fits 512 B,gqa_2407473,infeasible
512,webp_fixed_resolution_diagnostic,No WEBP grid encoding fits 512 B,gqa_2407481,infeasible
512,webp_fixed_resolution_diagnostic,No WEBP grid encoding fits 512 B,gqa_2407802,infeasible
512,webp_fixed_resolution_diagnostic,No WEBP grid encoding fits 512 B,gqa_2408048,infeasible
512,webp_fixed_resolution_diagnostic,No WEBP grid encoding fits 512 B,gqa_2409068,infeasible
512,webp_fixed_resolution_diagnostic,No WEBP grid encoding fits 512 B,gqa_2409346,infeasible
512,webp_fixed_resolution_diagnostic,No WEBP grid encoding fits 512 B,gqa_2409395,infeasible
512,webp_fixed_resolution_diagnostic,No WEBP grid encoding fits 512 B,gqa_2409472,infeasible
512,webp_fixed_resolution_diagnostic,No WEBP grid encoding fits 512 B,gqa_2409967,infeasible
512,webp_fixed_resolution_diagnostic,No WEBP grid encoding fits 512 B,gqa_2410150,infeasible
512,webp_fixed_resolution_diagnostic,No WEBP grid encoding fits 512 B,gqa_2410472,infeasible
512,webp_fixed_resolution_diagnostic,No WEBP grid encoding fits 512 B,gqa_2411058,infeasible
512,webp_fixed_resolution_diagnostic,No WEBP grid encoding fits 512 B,gqa_2411222,infeasible
512,webp_fixed_resolution_diagnostic,No WEBP grid encoding fits 512 B,gqa_2411437,infeasible
512,webp_fixed_resolution_diagnostic,No WEBP grid encoding fits 512 B,gqa_2411812,infeasible
512,webp_fixed_resolution_diagnostic,No WEBP grid encoding fits 512 B,gqa_2412131,infeasible
512,webp_fixed_resolution_diagnostic,No WEBP grid encoding fits 512 B,gqa_2412204,infeasible
512,webp_fixed_resolution_diagnostic,No WEBP grid encoding fits 512 B,gqa_2412339,infeasible
512,webp_fixed_resolution_diagnostic,No WEBP grid encoding fits 512 B,gqa_2412511,infeasible
512,webp_fixed_resolution_diagnostic,No WEBP grid encoding fits 512 B,gqa_2412542,infeasible
512,webp_fixed_resolution_diagnostic,No WEBP grid encoding fits 512 B,gqa_2412554,infeasible
512,webp_fixed_resolution_diagnostic,No WEBP grid encoding fits 512 B,gqa_2412648,infeasible
512,webp_fixed_resolution_diagnostic,No WEBP grid encoding fits 512 B,gqa_2413325,infeasible
512,webp_fixed_resolution_diagnostic,No WEBP grid encoding fits 512 B,gqa_2413380,infeasible
512,webp_fixed_resolution_diagnostic,No WEBP grid encoding fits 512 B,gqa_2413428,infeasible
512,webp_fixed_resolution_diagnostic,No WEBP grid encoding fits 512 B,gqa_2413503,infeasible
512,webp_fixed_resolution_diagnostic,No WEBP grid encoding fits 512 B,gqa_2413957,infeasible
512,webp_fixed_resolution_diagnostic,No WEBP grid encoding fits 512 B,gqa_2414149,infeasible
512,webp_fixed_resolution_diagnostic,No WEBP grid encoding fits 512 B,gqa_2415921,infeasible
512,webp_fixed_resolution_diagnostic,No WEBP grid encoding fits 512 B,gqa_2416038,infeasible
512,webp_fixed_resolution_diagnostic,No WEBP grid encoding fits 512 B,gqa_2416080,infeasible
512,webp_fixed_resolution_diagnostic,No WEBP grid encoding fits 512 B,gqa_2416156,infeasible
512,webp_fixed_resolution_diagnostic,No WEBP grid encoding fits 512 B,gqa_2416484,infeasible
512,webp_fixed_resolution_diagnostic,No WEBP grid encoding fits 512 B,gqa_2416524,infeasible
1024,webp_fixed_resolution_diagnostic,No WEBP grid encoding fits 1024 B,gqa_21,infeasible
1024,webp_fixed_resolution_diagnostic,No WEBP grid encoding fits 1024 B,gqa_2162,infeasible
1024,webp_fixed_resolution_diagnostic,No WEBP grid encoding fits 1024 B,gqa_2861,infeasible
1024,webp_fixed_resolution_diagnostic,No WEBP grid encoding fits 1024 B,gqa_150292,infeasible
1024,webp_fixed_resolution_diagnostic,No WEBP grid encoding fits 1024 B,gqa_150295,infeasible
1024,webp_fixed_resolution_diagnostic,No WEBP grid encoding fits 1024 B,gqa_498006,infeasible
1024,webp_fixed_resolution_diagnostic,No WEBP grid encoding fits 1024 B,gqa_713795,infeasible
1024,webp_fixed_resolution_diagnostic,No WEBP grid encoding fits 1024 B,gqa_713928,infeasible
1024,webp_fixed_resolution_diagnostic,No WEBP grid encoding fits 1024 B,gqa_1592103,infeasible
1024,webp_fixed_resolution_diagnostic,No WEBP grid encoding fits 1024 B,gqa_1593007,infeasible
1024,webp_fixed_resolution_diagnostic,No WEBP grid encoding fits 1024 B,gqa_1593177,infeasible
1024,webp_fixed_resolution_diagnostic,No WEBP grid encoding fits 1024 B,gqa_2315383,infeasible
1024,webp_fixed_resolution_diagnostic,No WEBP grid encoding fits 1024 B,gqa_2315569,infeasible
1024,webp_fixed_resolution_diagnostic,No WEBP grid encoding fits 1024 B,gqa_2316535,infeasible
1024,webp_fixed_resolution_diagnostic,No WEBP grid encoding fits 1024 B,gqa_2317411,infeasible
1024,webp_fixed_resolution_diagnostic,No WEBP grid encoding fits 1024 B,gqa_2317542,infeasible
1024,webp_fixed_resolution_diagnostic,No WEBP grid encoding fits 1024 B,gqa_2318349,infeasible
1024,webp_fixed_resolution_diagnostic,No WEBP grid encoding fits 1024 B,gqa_2318586,infeasible
1024,webp_fixed_resolution_diagnostic,No WEBP grid encoding fits 1024 B,gqa_2319715,infeasible
1024,webp_fixed_resolution_diagnostic,No WEBP grid encoding fits 1024 B,gqa_2319755,infeasible
1024,webp_fixed_resolution_diagnostic,No WEBP grid encoding fits 1024 B,gqa_2319825,infeasible
1024,webp_fixed_resolution_diagnostic,No WEBP grid encoding fits 1024 B,gqa_2320260,infeasible
1024,webp_fixed_resolution_diagnostic,No WEBP grid encoding fits 1024 B,gqa_2320864,infeasible
1024,webp_fixed_resolution_diagnostic,No WEBP grid encoding fits 1024 B,gqa_2321166,infeasible
1024,webp_fixed_resolution_diagnostic,No WEBP grid encoding fits 1024 B,gqa_2322185,infeasible
1024,webp_fixed_resolution_diagnostic,No WEBP grid encoding fits 1024 B,gqa_2322244,infeasible
1024,webp_fixed_resolution_diagnostic,No WEBP grid encoding fits 1024 B,gqa_2323032,infeasible
1024,webp_fixed_resolution_diagnostic,No WEBP grid encoding fits 1024 B,gqa_2323780,infeasible
1024,webp_fixed_resolution_diagnostic,No WEBP grid encoding fits 1024 B,gqa_2324119,infeasible
1024,webp_fixed_resolution_diagnostic,No WEBP grid encoding fits 1024 B,gqa_2324322,infeasible
1024,webp_fixed_resolution_diagnostic,No WEBP grid encoding fits 1024 B,gqa_2324466,infeasible
1024,webp_fixed_resolution_diagnostic,No WEBP grid encoding fits 1024 B,gqa_2324606,infeasible
1024,webp_fixed_resolution_diagnostic,No WEBP grid encoding fits 1024 B,gqa_2326436,infeasible
1024,webp_fixed_resolution_diagnostic,No WEBP grid encoding fits 1024 B,gqa_2326899,infeasible
1024,webp_fixed_resolution_diagnostic,No WEBP grid encoding fits 1024 B,gqa_2328171,infeasible
1024,webp_fixed_resolution_diagnostic,No WEBP grid encoding fits 1024 B,gqa_2328273,infeasible
1024,webp_fixed_resolution_diagnostic,No WEBP grid encoding fits 1024 B,gqa_2328788,infeasible
1024,webp_fixed_resolution_diagnostic,No WEBP grid encoding fits 1024 B,gqa_2328825,infeasible
1024,webp_fixed_resolution_diagnostic,No WEBP grid encoding fits 1024 B,gqa_2328879,infeasible
1024,webp_fixed_resolution_diagnostic,No WEBP grid encoding fits 1024 B,gqa_2329566,infeasible
1024,webp_fixed_resolution_diagnostic,No WEBP grid encoding fits 1024 B,gqa_2330438,infeasible
1024,webp_fixed_resolution_diagnostic,No WEBP grid encoding fits 1024 B,gqa_2330917,infeasible
1024,webp_fixed_resolution_diagnostic,No WEBP grid encoding fits 1024 B,gqa_2330972,infeasible
1024,webp_fixed_resolution_diagnostic,No WEBP grid encoding fits 1024 B,gqa_2331876,infeasible
1024,webp_fixed_resolution_diagnostic,No WEBP grid encoding fits 1024 B,gqa_2331963,infeasible
1024,webp_fixed_resolution_diagnostic,No WEBP grid encoding fits 1024 B,gqa_2333075,infeasible
1024,webp_fixed_resolution_diagnostic,No WEBP grid encoding fits 1024 B,gqa_2333428,infeasible
1024,webp_fixed_resolution_diagnostic,No WEBP grid encoding fits 1024 B,gqa_2333525,infeasible
1024,webp_fixed_resolution_diagnostic,No WEBP grid encoding fits 1024 B,gqa_2333677,infeasible
1024,webp_fixed_resolution_diagnostic,No WEBP grid encoding fits 1024 B,gqa_2334914,infeasible
1024,webp_fixed_resolution_diagnostic,No WEBP grid encoding fits 1024 B,gqa_2334989,infeasible
1024,webp_fixed_resolution_diagnostic,No WEBP grid encoding fits 1024 B,gqa_2335384,infeasible
1024,webp_fixed_resolution_diagnostic,No WEBP grid encoding fits 1024 B,gqa_2336817,infeasible
1024,webp_fixed_resolution_diagnostic,No WEBP grid encoding fits 1024 B,gqa_2338336,infeasible
1024,webp_fixed_resolution_diagnostic,No WEBP grid encoding fits 1024 B,gqa_2339471,infeasible
1024,webp_fixed_resolution_diagnostic,No WEBP grid encoding fits 1024 B,gqa_2341361,infeasible
1024,webp_fixed_resolution_diagnostic,No WEBP grid encoding fits 1024 B,gqa_2341576,infeasible
1024,webp_fixed_resolution_diagnostic,No WEBP grid encoding fits 1024 B,gqa_2341611,infeasible
1024,webp_fixed_resolution_diagnostic,No WEBP grid encoding fits 1024 B,gqa_2341637,infeasible
1024,webp_fixed_resolution_diagnostic,No WEBP grid encoding fits 1024 B,gqa_2342147,infeasible
1024,webp_fixed_resolution_diagnostic,No WEBP grid encoding fits 1024 B,gqa_2342323,infeasible
1024,webp_fixed_resolution_diagnostic,No WEBP grid encoding fits 1024 B,gqa_2342333,infeasible
1024,webp_fixed_resolution_diagnostic,No WEBP grid encoding fits 1024 B,gqa_2343201,infeasible
1024,webp_fixed_resolution_diagnostic,No WEBP grid encoding fits 1024 B,gqa_2343287,infeasible
1024,webp_fixed_resolution_diagnostic,No WEBP grid encoding fits 1024 B,gqa_2344297,infeasible
1024,webp_fixed_resolution_diagnostic,No WEBP grid encoding fits 1024 B,gqa_2344488,infeasible
1024,webp_fixed_resolution_diagnostic,No WEBP grid encoding fits 1024 B,gqa_2345081,infeasible
1024,webp_fixed_resolution_diagnostic,No WEBP grid encoding fits 1024 B,gqa_2345482,infeasible
1024,webp_fixed_resolution_diagnostic,No WEBP grid encoding fits 1024 B,gqa_2346467,infeasible
1024,webp_fixed_resolution_diagnostic,No WEBP grid encoding fits 1024 B,gqa_2346957,infeasible
1024,webp_fixed_resolution_diagnostic,No WEBP grid encoding fits 1024 B,gqa_2347367,infeasible
1024,webp_fixed_resolution_diagnostic,No WEBP grid encoding fits 1024 B,gqa_2347450,infeasible
1024,webp_fixed_resolution_diagnostic,No WEBP grid encoding fits 1024 B,gqa_2347772,infeasible
1024,webp_fixed_resolution_diagnostic,No WEBP grid encoding fits 1024 B,gqa_2349334,infeasible
1024,webp_fixed_resolution_diagnostic,No WEBP grid encoding fits 1024 B,gqa_2349746,infeasible
1024,webp_fixed_resolution_diagnostic,No WEBP grid encoding fits 1024 B,gqa_2350006,infeasible
1024,webp_fixed_resolution_diagnostic,No WEBP grid encoding fits 1024 B,gqa_2350743,infeasible
1024,webp_fixed_resolution_diagnostic,No WEBP grid encoding fits 1024 B,gqa_2351967,infeasible
1024,webp_fixed_resolution_diagnostic,No WEBP grid encoding fits 1024 B,gqa_2352092,infeasible
1024,webp_fixed_resolution_diagnostic,No WEBP grid encoding fits 1024 B,gqa_2352785,infeasible
1024,webp_fixed_resolution_diagnostic,No WEBP grid encoding fits 1024 B,gqa_2353322,infeasible
1024,webp_fixed_resolution_diagnostic,No WEBP grid encoding fits 1024 B,gqa_2354715,infeasible
1024,webp_fixed_resolution_diagnostic,No WEBP grid encoding fits 1024 B,gqa_2355212,infeasible
1024,webp_fixed_resolution_diagnostic,No WEBP grid encoding fits 1024 B,gqa_2355385,infeasible
1024,webp_fixed_resolution_diagnostic,No WEBP grid encoding fits 1024 B,gqa_2355528,infeasible
1024,webp_fixed_resolution_diagnostic,No WEBP grid encoding fits 1024 B,gqa_2356041,infeasible
1024,webp_fixed_resolution_diagnostic,No WEBP grid encoding fits 1024 B,gqa_2356089,infeasible
1024,webp_fixed_resolution_diagnostic,No WEBP grid encoding fits 1024 B,gqa_2356227,infeasible
1024,webp_fixed_resolution_diagnostic,No WEBP grid encoding fits 1024 B,gqa_2356577,infeasible
1024,webp_fixed_resolution_diagnostic,No WEBP grid encoding fits 1024 B,gqa_2356747,infeasible
1024,webp_fixed_resolution_diagnostic,No WEBP grid encoding fits 1024 B,gqa_2356833,infeasible
1024,webp_fixed_resolution_diagnostic,No WEBP grid encoding fits 1024 B,gqa_2356972,infeasible
1024,webp_fixed_resolution_diagnostic,No WEBP grid encoding fits 1024 B,gqa_2357882,infeasible
1024,webp_fixed_resolution_diagnostic,No WEBP grid encoding fits 1024 B,gqa_2358111,infeasible
1024,webp_fixed_resolution_diagnostic,No WEBP grid encoding fits 1024 B,gqa_2358186,infeasible
1024,webp_fixed_resolution_diagnostic,No WEBP grid encoding fits 1024 B,gqa_2358464,infeasible
1024,webp_fixed_resolution_diagnostic,No WEBP grid encoding fits 1024 B,gqa_2359192,infeasible
1024,webp_fixed_resolution_diagnostic,No WEBP grid encoding fits 1024 B,gqa_2359195,infeasible
1024,webp_fixed_resolution_diagnostic,No WEBP grid encoding fits 1024 B,gqa_2359470,infeasible
1024,webp_fixed_resolution_diagnostic,No WEBP grid encoding fits 1024 B,gqa_2359924,infeasible
1024,webp_fixed_resolution_diagnostic,No WEBP grid encoding fits 1024 B,gqa_2360103,infeasible
1024,webp_fixed_resolution_diagnostic,No WEBP grid encoding fits 1024 B,gqa_2361815,infeasible
1024,webp_fixed_resolution_diagnostic,No WEBP grid encoding fits 1024 B,gqa_2363203,infeasible
1024,webp_fixed_resolution_diagnostic,No WEBP grid encoding fits 1024 B,gqa_2363269,infeasible
1024,webp_fixed_resolution_diagnostic,No WEBP grid encoding fits 1024 B,gqa_2363444,infeasible
1024,webp_fixed_resolution_diagnostic,No WEBP grid encoding fits 1024 B,gqa_2363706,infeasible
1024,webp_fixed_resolution_diagnostic,No WEBP grid encoding fits 1024 B,gqa_2363979,infeasible
1024,webp_fixed_resolution_diagnostic,No WEBP grid encoding fits 1024 B,gqa_2364335,infeasible
1024,webp_fixed_resolution_diagnostic,No WEBP grid encoding fits 1024 B,gqa_2364614,infeasible
1024,webp_fixed_resolution_diagnostic,No WEBP grid encoding fits 1024 B,gqa_2364774,infeasible
1024,webp_fixed_resolution_diagnostic,No WEBP grid encoding fits 1024 B,gqa_2365176,infeasible
1024,webp_fixed_resolution_diagnostic,No WEBP grid encoding fits 1024 B,gqa_2365398,infeasible
1024,webp_fixed_resolution_diagnostic,No WEBP grid encoding fits 1024 B,gqa_2365435,infeasible
1024,webp_fixed_resolution_diagnostic,No WEBP grid encoding fits 1024 B,gqa_2365505,infeasible
1024,webp_fixed_resolution_diagnostic,No WEBP grid encoding fits 1024 B,gqa_2366157,infeasible
1024,webp_fixed_resolution_diagnostic,No WEBP grid encoding fits 1024 B,gqa_2366510,infeasible
1024,webp_fixed_resolution_diagnostic,No WEBP grid encoding fits 1024 B,gqa_2366645,infeasible
1024,webp_fixed_resolution_diagnostic,No WEBP grid encoding fits 1024 B,gqa_2366958,infeasible
1024,webp_fixed_resolution_diagnostic,No WEBP grid encoding fits 1024 B,gqa_2367190,infeasible
1024,webp_fixed_resolution_diagnostic,No WEBP grid encoding fits 1024 B,gqa_2367328,infeasible
1024,webp_fixed_resolution_diagnostic,No WEBP grid encoding fits 1024 B,gqa_2367639,infeasible
1024,webp_fixed_resolution_diagnostic,No WEBP grid encoding fits 1024 B,gqa_2367770,infeasible
1024,webp_fixed_resolution_diagnostic,No WEBP grid encoding fits 1024 B,gqa_2367977,infeasible
1024,webp_fixed_resolution_diagnostic,No WEBP grid encoding fits 1024 B,gqa_2368884,infeasible
1024,webp_fixed_resolution_diagnostic,No WEBP grid encoding fits 1024 B,gqa_2370047,infeasible
1024,webp_fixed_resolution_diagnostic,No WEBP grid encoding fits 1024 B,gqa_2370329,infeasible
1024,webp_fixed_resolution_diagnostic,No WEBP grid encoding fits 1024 B,gqa_2370859,infeasible
1024,webp_fixed_resolution_diagnostic,No WEBP grid encoding fits 1024 B,gqa_2370968,infeasible
1024,webp_fixed_resolution_diagnostic,No WEBP grid encoding fits 1024 B,gqa_2371504,infeasible
1024,webp_fixed_resolution_diagnostic,No WEBP grid encoding fits 1024 B,gqa_2372977,infeasible
1024,webp_fixed_resolution_diagnostic,No WEBP grid encoding fits 1024 B,gqa_2373259,infeasible
1024,webp_fixed_resolution_diagnostic,No WEBP grid encoding fits 1024 B,gqa_2373271,infeasible
1024,webp_fixed_resolution_diagnostic,No WEBP grid encoding fits 1024 B,gqa_2373294,infeasible
1024,webp_fixed_resolution_diagnostic,No WEBP grid encoding fits 1024 B,gqa_2373590,infeasible
1024,webp_fixed_resolution_diagnostic,No WEBP grid encoding fits 1024 B,gqa_2373592,infeasible
1024,webp_fixed_resolution_diagnostic,No WEBP grid encoding fits 1024 B,gqa_2373967,infeasible
1024,webp_fixed_resolution_diagnostic,No WEBP grid encoding fits 1024 B,gqa_2374540,infeasible
1024,webp_fixed_resolution_diagnostic,No WEBP grid encoding fits 1024 B,gqa_2375091,infeasible
1024,webp_fixed_resolution_diagnostic,No WEBP grid encoding fits 1024 B,gqa_2376266,infeasible
1024,webp_fixed_resolution_diagnostic,No WEBP grid encoding fits 1024 B,gqa_2376766,infeasible
1024,webp_fixed_resolution_diagnostic,No WEBP grid encoding fits 1024 B,gqa_2378273,infeasible
1024,webp_fixed_resolution_diagnostic,No WEBP grid encoding fits 1024 B,gqa_2378436,infeasible
1024,webp_fixed_resolution_diagnostic,No WEBP grid encoding fits 1024 B,gqa_2378917,infeasible
1024,webp_fixed_resolution_diagnostic,No WEBP grid encoding fits 1024 B,gqa_2378984,infeasible
1024,webp_fixed_resolution_diagnostic,No WEBP grid encoding fits 1024 B,gqa_2379178,infeasible
1024,webp_fixed_resolution_diagnostic,No WEBP grid encoding fits 1024 B,gqa_2379791,infeasible
1024,webp_fixed_resolution_diagnostic,No WEBP grid encoding fits 1024 B,gqa_2379897,infeasible
1024,webp_fixed_resolution_diagnostic,No WEBP grid encoding fits 1024 B,gqa_2379906,infeasible
1024,webp_fixed_resolution_diagnostic,No WEBP grid encoding fits 1024 B,gqa_2379919,infeasible
1024,webp_fixed_resolution_diagnostic,No WEBP grid encoding fits 1024 B,gqa_2379961,infeasible
1024,webp_fixed_resolution_diagnostic,No WEBP grid encoding fits 1024 B,gqa_2380291,infeasible
1024,webp_fixed_resolution_diagnostic,No WEBP grid encoding fits 1024 B,gqa_2380436,infeasible
1024,webp_fixed_resolution_diagnostic,No WEBP grid encoding fits 1024 B,gqa_2380720,infeasible
1024,webp_fixed_resolution_diagnostic,No WEBP grid encoding fits 1024 B,gqa_2380873,infeasible
1024,webp_fixed_resolution_diagnostic,No WEBP grid encoding fits 1024 B,gqa_2381128,infeasible
1024,webp_fixed_resolution_diagnostic,No WEBP grid encoding fits 1024 B,gqa_2381547,infeasible
1024,webp_fixed_resolution_diagnostic,No WEBP grid encoding fits 1024 B,gqa_2381671,infeasible
1024,webp_fixed_resolution_diagnostic,No WEBP grid encoding fits 1024 B,gqa_2382178,infeasible
1024,webp_fixed_resolution_diagnostic,No WEBP grid encoding fits 1024 B,gqa_2382460,infeasible
1024,webp_fixed_resolution_diagnostic,No WEBP grid encoding fits 1024 B,gqa_2383023,infeasible
1024,webp_fixed_resolution_diagnostic,No WEBP grid encoding fits 1024 B,gqa_2383204,infeasible
1024,webp_fixed_resolution_diagnostic,No WEBP grid encoding fits 1024 B,gqa_2383269,infeasible
1024,webp_fixed_resolution_diagnostic,No WEBP grid encoding fits 1024 B,gqa_2383963,infeasible
1024,webp_fixed_resolution_diagnostic,No WEBP grid encoding fits 1024 B,gqa_2383991,infeasible
1024,webp_fixed_resolution_diagnostic,No WEBP grid encoding fits 1024 B,gqa_2384169,infeasible
1024,webp_fixed_resolution_diagnostic,No WEBP grid encoding fits 1024 B,gqa_2384376,infeasible
1024,webp_fixed_resolution_diagnostic,No WEBP grid encoding fits 1024 B,gqa_2384614,infeasible
1024,webp_fixed_resolution_diagnostic,No WEBP grid encoding fits 1024 B,gqa_2384672,infeasible
1024,webp_fixed_resolution_diagnostic,No WEBP grid encoding fits 1024 B,gqa_2385322,infeasible
1024,webp_fixed_resolution_diagnostic,No WEBP grid encoding fits 1024 B,gqa_2386051,infeasible
1024,webp_fixed_resolution_diagnostic,No WEBP grid encoding fits 1024 B,gqa_2386495,infeasible
1024,webp_fixed_resolution_diagnostic,No WEBP grid encoding fits 1024 B,gqa_2386903,infeasible
1024,webp_fixed_resolution_diagnostic,No WEBP grid encoding fits 1024 B,gqa_2386979,infeasible
1024,webp_fixed_resolution_diagnostic,No WEBP grid encoding fits 1024 B,gqa_2386987,infeasible
1024,webp_fixed_resolution_diagnostic,No WEBP grid encoding fits 1024 B,gqa_2387110,infeasible
1024,webp_fixed_resolution_diagnostic,No WEBP grid encoding fits 1024 B,gqa_2387118,infeasible
1024,webp_fixed_resolution_diagnostic,No WEBP grid encoding fits 1024 B,gqa_2387359,infeasible
1024,webp_fixed_resolution_diagnostic,No WEBP grid encoding fits 1024 B,gqa_2388030,infeasible
1024,webp_fixed_resolution_diagnostic,No WEBP grid encoding fits 1024 B,gqa_2388049,infeasible
1024,webp_fixed_resolution_diagnostic,No WEBP grid encoding fits 1024 B,gqa_2388625,infeasible
1024,webp_fixed_resolution_diagnostic,No WEBP grid encoding fits 1024 B,gqa_2388805,infeasible
1024,webp_fixed_resolution_diagnostic,No WEBP grid encoding fits 1024 B,gqa_2389312,infeasible
1024,webp_fixed_resolution_diagnostic,No WEBP grid encoding fits 1024 B,gqa_2389626,infeasible
1024,webp_fixed_resolution_diagnostic,No WEBP grid encoding fits 1024 B,gqa_2390071,infeasible
1024,webp_fixed_resolution_diagnostic,No WEBP grid encoding fits 1024 B,gqa_2390097,infeasible
1024,webp_fixed_resolution_diagnostic,No WEBP grid encoding fits 1024 B,gqa_2390108,infeasible
1024,webp_fixed_resolution_diagnostic,No WEBP grid encoding fits 1024 B,gqa_2390727,infeasible
1024,webp_fixed_resolution_diagnostic,No WEBP grid encoding fits 1024 B,gqa_2391835,infeasible
1024,webp_fixed_resolution_diagnostic,No WEBP grid encoding fits 1024 B,gqa_2392147,infeasible
1024,webp_fixed_resolution_diagnostic,No WEBP grid encoding fits 1024 B,gqa_2392185,infeasible
1024,webp_fixed_resolution_diagnostic,No WEBP grid encoding fits 1024 B,gqa_2392252,infeasible
1024,webp_fixed_resolution_diagnostic,No WEBP grid encoding fits 1024 B,gqa_2392318,infeasible
1024,webp_fixed_resolution_diagnostic,No WEBP grid encoding fits 1024 B,gqa_2392845,infeasible
1024,webp_fixed_resolution_diagnostic,No WEBP grid encoding fits 1024 B,gqa_2392875,infeasible
1024,webp_fixed_resolution_diagnostic,No WEBP grid encoding fits 1024 B,gqa_2393739,infeasible
1024,webp_fixed_resolution_diagnostic,No WEBP grid encoding fits 1024 B,gqa_2393775,infeasible
1024,webp_fixed_resolution_diagnostic,No WEBP grid encoding fits 1024 B,gqa_2393788,infeasible
1024,webp_fixed_resolution_diagnostic,No WEBP grid encoding fits 1024 B,gqa_2394519,infeasible
1024,webp_fixed_resolution_diagnostic,No WEBP grid encoding fits 1024 B,gqa_2394763,infeasible
1024,webp_fixed_resolution_diagnostic,No WEBP grid encoding fits 1024 B,gqa_2394891,infeasible
1024,webp_fixed_resolution_diagnostic,No WEBP grid encoding fits 1024 B,gqa_2395361,infeasible
1024,webp_fixed_resolution_diagnostic,No WEBP grid encoding fits 1024 B,gqa_2395949,infeasible
1024,webp_fixed_resolution_diagnostic,No WEBP grid encoding fits 1024 B,gqa_2396578,infeasible
1024,webp_fixed_resolution_diagnostic,No WEBP grid encoding fits 1024 B,gqa_2396731,infeasible
1024,webp_fixed_resolution_diagnostic,No WEBP grid encoding fits 1024 B,gqa_2396750,infeasible
1024,webp_fixed_resolution_diagnostic,No WEBP grid encoding fits 1024 B,gqa_2396995,infeasible
1024,webp_fixed_resolution_diagnostic,No WEBP grid encoding fits 1024 B,gqa_2397007,infeasible
1024,webp_fixed_resolution_diagnostic,No WEBP grid encoding fits 1024 B,gqa_2398108,infeasible
1024,webp_fixed_resolution_diagnostic,No WEBP grid encoding fits 1024 B,gqa_2398485,infeasible
1024,webp_fixed_resolution_diagnostic,No WEBP grid encoding fits 1024 B,gqa_2399149,infeasible
1024,webp_fixed_resolution_diagnostic,No WEBP grid encoding fits 1024 B,gqa_2399186,infeasible
1024,webp_fixed_resolution_diagnostic,No WEBP grid encoding fits 1024 B,gqa_2399206,infeasible
1024,webp_fixed_resolution_diagnostic,No WEBP grid encoding fits 1024 B,gqa_2399600,infeasible
1024,webp_fixed_resolution_diagnostic,No WEBP grid encoding fits 1024 B,gqa_2400016,infeasible
1024,webp_fixed_resolution_diagnostic,No WEBP grid encoding fits 1024 B,gqa_2400224,infeasible
1024,webp_fixed_resolution_diagnostic,No WEBP grid encoding fits 1024 B,gqa_2400425,infeasible
1024,webp_fixed_resolution_diagnostic,No WEBP grid encoding fits 1024 B,gqa_2401037,infeasible
1024,webp_fixed_resolution_diagnostic,No WEBP grid encoding fits 1024 B,gqa_2401215,infeasible
1024,webp_fixed_resolution_diagnostic,No WEBP grid encoding fits 1024 B,gqa_2401325,infeasible
1024,webp_fixed_resolution_diagnostic,No WEBP grid encoding fits 1024 B,gqa_2401622,infeasible
1024,webp_fixed_resolution_diagnostic,No WEBP grid encoding fits 1024 B,gqa_2401908,infeasible
1024,webp_fixed_resolution_diagnostic,No WEBP grid encoding fits 1024 B,gqa_2402947,infeasible
1024,webp_fixed_resolution_diagnostic,No WEBP grid encoding fits 1024 B,gqa_2403289,infeasible
1024,webp_fixed_resolution_diagnostic,No WEBP grid encoding fits 1024 B,gqa_2403590,infeasible
1024,webp_fixed_resolution_diagnostic,No WEBP grid encoding fits 1024 B,gqa_2403595,infeasible
1024,webp_fixed_resolution_diagnostic,No WEBP grid encoding fits 1024 B,gqa_2404030,infeasible
1024,webp_fixed_resolution_diagnostic,No WEBP grid encoding fits 1024 B,gqa_2404130,infeasible
1024,webp_fixed_resolution_diagnostic,No WEBP grid encoding fits 1024 B,gqa_2404215,infeasible
1024,webp_fixed_resolution_diagnostic,No WEBP grid encoding fits 1024 B,gqa_2404539,infeasible
1024,webp_fixed_resolution_diagnostic,No WEBP grid encoding fits 1024 B,gqa_2405032,infeasible
1024,webp_fixed_resolution_diagnostic,No WEBP grid encoding fits 1024 B,gqa_2405174,infeasible
1024,webp_fixed_resolution_diagnostic,No WEBP grid encoding fits 1024 B,gqa_2405197,infeasible
1024,webp_fixed_resolution_diagnostic,No WEBP grid encoding fits 1024 B,gqa_2406620,infeasible
1024,webp_fixed_resolution_diagnostic,No WEBP grid encoding fits 1024 B,gqa_2406736,infeasible
1024,webp_fixed_resolution_diagnostic,No WEBP grid encoding fits 1024 B,gqa_2407284,infeasible
1024,webp_fixed_resolution_diagnostic,No WEBP grid encoding fits 1024 B,gqa_2407415,infeasible
1024,webp_fixed_resolution_diagnostic,No WEBP grid encoding fits 1024 B,gqa_2407473,infeasible
1024,webp_fixed_resolution_diagnostic,No WEBP grid encoding fits 1024 B,gqa_2407481,infeasible
1024,webp_fixed_resolution_diagnostic,No WEBP grid encoding fits 1024 B,gqa_2407802,infeasible
1024,webp_fixed_resolution_diagnostic,No WEBP grid encoding fits 1024 B,gqa_2408048,infeasible
1024,webp_fixed_resolution_diagnostic,No WEBP grid encoding fits 1024 B,gqa_2409346,infeasible
1024,webp_fixed_resolution_diagnostic,No WEBP grid encoding fits 1024 B,gqa_2409472,infeasible
1024,webp_fixed_resolution_diagnostic,No WEBP grid encoding fits 1024 B,gqa_2409967,infeasible
1024,webp_fixed_resolution_diagnostic,No WEBP grid encoding fits 1024 B,gqa_2410150,infeasible
1024,webp_fixed_resolution_diagnostic,No WEBP grid encoding fits 1024 B,gqa_2410472,infeasible
1024,webp_fixed_resolution_diagnostic,No WEBP grid encoding fits 1024 B,gqa_2411058,infeasible
1024,webp_fixed_resolution_diagnostic,No WEBP grid encoding fits 1024 B,gqa_2411222,infeasible
1024,webp_fixed_resolution_diagnostic,No WEBP grid encoding fits 1024 B,gqa_2411437,infeasible
1024,webp_fixed_resolution_diagnostic,No WEBP grid encoding fits 1024 B,gqa_2411812,infeasible
1024,webp_fixed_resolution_diagnostic,No WEBP grid encoding fits 1024 B,gqa_2412204,infeasible
1024,webp_fixed_resolution_diagnostic,No WEBP grid encoding fits 1024 B,gqa_2412339,infeasible
1024,webp_fixed_resolution_diagnostic,No WEBP grid encoding fits 1024 B,gqa_2412511,infeasible
1024,webp_fixed_resolution_diagnostic,No WEBP grid encoding fits 1024 B,gqa_2412542,infeasible
1024,webp_fixed_resolution_diagnostic,No WEBP grid encoding fits 1024 B,gqa_2412554,infeasible
1024,webp_fixed_resolution_diagnostic,No WEBP grid encoding fits 1024 B,gqa_2412648,infeasible
1024,webp_fixed_resolution_diagnostic,No WEBP grid encoding fits 1024 B,gqa_2413325,infeasible
1024,webp_fixed_resolution_diagnostic,No WEBP grid encoding fits 1024 B,gqa_2413380,infeasible
1024,webp_fixed_resolution_diagnostic,No WEBP grid encoding fits 1024 B,gqa_2413428,infeasible
1024,webp_fixed_resolution_diagnostic,No WEBP grid encoding fits 1024 B,gqa_2413503,infeasible
1024,webp_fixed_resolution_diagnostic,No WEBP grid encoding fits 1024 B,gqa_2413957,infeasible
1024,webp_fixed_resolution_diagnostic,No WEBP grid encoding fits 1024 B,gqa_2414149,infeasible
1024,webp_fixed_resolution_diagnostic,No WEBP grid encoding fits 1024 B,gqa_2415921,infeasible
1024,webp_fixed_resolution_diagnostic,No WEBP grid encoding fits 1024 B,gqa_2416038,infeasible
1024,webp_fixed_resolution_diagnostic,No WEBP grid encoding fits 1024 B,gqa_2416080,infeasible
1024,webp_fixed_resolution_diagnostic,No WEBP grid encoding fits 1024 B,gqa_2416156,infeasible
1024,webp_fixed_resolution_diagnostic,No WEBP grid encoding fits 1024 B,gqa_2416484,infeasible
1024,webp_fixed_resolution_diagnostic,No WEBP grid encoding fits 1024 B,gqa_2416524,infeasible
2048,webp_fixed_resolution_diagnostic,No WEBP grid encoding fits 2048 B,gqa_2162,infeasible
2048,webp_fixed_resolution_diagnostic,No WEBP grid encoding fits 2048 B,gqa_150295,infeasible
2048,webp_fixed_resolution_diagnostic,No WEBP grid encoding fits 2048 B,gqa_498006,infeasible
2048,webp_fixed_resolution_diagnostic,No WEBP grid encoding fits 2048 B,gqa_713795,infeasible
2048,webp_fixed_resolution_diagnostic,No WEBP grid encoding fits 2048 B,gqa_713928,infeasible
2048,webp_fixed_resolution_diagnostic,No WEBP grid encoding fits 2048 B,gqa_1593177,infeasible
2048,webp_fixed_resolution_diagnostic,No WEBP grid encoding fits 2048 B,gqa_2316535,infeasible
2048,webp_fixed_resolution_diagnostic,No WEBP grid encoding fits 2048 B,gqa_2317542,infeasible
2048,webp_fixed_resolution_diagnostic,No WEBP grid encoding fits 2048 B,gqa_2318349,infeasible
2048,webp_fixed_resolution_diagnostic,No WEBP grid encoding fits 2048 B,gqa_2318586,infeasible
2048,webp_fixed_resolution_diagnostic,No WEBP grid encoding fits 2048 B,gqa_2319715,infeasible
2048,webp_fixed_resolution_diagnostic,No WEBP grid encoding fits 2048 B,gqa_2319755,infeasible
2048,webp_fixed_resolution_diagnostic,No WEBP grid encoding fits 2048 B,gqa_2320260,infeasible
2048,webp_fixed_resolution_diagnostic,No WEBP grid encoding fits 2048 B,gqa_2320864,infeasible
2048,webp_fixed_resolution_diagnostic,No WEBP grid encoding fits 2048 B,gqa_2322244,infeasible
2048,webp_fixed_resolution_diagnostic,No WEBP grid encoding fits 2048 B,gqa_2323032,infeasible
2048,webp_fixed_resolution_diagnostic,No WEBP grid encoding fits 2048 B,gqa_2324466,infeasible
2048,webp_fixed_resolution_diagnostic,No WEBP grid encoding fits 2048 B,gqa_2326436,infeasible
2048,webp_fixed_resolution_diagnostic,No WEBP grid encoding fits 2048 B,gqa_2326899,infeasible
2048,webp_fixed_resolution_diagnostic,No WEBP grid encoding fits 2048 B,gqa_2328879,infeasible
2048,webp_fixed_resolution_diagnostic,No WEBP grid encoding fits 2048 B,gqa_2330438,infeasible
2048,webp_fixed_resolution_diagnostic,No WEBP grid encoding fits 2048 B,gqa_2330917,infeasible
2048,webp_fixed_resolution_diagnostic,No WEBP grid encoding fits 2048 B,gqa_2331963,infeasible
2048,webp_fixed_resolution_diagnostic,No WEBP grid encoding fits 2048 B,gqa_2333525,infeasible
2048,webp_fixed_resolution_diagnostic,No WEBP grid encoding fits 2048 B,gqa_2333677,infeasible
2048,webp_fixed_resolution_diagnostic,No WEBP grid encoding fits 2048 B,gqa_2334914,infeasible
2048,webp_fixed_resolution_diagnostic,No WEBP grid encoding fits 2048 B,gqa_2334989,infeasible
2048,webp_fixed_resolution_diagnostic,No WEBP grid encoding fits 2048 B,gqa_2335384,infeasible
2048,webp_fixed_resolution_diagnostic,No WEBP grid encoding fits 2048 B,gqa_2341576,infeasible
2048,webp_fixed_resolution_diagnostic,No WEBP grid encoding fits 2048 B,gqa_2341637,infeasible
2048,webp_fixed_resolution_diagnostic,No WEBP grid encoding fits 2048 B,gqa_2342333,infeasible
2048,webp_fixed_resolution_diagnostic,No WEBP grid encoding fits 2048 B,gqa_2343287,infeasible
2048,webp_fixed_resolution_diagnostic,No WEBP grid encoding fits 2048 B,gqa_2344297,infeasible
2048,webp_fixed_resolution_diagnostic,No WEBP grid encoding fits 2048 B,gqa_2344488,infeasible
2048,webp_fixed_resolution_diagnostic,No WEBP grid encoding fits 2048 B,gqa_2345482,infeasible
2048,webp_fixed_resolution_diagnostic,No WEBP grid encoding fits 2048 B,gqa_2346467,infeasible
2048,webp_fixed_resolution_diagnostic,No WEBP grid encoding fits 2048 B,gqa_2346957,infeasible
2048,webp_fixed_resolution_diagnostic,No WEBP grid encoding fits 2048 B,gqa_2347367,infeasible
2048,webp_fixed_resolution_diagnostic,No WEBP grid encoding fits 2048 B,gqa_2347450,infeasible
2048,webp_fixed_resolution_diagnostic,No WEBP grid encoding fits 2048 B,gqa_2349746,infeasible
2048,webp_fixed_resolution_diagnostic,No WEBP grid encoding fits 2048 B,gqa_2350006,infeasible
2048,webp_fixed_resolution_diagnostic,No WEBP grid encoding fits 2048 B,gqa_2352785,infeasible
2048,webp_fixed_resolution_diagnostic,No WEBP grid encoding fits 2048 B,gqa_2353322,infeasible
2048,webp_fixed_resolution_diagnostic,No WEBP grid encoding fits 2048 B,gqa_2354715,infeasible
2048,webp_fixed_resolution_diagnostic,No WEBP grid encoding fits 2048 B,gqa_2355385,infeasible
2048,webp_fixed_resolution_diagnostic,No WEBP grid encoding fits 2048 B,gqa_2355528,infeasible
2048,webp_fixed_resolution_diagnostic,No WEBP grid encoding fits 2048 B,gqa_2356089,infeasible
2048,webp_fixed_resolution_diagnostic,No WEBP grid encoding fits 2048 B,gqa_2358186,infeasible
2048,webp_fixed_resolution_diagnostic,No WEBP grid encoding fits 2048 B,gqa_2358464,infeasible
2048,webp_fixed_resolution_diagnostic,No WEBP grid encoding fits 2048 B,gqa_2359192,infeasible
2048,webp_fixed_resolution_diagnostic,No WEBP grid encoding fits 2048 B,gqa_2363269,infeasible
2048,webp_fixed_resolution_diagnostic,No WEBP grid encoding fits 2048 B,gqa_2364335,infeasible
2048,webp_fixed_resolution_diagnostic,No WEBP grid encoding fits 2048 B,gqa_2364774,infeasible
2048,webp_fixed_resolution_diagnostic,No WEBP grid encoding fits 2048 B,gqa_2365176,infeasible
2048,webp_fixed_resolution_diagnostic,No WEBP grid encoding fits 2048 B,gqa_2365398,infeasible
2048,webp_fixed_resolution_diagnostic,No WEBP grid encoding fits 2048 B,gqa_2365505,infeasible
2048,webp_fixed_resolution_diagnostic,No WEBP grid encoding fits 2048 B,gqa_2366958,infeasible
2048,webp_fixed_resolution_diagnostic,No WEBP grid encoding fits 2048 B,gqa_2367639,infeasible
2048,webp_fixed_resolution_diagnostic,No WEBP grid encoding fits 2048 B,gqa_2367977,infeasible
2048,webp_fixed_resolution_diagnostic,No WEBP grid encoding fits 2048 B,gqa_2370329,infeasible
2048,webp_fixed_resolution_diagnostic,No WEBP grid encoding fits 2048 B,gqa_2372977,infeasible
2048,webp_fixed_resolution_diagnostic,No WEBP grid encoding fits 2048 B,gqa_2373259,infeasible
2048,webp_fixed_resolution_diagnostic,No WEBP grid encoding fits 2048 B,gqa_2373271,infeasible
2048,webp_fixed_resolution_diagnostic,No WEBP grid encoding fits 2048 B,gqa_2373294,infeasible
2048,webp_fixed_resolution_diagnostic,No WEBP grid encoding fits 2048 B,gqa_2373590,infeasible
2048,webp_fixed_resolution_diagnostic,No WEBP grid encoding fits 2048 B,gqa_2373592,infeasible
2048,webp_fixed_resolution_diagnostic,No WEBP grid encoding fits 2048 B,gqa_2373967,infeasible
2048,webp_fixed_resolution_diagnostic,No WEBP grid encoding fits 2048 B,gqa_2374540,infeasible
2048,webp_fixed_resolution_diagnostic,No WEBP grid encoding fits 2048 B,gqa_2375091,infeasible
2048,webp_fixed_resolution_diagnostic,No WEBP grid encoding fits 2048 B,gqa_2376266,infeasible
2048,webp_fixed_resolution_diagnostic,No WEBP grid encoding fits 2048 B,gqa_2376766,infeasible
2048,webp_fixed_resolution_diagnostic,No WEBP grid encoding fits 2048 B,gqa_2378273,infeasible
2048,webp_fixed_resolution_diagnostic,No WEBP grid encoding fits 2048 B,gqa_2378984,infeasible
2048,webp_fixed_resolution_diagnostic,No WEBP grid encoding fits 2048 B,gqa_2379791,infeasible
2048,webp_fixed_resolution_diagnostic,No WEBP grid encoding fits 2048 B,gqa_2379919,infeasible
2048,webp_fixed_resolution_diagnostic,No WEBP grid encoding fits 2048 B,gqa_2380291,infeasible
2048,webp_fixed_resolution_diagnostic,No WEBP grid encoding fits 2048 B,gqa_2380873,infeasible
2048,webp_fixed_resolution_diagnostic,No WEBP grid encoding fits 2048 B,gqa_2381547,infeasible
2048,webp_fixed_resolution_diagnostic,No WEBP grid encoding fits 2048 B,gqa_2381671,infeasible
2048,webp_fixed_resolution_diagnostic,No WEBP grid encoding fits 2048 B,gqa_2382178,infeasible
2048,webp_fixed_resolution_diagnostic,No WEBP grid encoding fits 2048 B,gqa_2382460,infeasible
2048,webp_fixed_resolution_diagnostic,No WEBP grid encoding fits 2048 B,gqa_2383204,infeasible
2048,webp_fixed_resolution_diagnostic,No WEBP grid encoding fits 2048 B,gqa_2383269,infeasible
2048,webp_fixed_resolution_diagnostic,No WEBP grid encoding fits 2048 B,gqa_2383963,infeasible
2048,webp_fixed_resolution_diagnostic,No WEBP grid encoding fits 2048 B,gqa_2384376,infeasible
2048,webp_fixed_resolution_diagnostic,No WEBP grid encoding fits 2048 B,gqa_2384672,infeasible
2048,webp_fixed_resolution_diagnostic,No WEBP grid encoding fits 2048 B,gqa_2385322,infeasible
2048,webp_fixed_resolution_diagnostic,No WEBP grid encoding fits 2048 B,gqa_2386051,infeasible
2048,webp_fixed_resolution_diagnostic,No WEBP grid encoding fits 2048 B,gqa_2386903,infeasible
2048,webp_fixed_resolution_diagnostic,No WEBP grid encoding fits 2048 B,gqa_2386979,infeasible
2048,webp_fixed_resolution_diagnostic,No WEBP grid encoding fits 2048 B,gqa_2387110,infeasible
2048,webp_fixed_resolution_diagnostic,No WEBP grid encoding fits 2048 B,gqa_2387118,infeasible
2048,webp_fixed_resolution_diagnostic,No WEBP grid encoding fits 2048 B,gqa_2388030,infeasible
2048,webp_fixed_resolution_diagnostic,No WEBP grid encoding fits 2048 B,gqa_2389312,infeasible
2048,webp_fixed_resolution_diagnostic,No WEBP grid encoding fits 2048 B,gqa_2390071,infeasible
2048,webp_fixed_resolution_diagnostic,No WEBP grid encoding fits 2048 B,gqa_2390108,infeasible
2048,webp_fixed_resolution_diagnostic,No WEBP grid encoding fits 2048 B,gqa_2392147,infeasible
2048,webp_fixed_resolution_diagnostic,No WEBP grid encoding fits 2048 B,gqa_2392185,infeasible
2048,webp_fixed_resolution_diagnostic,No WEBP grid encoding fits 2048 B,gqa_2392252,infeasible
2048,webp_fixed_resolution_diagnostic,No WEBP grid encoding fits 2048 B,gqa_2392318,infeasible
2048,webp_fixed_resolution_diagnostic,No WEBP grid encoding fits 2048 B,gqa_2392845,infeasible
2048,webp_fixed_resolution_diagnostic,No WEBP grid encoding fits 2048 B,gqa_2392875,infeasible
2048,webp_fixed_resolution_diagnostic,No WEBP grid encoding fits 2048 B,gqa_2393788,infeasible
2048,webp_fixed_resolution_diagnostic,No WEBP grid encoding fits 2048 B,gqa_2394519,infeasible
2048,webp_fixed_resolution_diagnostic,No WEBP grid encoding fits 2048 B,gqa_2395361,infeasible
2048,webp_fixed_resolution_diagnostic,No WEBP grid encoding fits 2048 B,gqa_2395949,infeasible
2048,webp_fixed_resolution_diagnostic,No WEBP grid encoding fits 2048 B,gqa_2396578,infeasible
2048,webp_fixed_resolution_diagnostic,No WEBP grid encoding fits 2048 B,gqa_2396750,infeasible
2048,webp_fixed_resolution_diagnostic,No WEBP grid encoding fits 2048 B,gqa_2396995,infeasible
2048,webp_fixed_resolution_diagnostic,No WEBP grid encoding fits 2048 B,gqa_2399149,infeasible
2048,webp_fixed_resolution_diagnostic,No WEBP grid encoding fits 2048 B,gqa_2399186,infeasible
2048,webp_fixed_resolution_diagnostic,No WEBP grid encoding fits 2048 B,gqa_2399206,infeasible
2048,webp_fixed_resolution_diagnostic,No WEBP grid encoding fits 2048 B,gqa_2399600,infeasible
2048,webp_fixed_resolution_diagnostic,No WEBP grid encoding fits 2048 B,gqa_2400224,infeasible
2048,webp_fixed_resolution_diagnostic,No WEBP grid encoding fits 2048 B,gqa_2401215,infeasible
2048,webp_fixed_resolution_diagnostic,No WEBP grid encoding fits 2048 B,gqa_2402947,infeasible
2048,webp_fixed_resolution_diagnostic,No WEBP grid encoding fits 2048 B,gqa_2403289,infeasible
2048,webp_fixed_resolution_diagnostic,No WEBP grid encoding fits 2048 B,gqa_2404030,infeasible
2048,webp_fixed_resolution_diagnostic,No WEBP grid encoding fits 2048 B,gqa_2404130,infeasible
2048,webp_fixed_resolution_diagnostic,No WEBP grid encoding fits 2048 B,gqa_2404215,infeasible
2048,webp_fixed_resolution_diagnostic,No WEBP grid encoding fits 2048 B,gqa_2404539,infeasible
2048,webp_fixed_resolution_diagnostic,No WEBP grid encoding fits 2048 B,gqa_2405032,infeasible
2048,webp_fixed_resolution_diagnostic,No WEBP grid encoding fits 2048 B,gqa_2405174,infeasible
2048,webp_fixed_resolution_diagnostic,No WEBP grid encoding fits 2048 B,gqa_2407415,infeasible
2048,webp_fixed_resolution_diagnostic,No WEBP grid encoding fits 2048 B,gqa_2407473,infeasible
2048,webp_fixed_resolution_diagnostic,No WEBP grid encoding fits 2048 B,gqa_2407802,infeasible
2048,webp_fixed_resolution_diagnostic,No WEBP grid encoding fits 2048 B,gqa_2408048,infeasible
2048,webp_fixed_resolution_diagnostic,No WEBP grid encoding fits 2048 B,gqa_2409346,infeasible
2048,webp_fixed_resolution_diagnostic,No WEBP grid encoding fits 2048 B,gqa_2411222,infeasible
2048,webp_fixed_resolution_diagnostic,No WEBP grid encoding fits 2048 B,gqa_2412339,infeasible
2048,webp_fixed_resolution_diagnostic,No WEBP grid encoding fits 2048 B,gqa_2412542,infeasible
2048,webp_fixed_resolution_diagnostic,No WEBP grid encoding fits 2048 B,gqa_2413325,infeasible
2048,webp_fixed_resolution_diagnostic,No WEBP grid encoding fits 2048 B,gqa_2413380,infeasible
2048,webp_fixed_resolution_diagnostic,No WEBP grid encoding fits 2048 B,gqa_2413503,infeasible
2048,webp_fixed_resolution_diagnostic,No WEBP grid encoding fits 2048 B,gqa_2415921,infeasible
2048,webp_fixed_resolution_diagnostic,No WEBP grid encoding fits 2048 B,gqa_2416156,infeasible
2048,webp_fixed_resolution_diagnostic,No WEBP grid encoding fits 2048 B,gqa_2416484,infeasible
2048,webp_fixed_resolution_diagnostic,No WEBP grid encoding fits 2048 B,gqa_2416524,infeasible
4096,webp_fixed_resolution_diagnostic,No WEBP grid encoding fits 4096 B,gqa_498006,infeasible
4096,webp_fixed_resolution_diagnostic,No WEBP grid encoding fits 4096 B,gqa_2344488,infeasible
256,avif,No AVIF grid encoding fits 256 B,gqa_21,infeasible
256,avif,No AVIF grid encoding fits 256 B,gqa_2162,infeasible
256,avif,No AVIF grid encoding fits 256 B,gqa_2861,infeasible
256,avif,No AVIF grid encoding fits 256 B,gqa_150292,infeasible
256,avif,No AVIF grid encoding fits 256 B,gqa_150295,infeasible
256,avif,No AVIF grid encoding fits 256 B,gqa_498006,infeasible
256,avif,No AVIF grid encoding fits 256 B,gqa_713795,infeasible
256,avif,No AVIF grid encoding fits 256 B,gqa_713928,infeasible
256,avif,No AVIF grid encoding fits 256 B,gqa_1592103,infeasible
256,avif,No AVIF grid encoding fits 256 B,gqa_1593007,infeasible
256,avif,No AVIF grid encoding fits 256 B,gqa_1593177,infeasible
256,avif,No AVIF grid encoding fits 256 B,gqa_2315383,infeasible
256,avif,No AVIF grid encoding fits 256 B,gqa_2315569,infeasible
256,avif,No AVIF grid encoding fits 256 B,gqa_2316535,infeasible
256,avif,No AVIF grid encoding fits 256 B,gqa_2317060,infeasible
256,avif,No AVIF grid encoding fits 256 B,gqa_2317411,infeasible
256,avif,No AVIF grid encoding fits 256 B,gqa_2317542,infeasible
256,avif,No AVIF grid encoding fits 256 B,gqa_2318349,infeasible
256,avif,No AVIF grid encoding fits 256 B,gqa_2318586,infeasible
256,avif,No AVIF grid encoding fits 256 B,gqa_2319715,infeasible
256,avif,No AVIF grid encoding fits 256 B,gqa_2319755,infeasible
256,avif,No AVIF grid encoding fits 256 B,gqa_2319825,infeasible
256,avif,No AVIF grid encoding fits 256 B,gqa_2320260,infeasible
256,avif,No AVIF grid encoding fits 256 B,gqa_2320864,infeasible
256,avif,No AVIF grid encoding fits 256 B,gqa_2321166,infeasible
256,avif,No AVIF grid encoding fits 256 B,gqa_2322185,infeasible
256,avif,No AVIF grid encoding fits 256 B,gqa_2322244,infeasible
256,avif,No AVIF grid encoding fits 256 B,gqa_2323032,infeasible
256,avif,No AVIF grid encoding fits 256 B,gqa_2323780,infeasible
256,avif,No AVIF grid encoding fits 256 B,gqa_2324119,infeasible
256,avif,No AVIF grid encoding fits 256 B,gqa_2324322,infeasible
256,avif,No AVIF grid encoding fits 256 B,gqa_2324466,infeasible
256,avif,No AVIF grid encoding fits 256 B,gqa_2324606,infeasible
256,avif,No AVIF grid encoding fits 256 B,gqa_2326436,infeasible
256,avif,No AVIF grid encoding fits 256 B,gqa_2326899,infeasible
256,avif,No AVIF grid encoding fits 256 B,gqa_2328171,infeasible
256,avif,No AVIF grid encoding fits 256 B,gqa_2328273,infeasible
256,avif,No AVIF grid encoding fits 256 B,gqa_2328788,infeasible
256,avif,No AVIF grid encoding fits 256 B,gqa_2328825,infeasible
256,avif,No AVIF grid encoding fits 256 B,gqa_2328879,infeasible
256,avif,No AVIF grid encoding fits 256 B,gqa_2329566,infeasible
256,avif,No AVIF grid encoding fits 256 B,gqa_2330438,infeasible
256,avif,No AVIF grid encoding fits 256 B,gqa_2330917,infeasible
256,avif,No AVIF grid encoding fits 256 B,gqa_2330972,infeasible
256,avif,No AVIF grid encoding fits 256 B,gqa_2331876,infeasible
256,avif,No AVIF grid encoding fits 256 B,gqa_2331963,infeasible
256,avif,No AVIF grid encoding fits 256 B,gqa_2333075,infeasible
256,avif,No AVIF grid encoding fits 256 B,gqa_2333428,infeasible
256,avif,No AVIF grid encoding fits 256 B,gqa_2333525,infeasible
256,avif,No AVIF grid encoding fits 256 B,gqa_2333677,infeasible
256,avif,No AVIF grid encoding fits 256 B,gqa_2334914,infeasible
256,avif,No AVIF grid encoding fits 256 B,gqa_2334989,infeasible
256,avif,No AVIF grid encoding fits 256 B,gqa_2335384,infeasible
256,avif,No AVIF grid encoding fits 256 B,gqa_2336817,infeasible
256,avif,No AVIF grid encoding fits 256 B,gqa_2338336,infeasible
256,avif,No AVIF grid encoding fits 256 B,gqa_2339471,infeasible
256,avif,No AVIF grid encoding fits 256 B,gqa_2341361,infeasible
256,avif,No AVIF grid encoding fits 256 B,gqa_2341476,infeasible
256,avif,No AVIF grid encoding fits 256 B,gqa_2341576,infeasible
256,avif,No AVIF grid encoding fits 256 B,gqa_2341611,infeasible
256,avif,No AVIF grid encoding fits 256 B,gqa_2341637,infeasible
256,avif,No AVIF grid encoding fits 256 B,gqa_2342147,infeasible
256,avif,No AVIF grid encoding fits 256 B,gqa_2342323,infeasible
256,avif,No AVIF grid encoding fits 256 B,gqa_2342333,infeasible
256,avif,No AVIF grid encoding fits 256 B,gqa_2343201,infeasible
256,avif,No AVIF grid encoding fits 256 B,gqa_2343287,infeasible
256,avif,No AVIF grid encoding fits 256 B,gqa_2344297,infeasible
256,avif,No AVIF grid encoding fits 256 B,gqa_2344488,infeasible
256,avif,No AVIF grid encoding fits 256 B,gqa_2345081,infeasible
256,avif,No AVIF grid encoding fits 256 B,gqa_2345482,infeasible
256,avif,No AVIF grid encoding fits 256 B,gqa_2346467,infeasible
256,avif,No AVIF grid encoding fits 256 B,gqa_2346957,infeasible
256,avif,No AVIF grid encoding fits 256 B,gqa_2347367,infeasible
256,avif,No AVIF grid encoding fits 256 B,gqa_2347450,infeasible
256,avif,No AVIF grid encoding fits 256 B,gqa_2347772,infeasible
256,avif,No AVIF grid encoding fits 256 B,gqa_2349334,infeasible
256,avif,No AVIF grid encoding fits 256 B,gqa_2349746,infeasible
256,avif,No AVIF grid encoding fits 256 B,gqa_2350006,infeasible
256,avif,No AVIF grid encoding fits 256 B,gqa_2350743,infeasible
256,avif,No AVIF grid encoding fits 256 B,gqa_2351967,infeasible
256,avif,No AVIF grid encoding fits 256 B,gqa_2352092,infeasible
256,avif,No AVIF grid encoding fits 256 B,gqa_2352324,infeasible
256,avif,No AVIF grid encoding fits 256 B,gqa_2352785,infeasible
256,avif,No AVIF grid encoding fits 256 B,gqa_2353322,infeasible
256,avif,No AVIF grid encoding fits 256 B,gqa_2354715,infeasible
256,avif,No AVIF grid encoding fits 256 B,gqa_2355212,infeasible
256,avif,No AVIF grid encoding fits 256 B,gqa_2355385,infeasible
256,avif,No AVIF grid encoding fits 256 B,gqa_2355528,infeasible
256,avif,No AVIF grid encoding fits 256 B,gqa_2356041,infeasible
256,avif,No AVIF grid encoding fits 256 B,gqa_2356089,infeasible
256,avif,No AVIF grid encoding fits 256 B,gqa_2356227,infeasible
256,avif,No AVIF grid encoding fits 256 B,gqa_2356577,infeasible
256,avif,No AVIF grid encoding fits 256 B,gqa_2356747,infeasible
256,avif,No AVIF grid encoding fits 256 B,gqa_2356833,infeasible
256,avif,No AVIF grid encoding fits 256 B,gqa_2356972,infeasible
256,avif,No AVIF grid encoding fits 256 B,gqa_2357882,infeasible
256,avif,No AVIF grid encoding fits 256 B,gqa_2358111,infeasible
256,avif,No AVIF grid encoding fits 256 B,gqa_2358186,infeasible
256,avif,No AVIF grid encoding fits 256 B,gqa_2358464,infeasible
256,avif,No AVIF grid encoding fits 256 B,gqa_2359192,infeasible
256,avif,No AVIF grid encoding fits 256 B,gqa_2359195,infeasible
256,avif,No AVIF grid encoding fits 256 B,gqa_2359351,infeasible
256,avif,No AVIF grid encoding fits 256 B,gqa_2359470,infeasible
256,avif,No AVIF grid encoding fits 256 B,gqa_2359924,infeasible
256,avif,No AVIF grid encoding fits 256 B,gqa_2360103,infeasible
256,avif,No AVIF grid encoding fits 256 B,gqa_2360831,infeasible
256,avif,No AVIF grid encoding fits 256 B,gqa_2361815,infeasible
256,avif,No AVIF grid encoding fits 256 B,gqa_2363074,infeasible
256,avif,No AVIF grid encoding fits 256 B,gqa_2363203,infeasible
256,avif,No AVIF grid encoding fits 256 B,gqa_2363269,infeasible
256,avif,No AVIF grid encoding fits 256 B,gqa_2363444,infeasible
256,avif,No AVIF grid encoding fits 256 B,gqa_2363706,infeasible
256,avif,No AVIF grid encoding fits 256 B,gqa_2363979,infeasible
256,avif,No AVIF grid encoding fits 256 B,gqa_2364335,infeasible
256,avif,No AVIF grid encoding fits 256 B,gqa_2364614,infeasible
256,avif,No AVIF grid encoding fits 256 B,gqa_2364774,infeasible
256,avif,No AVIF grid encoding fits 256 B,gqa_2365176,infeasible
256,avif,No AVIF grid encoding fits 256 B,gqa_2365398,infeasible
256,avif,No AVIF grid encoding fits 256 B,gqa_2365435,infeasible
256,avif,No AVIF grid encoding fits 256 B,gqa_2365505,infeasible
256,avif,No AVIF grid encoding fits 256 B,gqa_2366157,infeasible
256,avif,No AVIF grid encoding fits 256 B,gqa_2366510,infeasible
256,avif,No AVIF grid encoding fits 256 B,gqa_2366645,infeasible
256,avif,No AVIF grid encoding fits 256 B,gqa_2366958,infeasible
256,avif,No AVIF grid encoding fits 256 B,gqa_2367190,infeasible
256,avif,No AVIF grid encoding fits 256 B,gqa_2367328,infeasible
256,avif,No AVIF grid encoding fits 256 B,gqa_2367639,infeasible
256,avif,No AVIF grid encoding fits 256 B,gqa_2367770,infeasible
256,avif,No AVIF grid encoding fits 256 B,gqa_2367977,infeasible
256,avif,No AVIF grid encoding fits 256 B,gqa_2368884,infeasible
256,avif,No AVIF grid encoding fits 256 B,gqa_2369906,infeasible
256,avif,No AVIF grid encoding fits 256 B,gqa_2370047,infeasible
256,avif,No AVIF grid encoding fits 256 B,gqa_2370242,infeasible
256,avif,No AVIF grid encoding fits 256 B,gqa_2370329,infeasible
256,avif,No AVIF grid encoding fits 256 B,gqa_2370859,infeasible
256,avif,No AVIF grid encoding fits 256 B,gqa_2370968,infeasible
256,avif,No AVIF grid encoding fits 256 B,gqa_2371504,infeasible
256,avif,No AVIF grid encoding fits 256 B,gqa_2372977,infeasible
256,avif,No AVIF grid encoding fits 256 B,gqa_2373259,infeasible
256,avif,No AVIF grid encoding fits 256 B,gqa_2373271,infeasible
256,avif,No AVIF grid encoding fits 256 B,gqa_2373294,infeasible
256,avif,No AVIF grid encoding fits 256 B,gqa_2373590,infeasible
256,avif,No AVIF grid encoding fits 256 B,gqa_2373592,infeasible
256,avif,No AVIF grid encoding fits 256 B,gqa_2373967,infeasible
256,avif,No AVIF grid encoding fits 256 B,gqa_2374540,infeasible
256,avif,No AVIF grid encoding fits 256 B,gqa_2375091,infeasible
256,avif,No AVIF grid encoding fits 256 B,gqa_2376266,infeasible
256,avif,No AVIF grid encoding fits 256 B,gqa_2376766,infeasible
256,avif,No AVIF grid encoding fits 256 B,gqa_2378273,infeasible
256,avif,No AVIF grid encoding fits 256 B,gqa_2378436,infeasible
256,avif,No AVIF grid encoding fits 256 B,gqa_2378739,infeasible
256,avif,No AVIF grid encoding fits 256 B,gqa_2378917,infeasible
256,avif,No AVIF grid encoding fits 256 B,gqa_2378984,infeasible
256,avif,No AVIF grid encoding fits 256 B,gqa_2379178,infeasible
256,avif,No AVIF grid encoding fits 256 B,gqa_2379791,infeasible
256,avif,No AVIF grid encoding fits 256 B,gqa_2379897,infeasible
256,avif,No AVIF grid encoding fits 256 B,gqa_2379906,infeasible
256,avif,No AVIF grid encoding fits 256 B,gqa_2379919,infeasible
256,avif,No AVIF grid encoding fits 256 B,gqa_2379961,infeasible
256,avif,No AVIF grid encoding fits 256 B,gqa_2380291,infeasible
256,avif,No AVIF grid encoding fits 256 B,gqa_2380436,infeasible
256,avif,No AVIF grid encoding fits 256 B,gqa_2380691,infeasible
256,avif,No AVIF grid encoding fits 256 B,gqa_2380720,infeasible
256,avif,No AVIF grid encoding fits 256 B,gqa_2380779,infeasible
256,avif,No AVIF grid encoding fits 256 B,gqa_2380873,infeasible
256,avif,No AVIF grid encoding fits 256 B,gqa_2381128,infeasible
256,avif,No AVIF grid encoding fits 256 B,gqa_2381547,infeasible
256,avif,No AVIF grid encoding fits 256 B,gqa_2381671,infeasible
256,avif,No AVIF grid encoding fits 256 B,gqa_2382178,infeasible
256,avif,No AVIF grid encoding fits 256 B,gqa_2382460,infeasible
256,avif,No AVIF grid encoding fits 256 B,gqa_2383023,infeasible
256,avif,No AVIF grid encoding fits 256 B,gqa_2383204,infeasible
256,avif,No AVIF grid encoding fits 256 B,gqa_2383269,infeasible
256,avif,No AVIF grid encoding fits 256 B,gqa_2383696,infeasible
256,avif,No AVIF grid encoding fits 256 B,gqa_2383963,infeasible
256,avif,No AVIF grid encoding fits 256 B,gqa_2383991,infeasible
256,avif,No AVIF grid encoding fits 256 B,gqa_2384063,infeasible
256,avif,No AVIF grid encoding fits 256 B,gqa_2384169,infeasible
256,avif,No AVIF grid encoding fits 256 B,gqa_2384376,infeasible
256,avif,No AVIF grid encoding fits 256 B,gqa_2384614,infeasible
256,avif,No AVIF grid encoding fits 256 B,gqa_2384672,infeasible
256,avif,No AVIF grid encoding fits 256 B,gqa_2385322,infeasible
256,avif,No AVIF grid encoding fits 256 B,gqa_2386051,infeasible
256,avif,No AVIF grid encoding fits 256 B,gqa_2386495,infeasible
256,avif,No AVIF grid encoding fits 256 B,gqa_2386903,infeasible
256,avif,No AVIF grid encoding fits 256 B,gqa_2386979,infeasible
256,avif,No AVIF grid encoding fits 256 B,gqa_2386987,infeasible
256,avif,No AVIF grid encoding fits 256 B,gqa_2387110,infeasible
256,avif,No AVIF grid encoding fits 256 B,gqa_2387118,infeasible
256,avif,No AVIF grid encoding fits 256 B,gqa_2387359,infeasible
256,avif,No AVIF grid encoding fits 256 B,gqa_2388030,infeasible
256,avif,No AVIF grid encoding fits 256 B,gqa_2388049,infeasible
256,avif,No AVIF grid encoding fits 256 B,gqa_2388625,infeasible
256,avif,No AVIF grid encoding fits 256 B,gqa_2388805,infeasible
256,avif,No AVIF grid encoding fits 256 B,gqa_2389312,infeasible
256,avif,No AVIF grid encoding fits 256 B,gqa_2389626,infeasible
256,avif,No AVIF grid encoding fits 256 B,gqa_2390071,infeasible
256,avif,No AVIF grid encoding fits 256 B,gqa_2390097,infeasible
256,avif,No AVIF grid encoding fits 256 B,gqa_2390108,infeasible
256,avif,No AVIF grid encoding fits 256 B,gqa_2390727,infeasible
256,avif,No AVIF grid encoding fits 256 B,gqa_2391406,infeasible
256,avif,No AVIF grid encoding fits 256 B,gqa_2391835,infeasible
256,avif,No AVIF grid encoding fits 256 B,gqa_2392147,infeasible
256,avif,No AVIF grid encoding fits 256 B,gqa_2392185,infeasible
256,avif,No AVIF grid encoding fits 256 B,gqa_2392252,infeasible
256,avif,No AVIF grid encoding fits 256 B,gqa_2392318,infeasible
256,avif,No AVIF grid encoding fits 256 B,gqa_2392845,infeasible
256,avif,No AVIF grid encoding fits 256 B,gqa_2392875,infeasible
256,avif,No AVIF grid encoding fits 256 B,gqa_2393739,infeasible
256,avif,No AVIF grid encoding fits 256 B,gqa_2393775,infeasible
256,avif,No AVIF grid encoding fits 256 B,gqa_2393788,infeasible
256,avif,No AVIF grid encoding fits 256 B,gqa_2394519,infeasible
256,avif,No AVIF grid encoding fits 256 B,gqa_2394763,infeasible
256,avif,No AVIF grid encoding fits 256 B,gqa_2394891,infeasible
256,avif,No AVIF grid encoding fits 256 B,gqa_2395361,infeasible
256,avif,No AVIF grid encoding fits 256 B,gqa_2395949,infeasible
256,avif,No AVIF grid encoding fits 256 B,gqa_2396578,infeasible
256,avif,No AVIF grid encoding fits 256 B,gqa_2396731,infeasible
256,avif,No AVIF grid encoding fits 256 B,gqa_2396750,infeasible
256,avif,No AVIF grid encoding fits 256 B,gqa_2396995,infeasible
256,avif,No AVIF grid encoding fits 256 B,gqa_2397007,infeasible
256,avif,No AVIF grid encoding fits 256 B,gqa_2398108,infeasible
256,avif,No AVIF grid encoding fits 256 B,gqa_2398485,infeasible
256,avif,No AVIF grid encoding fits 256 B,gqa_2398612,infeasible
256,avif,No AVIF grid encoding fits 256 B,gqa_2398946,infeasible
256,avif,No AVIF grid encoding fits 256 B,gqa_2399149,infeasible
256,avif,No AVIF grid encoding fits 256 B,gqa_2399186,infeasible
256,avif,No AVIF grid encoding fits 256 B,gqa_2399206,infeasible
256,avif,No AVIF grid encoding fits 256 B,gqa_2399600,infeasible
256,avif,No AVIF grid encoding fits 256 B,gqa_2400016,infeasible
256,avif,No AVIF grid encoding fits 256 B,gqa_2400224,infeasible
256,avif,No AVIF grid encoding fits 256 B,gqa_2400425,infeasible
256,avif,No AVIF grid encoding fits 256 B,gqa_2401037,infeasible
256,avif,No AVIF grid encoding fits 256 B,gqa_2401045,infeasible
256,avif,No AVIF grid encoding fits 256 B,gqa_2401215,infeasible
256,avif,No AVIF grid encoding fits 256 B,gqa_2401325,infeasible
256,avif,No AVIF grid encoding fits 256 B,gqa_2401622,infeasible
256,avif,No AVIF grid encoding fits 256 B,gqa_2401908,infeasible
256,avif,No AVIF grid encoding fits 256 B,gqa_2402947,infeasible
256,avif,No AVIF grid encoding fits 256 B,gqa_2403289,infeasible
256,avif,No AVIF grid encoding fits 256 B,gqa_2403590,infeasible
256,avif,No AVIF grid encoding fits 256 B,gqa_2403595,infeasible
256,avif,No AVIF grid encoding fits 256 B,gqa_2404030,infeasible
256,avif,No AVIF grid encoding fits 256 B,gqa_2404130,infeasible
256,avif,No AVIF grid encoding fits 256 B,gqa_2404215,infeasible
256,avif,No AVIF grid encoding fits 256 B,gqa_2404539,infeasible
256,avif,No AVIF grid encoding fits 256 B,gqa_2404666,infeasible
256,avif,No AVIF grid encoding fits 256 B,gqa_2405032,infeasible
256,avif,No AVIF grid encoding fits 256 B,gqa_2405174,infeasible
256,avif,No AVIF grid encoding fits 256 B,gqa_2405197,infeasible
256,avif,No AVIF grid encoding fits 256 B,gqa_2406620,infeasible
256,avif,No AVIF grid encoding fits 256 B,gqa_2406736,infeasible
256,avif,No AVIF grid encoding fits 256 B,gqa_2407284,infeasible
256,avif,No AVIF grid encoding fits 256 B,gqa_2407415,infeasible
256,avif,No AVIF grid encoding fits 256 B,gqa_2407473,infeasible
256,avif,No AVIF grid encoding fits 256 B,gqa_2407481,infeasible
256,avif,No AVIF grid encoding fits 256 B,gqa_2407802,infeasible
256,avif,No AVIF grid encoding fits 256 B,gqa_2408048,infeasible
256,avif,No AVIF grid encoding fits 256 B,gqa_2409068,infeasible
256,avif,No AVIF grid encoding fits 256 B,gqa_2409346,infeasible
256,avif,No AVIF grid encoding fits 256 B,gqa_2409395,infeasible
256,avif,No AVIF grid encoding fits 256 B,gqa_2409472,infeasible
256,avif,No AVIF grid encoding fits 256 B,gqa_2409967,infeasible
256,avif,No AVIF grid encoding fits 256 B,gqa_2410150,infeasible
256,avif,No AVIF grid encoding fits 256 B,gqa_2410472,infeasible
256,avif,No AVIF grid encoding fits 256 B,gqa_2411058,infeasible
256,avif,No AVIF grid encoding fits 256 B,gqa_2411222,infeasible
256,avif,No AVIF grid encoding fits 256 B,gqa_2411437,infeasible
256,avif,No AVIF grid encoding fits 256 B,gqa_2411812,infeasible
256,avif,No AVIF grid encoding fits 256 B,gqa_2412131,infeasible
256,avif,No AVIF grid encoding fits 256 B,gqa_2412204,infeasible
256,avif,No AVIF grid encoding fits 256 B,gqa_2412339,infeasible
256,avif,No AVIF grid encoding fits 256 B,gqa_2412511,infeasible
256,avif,No AVIF grid encoding fits 256 B,gqa_2412542,infeasible
256,avif,No AVIF grid encoding fits 256 B,gqa_2412554,infeasible
256,avif,No AVIF grid encoding fits 256 B,gqa_2412648,infeasible
256,avif,No AVIF grid encoding fits 256 B,gqa_2413325,infeasible
256,avif,No AVIF grid encoding fits 256 B,gqa_2413380,infeasible
256,avif,No AVIF grid encoding fits 256 B,gqa_2413428,infeasible
256,avif,No AVIF grid encoding fits 256 B,gqa_2413503,infeasible
256,avif,No AVIF grid encoding fits 256 B,gqa_2413957,infeasible
256,avif,No AVIF grid encoding fits 256 B,gqa_2414149,infeasible
256,avif,No AVIF grid encoding fits 256 B,gqa_2415921,infeasible
256,avif,No AVIF grid encoding fits 256 B,gqa_2416038,infeasible
256,avif,No AVIF grid encoding fits 256 B,gqa_2416080,infeasible
256,avif,No AVIF grid encoding fits 256 B,gqa_2416156,infeasible
256,avif,No AVIF grid encoding fits 256 B,gqa_2416484,infeasible
256,avif,No AVIF grid encoding fits 256 B,gqa_2416524,infeasible
512,avif,No AVIF grid encoding fits 512 B,gqa_150292,infeasible
512,avif,No AVIF grid encoding fits 512 B,gqa_498006,infeasible
512,avif,No AVIF grid encoding fits 512 B,gqa_713795,infeasible
512,avif,No AVIF grid encoding fits 512 B,gqa_1593007,infeasible
512,avif,No AVIF grid encoding fits 512 B,gqa_2315569,infeasible
512,avif,No AVIF grid encoding fits 512 B,gqa_2317542,infeasible
512,avif,No AVIF grid encoding fits 512 B,gqa_2318349,infeasible
512,avif,No AVIF grid encoding fits 512 B,gqa_2319755,infeasible
512,avif,No AVIF grid encoding fits 512 B,gqa_2320260,infeasible
512,avif,No AVIF grid encoding fits 512 B,gqa_2322185,infeasible
512,avif,No AVIF grid encoding fits 512 B,gqa_2323780,infeasible
512,avif,No AVIF grid encoding fits 512 B,gqa_2324119,infeasible
512,avif,No AVIF grid encoding fits 512 B,gqa_2328788,infeasible
512,avif,No AVIF grid encoding fits 512 B,gqa_2330917,infeasible
512,avif,No AVIF grid encoding fits 512 B,gqa_2333075,infeasible
512,avif,No AVIF grid encoding fits 512 B,gqa_2333428,infeasible
512,avif,No AVIF grid encoding fits 512 B,gqa_2333525,infeasible
512,avif,No AVIF grid encoding fits 512 B,gqa_2333677,infeasible
512,avif,No AVIF grid encoding fits 512 B,gqa_2334989,infeasible
512,avif,No AVIF grid encoding fits 512 B,gqa_2338336,infeasible
512,avif,No AVIF grid encoding fits 512 B,gqa_2339471,infeasible
512,avif,No AVIF grid encoding fits 512 B,gqa_2341611,infeasible
512,avif,No AVIF grid encoding fits 512 B,gqa_2342323,infeasible
512,avif,No AVIF grid encoding fits 512 B,gqa_2342333,infeasible
512,avif,No AVIF grid encoding fits 512 B,gqa_2344297,infeasible
512,avif,No AVIF grid encoding fits 512 B,gqa_2344488,infeasible
512,avif,No AVIF grid encoding fits 512 B,gqa_2345081,infeasible
512,avif,No AVIF grid encoding fits 512 B,gqa_2346467,infeasible
512,avif,No AVIF grid encoding fits 512 B,gqa_2346957,infeasible
512,avif,No AVIF grid encoding fits 512 B,gqa_2347772,infeasible
512,avif,No AVIF grid encoding fits 512 B,gqa_2349334,infeasible
512,avif,No AVIF grid encoding fits 512 B,gqa_2352092,infeasible
512,avif,No AVIF grid encoding fits 512 B,gqa_2352785,infeasible
512,avif,No AVIF grid encoding fits 512 B,gqa_2353322,infeasible
512,avif,No AVIF grid encoding fits 512 B,gqa_2354715,infeasible
512,avif,No AVIF grid encoding fits 512 B,gqa_2355385,infeasible
512,avif,No AVIF grid encoding fits 512 B,gqa_2356041,infeasible
512,avif,No AVIF grid encoding fits 512 B,gqa_2356747,infeasible
512,avif,No AVIF grid encoding fits 512 B,gqa_2356833,infeasible
512,avif,No AVIF grid encoding fits 512 B,gqa_2356972,infeasible
512,avif,No AVIF grid encoding fits 512 B,gqa_2358111,infeasible
512,avif,No AVIF grid encoding fits 512 B,gqa_2358186,infeasible
512,avif,No AVIF grid encoding fits 512 B,gqa_2358464,infeasible
512,avif,No AVIF grid encoding fits 512 B,gqa_2359192,infeasible
512,avif,No AVIF grid encoding fits 512 B,gqa_2359195,infeasible
512,avif,No AVIF grid encoding fits 512 B,gqa_2359470,infeasible
512,avif,No AVIF grid encoding fits 512 B,gqa_2360831,infeasible
512,avif,No AVIF grid encoding fits 512 B,gqa_2363269,infeasible
512,avif,No AVIF grid encoding fits 512 B,gqa_2363444,infeasible
512,avif,No AVIF grid encoding fits 512 B,gqa_2365435,infeasible
512,avif,No AVIF grid encoding fits 512 B,gqa_2366157,infeasible
512,avif,No AVIF grid encoding fits 512 B,gqa_2366510,infeasible
512,avif,No AVIF grid encoding fits 512 B,gqa_2366958,infeasible
512,avif,No AVIF grid encoding fits 512 B,gqa_2367639,infeasible
512,avif,No AVIF grid encoding fits 512 B,gqa_2369906,infeasible
512,avif,No AVIF grid encoding fits 512 B,gqa_2370329,infeasible
512,avif,No AVIF grid encoding fits 512 B,gqa_2370968,infeasible
512,avif,No AVIF grid encoding fits 512 B,gqa_2372977,infeasible
512,avif,No AVIF grid encoding fits 512 B,gqa_2373271,infeasible
512,avif,No AVIF grid encoding fits 512 B,gqa_2378273,infeasible
512,avif,No AVIF grid encoding fits 512 B,gqa_2378917,infeasible
512,avif,No AVIF grid encoding fits 512 B,gqa_2379897,infeasible
512,avif,No AVIF grid encoding fits 512 B,gqa_2379906,infeasible
512,avif,No AVIF grid encoding fits 512 B,gqa_2379919,infeasible
512,avif,No AVIF grid encoding fits 512 B,gqa_2380291,infeasible
512,avif,No AVIF grid encoding fits 512 B,gqa_2380779,infeasible
512,avif,No AVIF grid encoding fits 512 B,gqa_2381128,infeasible
512,avif,No AVIF grid encoding fits 512 B,gqa_2381547,infeasible
512,avif,No AVIF grid encoding fits 512 B,gqa_2381671,infeasible
512,avif,No AVIF grid encoding fits 512 B,gqa_2383269,infeasible
512,avif,No AVIF grid encoding fits 512 B,gqa_2383696,infeasible
512,avif,No AVIF grid encoding fits 512 B,gqa_2383963,infeasible
512,avif,No AVIF grid encoding fits 512 B,gqa_2383991,infeasible
512,avif,No AVIF grid encoding fits 512 B,gqa_2384672,infeasible
512,avif,No AVIF grid encoding fits 512 B,gqa_2386051,infeasible
512,avif,No AVIF grid encoding fits 512 B,gqa_2386495,infeasible
512,avif,No AVIF grid encoding fits 512 B,gqa_2386903,infeasible
512,avif,No AVIF grid encoding fits 512 B,gqa_2386979,infeasible
512,avif,No AVIF grid encoding fits 512 B,gqa_2386987,infeasible
512,avif,No AVIF grid encoding fits 512 B,gqa_2388625,infeasible
512,avif,No AVIF grid encoding fits 512 B,gqa_2389312,infeasible
512,avif,No AVIF grid encoding fits 512 B,gqa_2389626,infeasible
512,avif,No AVIF grid encoding fits 512 B,gqa_2390071,infeasible
512,avif,No AVIF grid encoding fits 512 B,gqa_2391406,infeasible
512,avif,No AVIF grid encoding fits 512 B,gqa_2391835,infeasible
512,avif,No AVIF grid encoding fits 512 B,gqa_2392185,infeasible
512,avif,No AVIF grid encoding fits 512 B,gqa_2392252,infeasible
512,avif,No AVIF grid encoding fits 512 B,gqa_2392318,infeasible
512,avif,No AVIF grid encoding fits 512 B,gqa_2392845,infeasible
512,avif,No AVIF grid encoding fits 512 B,gqa_2394519,infeasible
512,avif,No AVIF grid encoding fits 512 B,gqa_2394763,infeasible
512,avif,No AVIF grid encoding fits 512 B,gqa_2394891,infeasible
512,avif,No AVIF grid encoding fits 512 B,gqa_2395949,infeasible
512,avif,No AVIF grid encoding fits 512 B,gqa_2396578,infeasible
512,avif,No AVIF grid encoding fits 512 B,gqa_2396731,infeasible
512,avif,No AVIF grid encoding fits 512 B,gqa_2398108,infeasible
512,avif,No AVIF grid encoding fits 512 B,gqa_2398485,infeasible
512,avif,No AVIF grid encoding fits 512 B,gqa_2398612,infeasible
512,avif,No AVIF grid encoding fits 512 B,gqa_2399149,infeasible
512,avif,No AVIF grid encoding fits 512 B,gqa_2399186,infeasible
512,avif,No AVIF grid encoding fits 512 B,gqa_2399600,infeasible
512,avif,No AVIF grid encoding fits 512 B,gqa_2400016,infeasible
512,avif,No AVIF grid encoding fits 512 B,gqa_2401037,infeasible
512,avif,No AVIF grid encoding fits 512 B,gqa_2401045,infeasible
512,avif,No AVIF grid encoding fits 512 B,gqa_2401325,infeasible
512,avif,No AVIF grid encoding fits 512 B,gqa_2401622,infeasible
512,avif,No AVIF grid encoding fits 512 B,gqa_2403289,infeasible
512,avif,No AVIF grid encoding fits 512 B,gqa_2403595,infeasible
512,avif,No AVIF grid encoding fits 512 B,gqa_2404030,infeasible
512,avif,No AVIF grid encoding fits 512 B,gqa_2404666,infeasible
512,avif,No AVIF grid encoding fits 512 B,gqa_2405032,infeasible
512,avif,No AVIF grid encoding fits 512 B,gqa_2405174,infeasible
512,avif,No AVIF grid encoding fits 512 B,gqa_2405197,infeasible
512,avif,No AVIF grid encoding fits 512 B,gqa_2406620,infeasible
512,avif,No AVIF grid encoding fits 512 B,gqa_2407802,infeasible
512,avif,No AVIF grid encoding fits 512 B,gqa_2409068,infeasible
512,avif,No AVIF grid encoding fits 512 B,gqa_2411812,infeasible
512,avif,No AVIF grid encoding fits 512 B,gqa_2412131,infeasible
512,avif,No AVIF grid encoding fits 512 B,gqa_2412204,infeasible
512,avif,No AVIF grid encoding fits 512 B,gqa_2412339,infeasible
512,avif,No AVIF grid encoding fits 512 B,gqa_2412648,infeasible
512,avif,No AVIF grid encoding fits 512 B,gqa_2413325,infeasible
512,avif,No AVIF grid encoding fits 512 B,gqa_2413428,infeasible
512,avif,No AVIF grid encoding fits 512 B,gqa_2413503,infeasible
512,avif,No AVIF grid encoding fits 512 B,gqa_2414149,infeasible
512,avif,No AVIF grid encoding fits 512 B,gqa_2415921,infeasible
512,avif,No AVIF grid encoding fits 512 B,gqa_2416484,infeasible
1024,avif,No AVIF grid encoding fits 1024 B,gqa_150292,infeasible
1024,avif,No AVIF grid encoding fits 1024 B,gqa_498006,infeasible
1024,avif,No AVIF grid encoding fits 1024 B,gqa_713795,infeasible
1024,avif,No AVIF grid encoding fits 1024 B,gqa_1593007,infeasible
1024,avif,No AVIF grid encoding fits 1024 B,gqa_2315569,infeasible
1024,avif,No AVIF grid encoding fits 1024 B,gqa_2317542,infeasible
1024,avif,No AVIF grid encoding fits 1024 B,gqa_2318349,infeasible
1024,avif,No AVIF grid encoding fits 1024 B,gqa_2319755,infeasible
1024,avif,No AVIF grid encoding fits 1024 B,gqa_2320260,infeasible
1024,avif,No AVIF grid encoding fits 1024 B,gqa_2322185,infeasible
1024,avif,No AVIF grid encoding fits 1024 B,gqa_2324119,infeasible
1024,avif,No AVIF grid encoding fits 1024 B,gqa_2328788,infeasible
1024,avif,No AVIF grid encoding fits 1024 B,gqa_2330917,infeasible
1024,avif,No AVIF grid encoding fits 1024 B,gqa_2333428,infeasible
1024,avif,No AVIF grid encoding fits 1024 B,gqa_2333525,infeasible
1024,avif,No AVIF grid encoding fits 1024 B,gqa_2333677,infeasible
1024,avif,No AVIF grid encoding fits 1024 B,gqa_2334989,infeasible
1024,avif,No AVIF grid encoding fits 1024 B,gqa_2338336,infeasible
1024,avif,No AVIF grid encoding fits 1024 B,gqa_2339471,infeasible
1024,avif,No AVIF grid encoding fits 1024 B,gqa_2342323,infeasible
1024,avif,No AVIF grid encoding fits 1024 B,gqa_2344297,infeasible
1024,avif,No AVIF grid encoding fits 1024 B,gqa_2344488,infeasible
1024,avif,No AVIF grid encoding fits 1024 B,gqa_2346467,infeasible
1024,avif,No AVIF grid encoding fits 1024 B,gqa_2346957,infeasible
1024,avif,No AVIF grid encoding fits 1024 B,gqa_2347772,infeasible
1024,avif,No AVIF grid encoding fits 1024 B,gqa_2352785,infeasible
1024,avif,No AVIF grid encoding fits 1024 B,gqa_2354715,infeasible
1024,avif,No AVIF grid encoding fits 1024 B,gqa_2356041,infeasible
1024,avif,No AVIF grid encoding fits 1024 B,gqa_2356747,infeasible
1024,avif,No AVIF grid encoding fits 1024 B,gqa_2356833,infeasible
1024,avif,No AVIF grid encoding fits 1024 B,gqa_2356972,infeasible
1024,avif,No AVIF grid encoding fits 1024 B,gqa_2358111,infeasible
1024,avif,No AVIF grid encoding fits 1024 B,gqa_2358186,infeasible
1024,avif,No AVIF grid encoding fits 1024 B,gqa_2358464,infeasible
1024,avif,No AVIF grid encoding fits 1024 B,gqa_2359192,infeasible
1024,avif,No AVIF grid encoding fits 1024 B,gqa_2359195,infeasible
1024,avif,No AVIF grid encoding fits 1024 B,gqa_2359470,infeasible
1024,avif,No AVIF grid encoding fits 1024 B,gqa_2360831,infeasible
1024,avif,No AVIF grid encoding fits 1024 B,gqa_2363269,infeasible
1024,avif,No AVIF grid encoding fits 1024 B,gqa_2365435,infeasible
1024,avif,No AVIF grid encoding fits 1024 B,gqa_2366510,infeasible
1024,avif,No AVIF grid encoding fits 1024 B,gqa_2366958,infeasible
1024,avif,No AVIF grid encoding fits 1024 B,gqa_2367639,infeasible
1024,avif,No AVIF grid encoding fits 1024 B,gqa_2369906,infeasible
1024,avif,No AVIF grid encoding fits 1024 B,gqa_2370329,infeasible
1024,avif,No AVIF grid encoding fits 1024 B,gqa_2370968,infeasible
1024,avif,No AVIF grid encoding fits 1024 B,gqa_2372977,infeasible
1024,avif,No AVIF grid encoding fits 1024 B,gqa_2373271,infeasible
1024,avif,No AVIF grid encoding fits 1024 B,gqa_2378273,infeasible
1024,avif,No AVIF grid encoding fits 1024 B,gqa_2379897,infeasible
1024,avif,No AVIF grid encoding fits 1024 B,gqa_2379906,infeasible
1024,avif,No AVIF grid encoding fits 1024 B,gqa_2379919,infeasible
1024,avif,No AVIF grid encoding fits 1024 B,gqa_2380291,infeasible
1024,avif,No AVIF grid encoding fits 1024 B,gqa_2380779,infeasible
1024,avif,No AVIF grid encoding fits 1024 B,gqa_2381128,infeasible
1024,avif,No AVIF grid encoding fits 1024 B,gqa_2381547,infeasible
1024,avif,No AVIF grid encoding fits 1024 B,gqa_2381671,infeasible
1024,avif,No AVIF grid encoding fits 1024 B,gqa_2383269,infeasible
1024,avif,No AVIF grid encoding fits 1024 B,gqa_2383696,infeasible
1024,avif,No AVIF grid encoding fits 1024 B,gqa_2383991,infeasible
1024,avif,No AVIF grid encoding fits 1024 B,gqa_2384672,infeasible
1024,avif,No AVIF grid encoding fits 1024 B,gqa_2386051,infeasible
1024,avif,No AVIF grid encoding fits 1024 B,gqa_2386903,infeasible
1024,avif,No AVIF grid encoding fits 1024 B,gqa_2386979,infeasible
1024,avif,No AVIF grid encoding fits 1024 B,gqa_2386987,infeasible
1024,avif,No AVIF grid encoding fits 1024 B,gqa_2388625,infeasible
1024,avif,No AVIF grid encoding fits 1024 B,gqa_2389312,infeasible
1024,avif,No AVIF grid encoding fits 1024 B,gqa_2389626,infeasible
1024,avif,No AVIF grid encoding fits 1024 B,gqa_2390071,infeasible
1024,avif,No AVIF grid encoding fits 1024 B,gqa_2391406,infeasible
1024,avif,No AVIF grid encoding fits 1024 B,gqa_2391835,infeasible
1024,avif,No AVIF grid encoding fits 1024 B,gqa_2392185,infeasible
1024,avif,No AVIF grid encoding fits 1024 B,gqa_2392252,infeasible
1024,avif,No AVIF grid encoding fits 1024 B,gqa_2392318,infeasible
1024,avif,No AVIF grid encoding fits 1024 B,gqa_2392845,infeasible
1024,avif,No AVIF grid encoding fits 1024 B,gqa_2394519,infeasible
1024,avif,No AVIF grid encoding fits 1024 B,gqa_2394763,infeasible
1024,avif,No AVIF grid encoding fits 1024 B,gqa_2394891,infeasible
1024,avif,No AVIF grid encoding fits 1024 B,gqa_2395949,infeasible
1024,avif,No AVIF grid encoding fits 1024 B,gqa_2396731,infeasible
1024,avif,No AVIF grid encoding fits 1024 B,gqa_2398485,infeasible
1024,avif,No AVIF grid encoding fits 1024 B,gqa_2398612,infeasible
1024,avif,No AVIF grid encoding fits 1024 B,gqa_2399149,infeasible
1024,avif,No AVIF grid encoding fits 1024 B,gqa_2399186,infeasible
1024,avif,No AVIF grid encoding fits 1024 B,gqa_2399600,infeasible
1024,avif,No AVIF grid encoding fits 1024 B,gqa_2400016,infeasible
1024,avif,No AVIF grid encoding fits 1024 B,gqa_2401037,infeasible
1024,avif,No AVIF grid encoding fits 1024 B,gqa_2401045,infeasible
1024,avif,No AVIF grid encoding fits 1024 B,gqa_2401325,infeasible
1024,avif,No AVIF grid encoding fits 1024 B,gqa_2401622,infeasible
1024,avif,No AVIF grid encoding fits 1024 B,gqa_2403289,infeasible
1024,avif,No AVIF grid encoding fits 1024 B,gqa_2403595,infeasible
1024,avif,No AVIF grid encoding fits 1024 B,gqa_2405032,infeasible
1024,avif,No AVIF grid encoding fits 1024 B,gqa_2405174,infeasible
1024,avif,No AVIF grid encoding fits 1024 B,gqa_2405197,infeasible
1024,avif,No AVIF grid encoding fits 1024 B,gqa_2406620,infeasible
1024,avif,No AVIF grid encoding fits 1024 B,gqa_2407802,infeasible
1024,avif,No AVIF grid encoding fits 1024 B,gqa_2409068,infeasible
1024,avif,No AVIF grid encoding fits 1024 B,gqa_2412131,infeasible
1024,avif,No AVIF grid encoding fits 1024 B,gqa_2412204,infeasible
1024,avif,No AVIF grid encoding fits 1024 B,gqa_2412339,infeasible
1024,avif,No AVIF grid encoding fits 1024 B,gqa_2412648,infeasible
1024,avif,No AVIF grid encoding fits 1024 B,gqa_2413325,infeasible
1024,avif,No AVIF grid encoding fits 1024 B,gqa_2413428,infeasible
1024,avif,No AVIF grid encoding fits 1024 B,gqa_2413503,infeasible
1024,avif,No AVIF grid encoding fits 1024 B,gqa_2414149,infeasible
1024,avif,No AVIF grid encoding fits 1024 B,gqa_2415921,infeasible
1024,avif,No AVIF grid encoding fits 1024 B,gqa_2416484,infeasible
2048,avif,No AVIF grid encoding fits 2048 B,gqa_150292,infeasible
2048,avif,No AVIF grid encoding fits 2048 B,gqa_498006,infeasible
2048,avif,No AVIF grid encoding fits 2048 B,gqa_713795,infeasible
2048,avif,No AVIF grid encoding fits 2048 B,gqa_2315569,infeasible
2048,avif,No AVIF grid encoding fits 2048 B,gqa_2317542,infeasible
2048,avif,No AVIF grid encoding fits 2048 B,gqa_2318349,infeasible
2048,avif,No AVIF grid encoding fits 2048 B,gqa_2320260,infeasible
2048,avif,No AVIF grid encoding fits 2048 B,gqa_2322185,infeasible
2048,avif,No AVIF grid encoding fits 2048 B,gqa_2324119,infeasible
2048,avif,No AVIF grid encoding fits 2048 B,gqa_2328788,infeasible
2048,avif,No AVIF grid encoding fits 2048 B,gqa_2330917,infeasible
2048,avif,No AVIF grid encoding fits 2048 B,gqa_2333428,infeasible
2048,avif,No AVIF grid encoding fits 2048 B,gqa_2333525,infeasible
2048,avif,No AVIF grid encoding fits 2048 B,gqa_2333677,infeasible
2048,avif,No AVIF grid encoding fits 2048 B,gqa_2334989,infeasible
2048,avif,No AVIF grid encoding fits 2048 B,gqa_2338336,infeasible
2048,avif,No AVIF grid encoding fits 2048 B,gqa_2339471,infeasible
2048,avif,No AVIF grid encoding fits 2048 B,gqa_2342323,infeasible
2048,avif,No AVIF grid encoding fits 2048 B,gqa_2344297,infeasible
2048,avif,No AVIF grid encoding fits 2048 B,gqa_2344488,infeasible
2048,avif,No AVIF grid encoding fits 2048 B,gqa_2346467,infeasible
2048,avif,No AVIF grid encoding fits 2048 B,gqa_2346957,infeasible
2048,avif,No AVIF grid encoding fits 2048 B,gqa_2347772,infeasible
2048,avif,No AVIF grid encoding fits 2048 B,gqa_2352785,infeasible
2048,avif,No AVIF grid encoding fits 2048 B,gqa_2354715,infeasible
2048,avif,No AVIF grid encoding fits 2048 B,gqa_2356972,infeasible
2048,avif,No AVIF grid encoding fits 2048 B,gqa_2358111,infeasible
2048,avif,No AVIF grid encoding fits 2048 B,gqa_2358186,infeasible
2048,avif,No AVIF grid encoding fits 2048 B,gqa_2358464,infeasible
2048,avif,No AVIF grid encoding fits 2048 B,gqa_2359195,infeasible
2048,avif,No AVIF grid encoding fits 2048 B,gqa_2360831,infeasible
2048,avif,No AVIF grid encoding fits 2048 B,gqa_2363269,infeasible
2048,avif,No AVIF grid encoding fits 2048 B,gqa_2365435,infeasible
2048,avif,No AVIF grid encoding fits 2048 B,gqa_2366510,infeasible
2048,avif,No AVIF grid encoding fits 2048 B,gqa_2366958,infeasible
2048,avif,No AVIF grid encoding fits 2048 B,gqa_2367639,infeasible
2048,avif,No AVIF grid encoding fits 2048 B,gqa_2369906,infeasible
2048,avif,No AVIF grid encoding fits 2048 B,gqa_2370329,infeasible
2048,avif,No AVIF grid encoding fits 2048 B,gqa_2370968,infeasible
2048,avif,No AVIF grid encoding fits 2048 B,gqa_2372977,infeasible
2048,avif,No AVIF grid encoding fits 2048 B,gqa_2373271,infeasible
2048,avif,No AVIF grid encoding fits 2048 B,gqa_2378273,infeasible
2048,avif,No AVIF grid encoding fits 2048 B,gqa_2379897,infeasible
2048,avif,No AVIF grid encoding fits 2048 B,gqa_2379906,infeasible
2048,avif,No AVIF grid encoding fits 2048 B,gqa_2379919,infeasible
2048,avif,No AVIF grid encoding fits 2048 B,gqa_2380291,infeasible
2048,avif,No AVIF grid encoding fits 2048 B,gqa_2380779,infeasible
2048,avif,No AVIF grid encoding fits 2048 B,gqa_2381128,infeasible
2048,avif,No AVIF grid encoding fits 2048 B,gqa_2381547,infeasible
2048,avif,No AVIF grid encoding fits 2048 B,gqa_2381671,infeasible
2048,avif,No AVIF grid encoding fits 2048 B,gqa_2383696,infeasible
2048,avif,No AVIF grid encoding fits 2048 B,gqa_2383991,infeasible
2048,avif,No AVIF grid encoding fits 2048 B,gqa_2384672,infeasible
2048,avif,No AVIF grid encoding fits 2048 B,gqa_2386051,infeasible
2048,avif,No AVIF grid encoding fits 2048 B,gqa_2386903,infeasible
2048,avif,No AVIF grid encoding fits 2048 B,gqa_2386979,infeasible
2048,avif,No AVIF grid encoding fits 2048 B,gqa_2386987,infeasible
2048,avif,No AVIF grid encoding fits 2048 B,gqa_2389312,infeasible
2048,avif,No AVIF grid encoding fits 2048 B,gqa_2390071,infeasible
2048,avif,No AVIF grid encoding fits 2048 B,gqa_2391406,infeasible
2048,avif,No AVIF grid encoding fits 2048 B,gqa_2391835,infeasible
2048,avif,No AVIF grid encoding fits 2048 B,gqa_2392185,infeasible
2048,avif,No AVIF grid encoding fits 2048 B,gqa_2392252,infeasible
2048,avif,No AVIF grid encoding fits 2048 B,gqa_2392318,infeasible
2048,avif,No AVIF grid encoding fits 2048 B,gqa_2392845,infeasible
2048,avif,No AVIF grid encoding fits 2048 B,gqa_2394519,infeasible
2048,avif,No AVIF grid encoding fits 2048 B,gqa_2394763,infeasible
2048,avif,No AVIF grid encoding fits 2048 B,gqa_2395949,infeasible
2048,avif,No AVIF grid encoding fits 2048 B,gqa_2396731,infeasible
2048,avif,No AVIF grid encoding fits 2048 B,gqa_2398485,infeasible
2048,avif,No AVIF grid encoding fits 2048 B,gqa_2398612,infeasible
2048,avif,No AVIF grid encoding fits 2048 B,gqa_2399149,infeasible
2048,avif,No AVIF grid encoding fits 2048 B,gqa_2399186,infeasible
2048,avif,No AVIF grid encoding fits 2048 B,gqa_2399600,infeasible
2048,avif,No AVIF grid encoding fits 2048 B,gqa_2400016,infeasible
2048,avif,No AVIF grid encoding fits 2048 B,gqa_2401037,infeasible
2048,avif,No AVIF grid encoding fits 2048 B,gqa_2401045,infeasible
2048,avif,No AVIF grid encoding fits 2048 B,gqa_2401325,infeasible
2048,avif,No AVIF grid encoding fits 2048 B,gqa_2401622,infeasible
2048,avif,No AVIF grid encoding fits 2048 B,gqa_2403289,infeasible
2048,avif,No AVIF grid encoding fits 2048 B,gqa_2403595,infeasible
2048,avif,No AVIF grid encoding fits 2048 B,gqa_2405032,infeasible
2048,avif,No AVIF grid encoding fits 2048 B,gqa_2405197,infeasible
2048,avif,No AVIF grid encoding fits 2048 B,gqa_2407802,infeasible
2048,avif,No AVIF grid encoding fits 2048 B,gqa_2409068,infeasible
2048,avif,No AVIF grid encoding fits 2048 B,gqa_2412131,infeasible
2048,avif,No AVIF grid encoding fits 2048 B,gqa_2412204,infeasible
2048,avif,No AVIF grid encoding fits 2048 B,gqa_2412339,infeasible
2048,avif,No AVIF grid encoding fits 2048 B,gqa_2412648,infeasible
2048,avif,No AVIF grid encoding fits 2048 B,gqa_2413325,infeasible
2048,avif,No AVIF grid encoding fits 2048 B,gqa_2413503,infeasible
2048,avif,No AVIF grid encoding fits 2048 B,gqa_2414149,infeasible
2048,avif,No AVIF grid encoding fits 2048 B,gqa_2415921,infeasible
2048,avif,No AVIF grid encoding fits 2048 B,gqa_2416484,infeasible
4096,avif,No AVIF grid encoding fits 4096 B,gqa_2317542,infeasible
4096,avif,No AVIF grid encoding fits 4096 B,gqa_2328788,infeasible
4096,avif,No AVIF grid encoding fits 4096 B,gqa_2334989,infeasible
4096,avif,No AVIF grid encoding fits 4096 B,gqa_2344488,infeasible
4096,avif,No AVIF grid encoding fits 4096 B,gqa_2380291,infeasible
4096,avif,No AVIF grid encoding fits 4096 B,gqa_2400016,infeasible
8192,avif,No AVIF grid encoding fits 8192 B,gqa_2317542,infeasible
8192,avif,No AVIF grid encoding fits 8192 B,gqa_2328788,infeasible
8192,avif,No AVIF grid encoding fits 8192 B,gqa_2334989,infeasible
8192,avif,No AVIF grid encoding fits 8192 B,gqa_2380291,infeasible
