budget_bytes,control,method_name,sample_id,scene_qa_accuracy,source_reconstruction_sha256,stored_bytes
4096,second_vlm_evaluator,visual_latent_memory,gqa_150292,0.5,f2156d7a68c5361537e98df97a109e57d8ce2b05bccdfeb785cd181f409dd3ca,3878
4096,second_vlm_evaluator,visual_latent_memory,gqa_150295,0.25,5dc5b177417d2a5ae7e88250691abcd1a2c115d3e4f413819b002e264df923ee,3964
4096,second_vlm_evaluator,visual_latent_memory,gqa_1592103,0.5,801eabd110c87fefdbfd36ea2959f50bf9f73c4f1aa6b0129ef4d97ceb733887,3861
4096,second_vlm_evaluator,visual_latent_memory,gqa_1593007,0.5,48d60d955272ab09677993da66ebe3142145ced5c8b5004660e823a28ef4e226,3930
4096,second_vlm_evaluator,visual_latent_memory,gqa_1593177,0.5,d7ec526e0ba59d5a22fc12c69064325653ad296817a5434ecec1337f91568af3,3940
4096,second_vlm_evaluator,visual_latent_memory,gqa_21,0.5,ab0bc37678b91bcad80155f5a0987bbe230d578ed75a23153aa0e8d8346d2aef,3868
4096,second_vlm_evaluator,visual_latent_memory,gqa_2162,0.25,b5b626ef989e6e31403c456aa9dac2d9d80c9cabe8bd7398eec3dd437445ea0b,3877
4096,second_vlm_evaluator,visual_latent_memory,gqa_2315383,0.25,952803049041e5b4c4f5dd78f3f2574334be8c90eee9e178f1b12f44a92e6764,3886
4096,second_vlm_evaluator,visual_latent_memory,gqa_2315569,0.25,c1ef7ef0e52052a9bf3af947557849aa14bf7351d2d4d629e3243ba287813440,3872
4096,second_vlm_evaluator,visual_latent_memory,gqa_2316535,0.0,cf3d6d2e64ef9397915cac9fc23a78c8aee8509057695abbac27dea9662af34f,3956
4096,second_vlm_evaluator,visual_latent_memory,gqa_2317060,0.5,4d02b28faf3af9cb3a1f9b9e0e3abc4e5d834b9f5411257563f6e83ab8da47b6,3950
4096,second_vlm_evaluator,visual_latent_memory,gqa_2317411,0.5,7588526ba1165f20c33d90ce8e892c9f16a71916ec89c930172998d540519f20,3874
4096,second_vlm_evaluator,visual_latent_memory,gqa_2317542,0.25,529840fb6f13cb6f275ceb86649d9100b044c2ef17fac57e53571603a66ac6d7,3943
4096,second_vlm_evaluator,visual_latent_memory,gqa_2318349,0.25,1af3f94dbb5ba1c6653a2842a54f5a1d800d83b5adacece01c910203dfb39ebf,3943
4096,second_vlm_evaluator,visual_latent_memory,gqa_2318586,0.25,0d0f955f0e81f56857b245eeee921e5fbbb57e190b21b9bd22e86028d17d24fd,3911
4096,second_vlm_evaluator,visual_latent_memory,gqa_2319715,0.5,1eeff5699dcd3df7bca1ca5e6fba289c2e1b8856e25abefe830e0a2afd1e6a55,3860
4096,second_vlm_evaluator,visual_latent_memory,gqa_2319755,0.5,8c8609fdf767202b4d9c41979bf10c689250a934d5695e796167c17654bb1f12,3920
4096,second_vlm_evaluator,visual_latent_memory,gqa_2319825,0.25,47adffbb3a3a7a0bc8189b28dc7b32af412f2540bc0f98e5ffe1949a2d86db7b,3975
4096,second_vlm_evaluator,visual_latent_memory,gqa_2320260,0.75,35098e41339f26dd7e3d658eb5046943dff80814b5c400e8c7ea58277f4cf7d9,3917
4096,second_vlm_evaluator,visual_latent_memory,gqa_2320864,0.5,406254840fff575b02996dbda45c779dcc39e61637ceff0d5d6b8eb01668e33d,3975
4096,second_vlm_evaluator,visual_latent_memory,gqa_2321166,0.5,708552fbe532f3f8ea42e8c18090a7d239226c4e29604473ec6d80e0b119be71,3969
4096,second_vlm_evaluator,visual_latent_memory,gqa_2322185,0.75,378583814cf4e1685ec054cb4f0244758122c45c3c25fa620a290441b6022f27,4032
4096,second_vlm_evaluator,visual_latent_memory,gqa_2322244,0.0,9e7080e5098897e8910efe0b03c31db21a40777c3819664aeeca684b2dc76dad,3982
4096,second_vlm_evaluator,visual_latent_memory,gqa_2323032,0.5,306ed00bba2dbad783bfa62f9176aeddc351dba7b82383dece5b15579dfaf1a6,3947
4096,second_vlm_evaluator,visual_latent_memory,gqa_2323780,0.5,2e81e78d8ec63b1b30aaf7a07cd1f300172e97761c754d71f05b4390a350b5dc,3876
4096,second_vlm_evaluator,visual_latent_memory,gqa_2324119,0.5,f7a0f3f980325bc29e318217b53d77d36797bed0c39d82413306c8fe251263a8,3917
4096,second_vlm_evaluator,visual_latent_memory,gqa_2324322,0.5,6b0f296c49954bb8c93f97952c04ccd83c74bd64f38578856f92acdce7ce5fc3,3951
4096,second_vlm_evaluator,visual_latent_memory,gqa_2324466,0.5,61372103dfec380671d553e97a53bbece04ea66e4063b17b197e5cc8c5927f22,3937
4096,second_vlm_evaluator,visual_latent_memory,gqa_2324606,0.75,12237b91b48ff856e6e1bb99da1903f61309290765a4c577b3a2a0a4b504381b,3923
4096,second_vlm_evaluator,visual_latent_memory,gqa_2326436,0.5,356358c58ece43acf75a6bdaeb72ae50b71996a91907af59595549e15f542efe,3847
4096,second_vlm_evaluator,visual_latent_memory,gqa_2326899,0.5,9dc4995ddd3bf656dd529e19072f47e71019c88d7eaf53dcd9cde03c4c5c88ef,3942
4096,second_vlm_evaluator,visual_latent_memory,gqa_2328171,0.75,8a1c9a42e877852f192f885357124e795e17c0fa53ba9263236c3853de6bb3e8,4029
4096,second_vlm_evaluator,visual_latent_memory,gqa_2328273,0.5,86933fe59ddc30ab5a93c791ac7c7e9c803b2a701f900f4258c7e0ae6901e61a,3990
4096,second_vlm_evaluator,visual_latent_memory,gqa_2328788,0.75,3326cb27cf1e0224a023d5ed5a82aebfc648d6b4d23bd1caad8bed0b2e3c1109,3906
4096,second_vlm_evaluator,visual_latent_memory,gqa_2328825,0.25,5fb4eed1019382cd170fd4ad5dd6ae6c7b67f7295a14163c908d72f709006a5c,3808
4096,second_vlm_evaluator,visual_latent_memory,gqa_2328879,0.25,45808bbaab19d36e38d02cf86d3908617f4e7df051d756464f9b7ef7d9ecf993,3921
4096,second_vlm_evaluator,visual_latent_memory,gqa_2329566,0.5,7fd1fc1913c5f4245d98f32b2465c3e1e39e58950c6d32f27dfe0ce520fbe67a,3879
4096,second_vlm_evaluator,visual_latent_memory,gqa_2330438,0.75,482f39933aa74adf9b844c8a1390bb07abb543dedcec58bde7f133ebf5ba160a,4037
4096,second_vlm_evaluator,visual_latent_memory,gqa_2330917,0.75,02b5aec7011e49d9f91a0fe4b1162a6bd1d329dbccba9acd1d553b16d90d4c86,3944
4096,second_vlm_evaluator,visual_latent_memory,gqa_2330972,0.75,2927b279229f91e88bb051402c743213f8c66e306c9c119020d9610bba3a8f8f,3883
4096,second_vlm_evaluator,visual_latent_memory,gqa_2331876,0.25,0d78ea44d0c626f32d692d93eb9cbe5cfd2bc2401262a48784ac3085a5d5f653,3916
4096,second_vlm_evaluator,visual_latent_memory,gqa_2331963,0.0,eaa94f88cb28e8e2fe22e94bdc9d7ff43d8c8d9b463d9d623c210c2aab8cd186,3919
4096,second_vlm_evaluator,visual_latent_memory,gqa_2333075,0.75,53de6a98a925f3b6382ba605bf00dab61006d8172646193f188083fda5d33648,3984
4096,second_vlm_evaluator,visual_latent_memory,gqa_2333428,0.5,5f68e70b896b6309a33871485214afeec75eaba009110298a6780680b759a84e,3903
4096,second_vlm_evaluator,visual_latent_memory,gqa_2333525,0.5,98072e2eb557bda625ca12e87520bf68b3d7af34f00186ef603c8a13b1637229,3926
4096,second_vlm_evaluator,visual_latent_memory,gqa_2333677,0.5,dfb8988dd1eb77c6e24af0ea58cd34e8c7621a2b13f65e59244440977607da66,3925
4096,second_vlm_evaluator,visual_latent_memory,gqa_2334914,0.5,103be70e60debe0dae109c2f4e1c13d723ddec13803b44713fe9df5529be798c,3954
4096,second_vlm_evaluator,visual_latent_memory,gqa_2334989,0.25,7a8a3a50a5f234ce649352e8d16507af43e3680bb75d88ffc4e85f57be8a03ca,3962
4096,second_vlm_evaluator,visual_latent_memory,gqa_2335384,0.25,7ea0ddc8129c07b98d8802f4da152d29c2aa80e8fec49b9d5b26c5efda606c9f,3909
4096,second_vlm_evaluator,visual_latent_memory,gqa_2336817,1.0,7c385a66188eb278a5423289dda1a377cf446ce6d015c589e8b47967e9345369,3848
4096,second_vlm_evaluator,visual_latent_memory,gqa_2338336,0.75,6e3268e0ffbe64e2cb7e89b5debc1895df1b736764bc297f35def9d73fa09eb0,3842
4096,second_vlm_evaluator,visual_latent_memory,gqa_2339471,0.75,df942a057997591930fd7ffefdf97af7a92fb231cb11c9fe9a4db0b071e332fb,3960
4096,second_vlm_evaluator,visual_latent_memory,gqa_2341361,0.25,7e6c996d3872c1c797e436647dfe4226dbf5d4cc9e538c623f94d252d7ce76a6,3966
4096,second_vlm_evaluator,visual_latent_memory,gqa_2341476,0.25,b6c246f65df3744d9947b64d08e995555c347b2561d0bda566566abbe3719ad7,3915
4096,second_vlm_evaluator,visual_latent_memory,gqa_2341576,0.5,63f380ece382f589488c701d29c38f472cb4787ce2ac48aaf201a48ee5b22dee,4010
4096,second_vlm_evaluator,visual_latent_memory,gqa_2341611,0.5,929efadc6f9d00dcccb61e8099f53fa6945fcbf35602f0d23f64e9b2dfd97ee6,3747
4096,second_vlm_evaluator,visual_latent_memory,gqa_2341637,0.5,36a218db1c96116562e7c146ea87d9ffd12396327d89cebbbefa97f99b8dfaa8,3941
4096,second_vlm_evaluator,visual_latent_memory,gqa_2342147,0.25,1a213ec5a0b5265e10c80cc0a493b2e9d7a6462d0e65c0108a20bb61c4851563,3898
4096,second_vlm_evaluator,visual_latent_memory,gqa_2342323,1.0,93db0469636e2223144a93458f60373646003e755b95cbc406d68b976cce4276,3889
4096,second_vlm_evaluator,visual_latent_memory,gqa_2342333,0.5,c09bbcc2d5647d10815692ea276ca39e6319cd1e5fd7fa176b7018def00f8058,3923
4096,second_vlm_evaluator,visual_latent_memory,gqa_2343201,0.75,8d79fbc4630f2da7af9daf509bf57d4a3aba71c4cb1e059b1e5f9abe234ba072,3960
4096,second_vlm_evaluator,visual_latent_memory,gqa_2343287,0.5,070e057d53a3e86a6710463d06ee88b3a07f1a3663220207acbaa14247676a33,3935
4096,second_vlm_evaluator,visual_latent_memory,gqa_2344297,0.75,b33eafc54939515551127505e7d233b4e06af8c0cb9e1426e446bf0e3e293c7a,3914
4096,second_vlm_evaluator,visual_latent_memory,gqa_2344488,0.25,56d5959bdbacf50a45d099947d98c3317a83c739dc1656c1b209e84c30f3d715,3939
4096,second_vlm_evaluator,visual_latent_memory,gqa_2345081,0.25,05aa557b93953bdb4527030f54c181c3652a7da7c284792023ef4861fe154ccb,3887
4096,second_vlm_evaluator,visual_latent_memory,gqa_2345482,0.5,5b28c7ceb298b3d8b54fc3de5abc128e6a27b0d3ec18fa5529801a2c42768873,3940
4096,second_vlm_evaluator,visual_latent_memory,gqa_2346467,0.75,0d4831db5607f3c1253637bc226be4ac48a245aec12c95a1f51ace1cea2fbd8c,3911
4096,second_vlm_evaluator,visual_latent_memory,gqa_2346957,0.5,fca19e95468c6047aa87686a3345a1892eb27c46a460f507dee392d9ab25dc04,3904
4096,second_vlm_evaluator,visual_latent_memory,gqa_2347367,0.25,512023f92d2253cd3afa9b8f95c69d3525e2ef1b8e1a686d4520fc60b1833fb8,3967
4096,second_vlm_evaluator,visual_latent_memory,gqa_2347450,0.25,ae2bf505c97f5f1a7f9ffb6dee4869edb51ab47b523cb73387e04e32c1a4c6c7,3917
4096,second_vlm_evaluator,visual_latent_memory,gqa_2347772,0.75,1489f93defd95ca5eacc4633523d742cfdfe0b092ce66dc01a66c794b97c0162,3974
4096,second_vlm_evaluator,visual_latent_memory,gqa_2349334,0.25,37b8d0c9c5588242cb612748e56a95764bb73f2c9feb140dca0d210d91567486,3965
4096,second_vlm_evaluator,visual_latent_memory,gqa_2349746,0.0,4daaded9a66ea6d05c5653f07f1d2faa7c1e1b19bdbfe95fe0442f478e3b21f8,3911
4096,second_vlm_evaluator,visual_latent_memory,gqa_2350006,0.25,bf734bdf34781098ed64cbaacadd242c15dae7f0297256cf431bc3d52c5fc14c,3907
4096,second_vlm_evaluator,visual_latent_memory,gqa_2350743,0.75,96fdf969eceb30276c14e5c73d8ccc8488f40012610680d6a8f9f3bcc8238171,3992
4096,second_vlm_evaluator,visual_latent_memory,gqa_2351967,1.0,2f2789c45213632e901be2b0f11a416cee9985082417e3da440ad47f0f6a02f5,3950
4096,second_vlm_evaluator,visual_latent_memory,gqa_2352092,0.25,f4f53985f135f24fced6b8321db9541454dc9b4a40f18dfa3cdec97978984d38,3979
4096,second_vlm_evaluator,visual_latent_memory,gqa_2352324,0.75,effb2396281cdabdd3f21885b7f7b0b6cb744d6c085c01329c6b55f4b9217bb0,4002
4096,second_vlm_evaluator,visual_latent_memory,gqa_2352785,0.25,095de19b939bc565534d2dfeaf678e6cf09698c6644e7465ba9f4985c2203dfa,3979
4096,second_vlm_evaluator,visual_latent_memory,gqa_2353322,0.75,9abbb2677a758ff54a063483f68569ce156c15e9b14c8296bf98d00482c8ca24,3917
4096,second_vlm_evaluator,visual_latent_memory,gqa_2354715,0.0,f512972f2edd469a7f56c3ed3fadb2d93606f2999709f591587afbbf20546425,3899
4096,second_vlm_evaluator,visual_latent_memory,gqa_2355212,0.5,e70adb18ad53d007eb50516fad3996e24855a1e57fa321ffb2c33c5bbb43a286,4032
4096,second_vlm_evaluator,visual_latent_memory,gqa_2355385,0.5,8db1e9b9c232eeda70e2c8f614ccdd093659871afb085e81f38e82cec6883be3,3921
4096,second_vlm_evaluator,visual_latent_memory,gqa_2355528,0.75,774cac5c1ccbd94976bf025de3964a367da5ffe12881c1a5d67fc3a1ce10ff3a,3972
4096,second_vlm_evaluator,visual_latent_memory,gqa_2356041,0.25,2af9efe0b7033cf1b9ee114dd4c992b6d4948c7780b56ed68375db195a2e36f9,3976
4096,second_vlm_evaluator,visual_latent_memory,gqa_2356089,0.5,218dc6241056cf5e798a642dff8e19a7d03711cc5b7e3c4ba9d16842f286fb46,3916
4096,second_vlm_evaluator,visual_latent_memory,gqa_2356227,1.0,18ae6a40be2d6105f519f1551bae561c562a3f3a0b1775b45434535ee83e03d1,3969
4096,second_vlm_evaluator,visual_latent_memory,gqa_2356577,0.25,fd0a97d9d7f548dfb9ec3a3990bca701ffc2f2ada68eeaefcc18cddc6fae1cef,3942
4096,second_vlm_evaluator,visual_latent_memory,gqa_2356747,0.5,286bb8abd07b39db274339c9daf08ae8a8d5079965cf57ed53606fb148bc6605,3937
4096,second_vlm_evaluator,visual_latent_memory,gqa_2356833,0.75,aa2ecfe0055b36e99898ace6abe815a5de50ddfaadef5c7fde4aa32f165a5712,3893
4096,second_vlm_evaluator,visual_latent_memory,gqa_2356972,0.75,4bf025add62f7dfc474c00246cde9e92071580df3fc9e251e1f1e5902e357b7e,3857
4096,second_vlm_evaluator,visual_latent_memory,gqa_2357882,0.5,1886fd6b3489348f97392b4a61aacf0f5ada0c2f38ee523fdef7a01030f7f5c1,4016
4096,second_vlm_evaluator,visual_latent_memory,gqa_2358111,0.5,57f0416d93078fe5a7385af19ef4c500e252c717e32281df9c8e86989b3be097,3950
4096,second_vlm_evaluator,visual_latent_memory,gqa_2358186,0.0,8d430c97c6cbc44d80b0f18d9a8a652ab6da2779dc1b9bc36edcbbd75d56752d,3999
4096,second_vlm_evaluator,visual_latent_memory,gqa_2358464,0.5,c7fb5f96ba63f0f969afa74d68149a405884e4919b3930643be9dbe546bb526a,3929
4096,second_vlm_evaluator,visual_latent_memory,gqa_2359192,0.0,888b4b049f10ab00ca9d79764ca76714c043b20a6cf3320bfe2638026c38d539,3927
4096,second_vlm_evaluator,visual_latent_memory,gqa_2359195,0.75,7e052ad9d869088260e3ea51a09273fe415964cc6c3f3f0656651e69b5d9e2cd,3992
4096,second_vlm_evaluator,visual_latent_memory,gqa_2359351,0.5,a8930e2584d15f66653430e25a7858a780a008826414b20991420859d196ec44,4025
4096,second_vlm_evaluator,visual_latent_memory,gqa_2359470,0.75,e4d0ce9111256c2c9b5cc92ae9b82436dba7ddb306693840679c965db787115f,3933
4096,second_vlm_evaluator,visual_latent_memory,gqa_2359924,0.25,8ff36dd83f7e37fbb74d9e340f977aebca73c4e791cb56dbdb4b50640f64b625,3948
4096,second_vlm_evaluator,visual_latent_memory,gqa_2360103,1.0,f367bc52f9fab2b73c6f5c90af44a769ea45b95c8c7fb5b8f02e8f5bdfbbc192,3866
4096,second_vlm_evaluator,visual_latent_memory,gqa_2360831,0.5,9d1e90fc1affe55c6683812f886e972f5e538bc43bd3a0c297ca7af140176a20,3959
4096,second_vlm_evaluator,visual_latent_memory,gqa_2361815,0.5,e0af3b4bec71f6122c0d83589013f6c367b5b64221d4b116eee7bb4bb695ab5a,3926
4096,second_vlm_evaluator,visual_latent_memory,gqa_2363074,0.5,e2e65e3333148be60ba28fe7d7e899f11917ca2c8e04cbedba74413c625e28c4,4051
4096,second_vlm_evaluator,visual_latent_memory,gqa_2363203,0.5,5d597b65aa47cb7369d31776cb11611a61a853bcf92b0f70fffe9c3754a503a8,3916
4096,second_vlm_evaluator,visual_latent_memory,gqa_2363269,0.5,f6e612880c3a54e38b2dd3b5e6791118d8e83f6b27247ca7c96d3c3297359786,3952
4096,second_vlm_evaluator,visual_latent_memory,gqa_2363444,0.75,dd0a39f356927d1a6dddb77ac21f9886da17c4ce737c2249610692aba7fec576,3911
4096,second_vlm_evaluator,visual_latent_memory,gqa_2363706,0.5,01ba963fd39228e6bbe6798e6ac94e449fe4d21947e0e3abc30c7a569776e044,3924
4096,second_vlm_evaluator,visual_latent_memory,gqa_2363979,0.5,c23b87dc751334b465f983a029f775399c6111f0fb62dcffcda4663c7cd428fc,3867
4096,second_vlm_evaluator,visual_latent_memory,gqa_2364335,0.5,e54ab0165a5e64dfe17e95f327e37979d4567fddd0000a8f79ca6d8a27074d61,3942
4096,second_vlm_evaluator,visual_latent_memory,gqa_2364614,0.25,c588adb5e28c333b849b2104df4fa9194626a7d330c1691494eda9f2547e728f,3871
4096,second_vlm_evaluator,visual_latent_memory,gqa_2364774,0.5,6a25ec4afdd9fdab1884608ebf4d32975439f56ed8aecc4286abb065a864e1dc,3894
4096,second_vlm_evaluator,visual_latent_memory,gqa_2365176,0.5,302037dbde7bbc858a4eb343e8b50a8c92a926ecf333c94236b6a9c11f3ca9e6,3914
4096,second_vlm_evaluator,visual_latent_memory,gqa_2365398,0.25,bf0b2a2d4f0c1848cac290f94d6b651441108d6961b6aa30c7e39e9547fae98d,3965
4096,second_vlm_evaluator,visual_latent_memory,gqa_2365435,0.5,3dd28cc0165663b7133a2cd57643b78d9f831ab2325a7263bf638951cf5b2451,3852
4096,second_vlm_evaluator,visual_latent_memory,gqa_2365505,0.5,ee4f39feafdda73321caa92b0f52e95a38ec8c6a7ea820f0d9e3d9d63f6551b4,3921
4096,second_vlm_evaluator,visual_latent_memory,gqa_2366157,0.5,728d022daee9227fcf073f32b18f1ebee9f64377a91d6c438fdb1dfe09e21de9,3856
4096,second_vlm_evaluator,visual_latent_memory,gqa_2366510,0.5,262e41e8d2f4a29e0bc659930d375b4992ccadfe9554447f39897882d58d62ba,4018
4096,second_vlm_evaluator,visual_latent_memory,gqa_2366645,0.25,1a1f17cad4f94c8c526e2ec0ee9480bb326b80d77a5dc310f3e56fac94f1772d,3869
4096,second_vlm_evaluator,visual_latent_memory,gqa_2366958,0.5,a41667c2b6adabb2b4cd492f420415cc1239b6d6ec5c47ca2a5de959c886d543,3923
4096,second_vlm_evaluator,visual_latent_memory,gqa_2367190,0.5,765d8224d6474a2ff7464513c512fb0b32134328bbbde40ed78daf14c76544a9,3902
4096,second_vlm_evaluator,visual_latent_memory,gqa_2367328,0.75,0e3be966dee1f669b2316adf2dd682bfc9fd0068efce8d409846fae744e38cd0,4012
4096,second_vlm_evaluator,visual_latent_memory,gqa_2367639,0.25,732ff007167018487e73a1e5f14b7d6e7b6a469380e5f5f35c4a7f217320f34e,3891
4096,second_vlm_evaluator,visual_latent_memory,gqa_2367770,0.25,7e0c90bc0abc17e8d464bf50ea0a63ba2a76be17287a00c434b340e6f1012ece,3981
4096,second_vlm_evaluator,visual_latent_memory,gqa_2367977,0.25,6a1a4e6011b93b53cd71e7b958d9888b31d1201f4e85873d8952ebf7f720657b,3893
4096,second_vlm_evaluator,visual_latent_memory,gqa_2368884,0.5,1ddb932da03ea343282c23f1c5fa8b0b8e9955abedfd8d4b1e59364b242fa804,3970
4096,second_vlm_evaluator,visual_latent_memory,gqa_2369906,0.75,2300004602ec6bbd79abfcf460584cbc9c84ab7cbec2cb5f00037f0325a0afa4,3828
4096,second_vlm_evaluator,visual_latent_memory,gqa_2370047,0.0,f824acd4843f7c408085d6cee996934897473025d00403c29121116188d29900,3980
4096,second_vlm_evaluator,visual_latent_memory,gqa_2370242,1.0,533beab973f7f8cf57c69003a8c4e5cc7cb71886230d13b5dd4b9daf06d1635a,3923
4096,second_vlm_evaluator,visual_latent_memory,gqa_2370329,0.75,26cce78a45b14a8af3be02963cf3019cacc5fa34af2c507d3b3d961b4383184d,3922
4096,second_vlm_evaluator,visual_latent_memory,gqa_2370859,0.5,6bed740a8bb6925a0850149e471c584cb03f9eb71817e135b255005cf1c18595,3958
4096,second_vlm_evaluator,visual_latent_memory,gqa_2370968,0.5,7da15374d69aea388bf69054e3029e7b2ca28f085283f8a20b3cd807d217d35c,3901
4096,second_vlm_evaluator,visual_latent_memory,gqa_2371504,0.25,d72a63e2aa2bacee06b7b7d7bf1a917360f39a4e38889b4e1f9a0923de08f380,4005
4096,second_vlm_evaluator,visual_latent_memory,gqa_2372977,0.75,5f6534984fc97ac88d9a64b656b3082912a84f17e6be19022cf7943116f483f5,3962
4096,second_vlm_evaluator,visual_latent_memory,gqa_2373259,0.25,6284b379a5fca7548310922435af8fe6fe57460e404999c24d431e4106983393,3878
4096,second_vlm_evaluator,visual_latent_memory,gqa_2373271,0.5,5769decea758434a2435a5c44faa0ba183802d19eb60adcacfc75afde34cd27b,3914
4096,second_vlm_evaluator,visual_latent_memory,gqa_2373294,0.75,d1e403d7e4842ea003979ef682e44b98cab9b285a36fcea218c7691ca3a1f841,3967
4096,second_vlm_evaluator,visual_latent_memory,gqa_2373590,0.5,b1cf10bd32fd55a42efdcad69529ea9eb7843a0fa22e34b11760655627ef14a4,3932
4096,second_vlm_evaluator,visual_latent_memory,gqa_2373592,0.0,00f48e5ee38e327ee3b7c7bac7227fdc24c3c5110b7428c6b22e2a27f775179d,3990
4096,second_vlm_evaluator,visual_latent_memory,gqa_2373967,0.25,e12450e4ca2218ad40f7a5cdfb1f66c4cbed9e03411b333b1511f8e907070c6c,3960
4096,second_vlm_evaluator,visual_latent_memory,gqa_2374540,0.5,cca72284cffe43fb04ec449923fdb29b507d266eaf501586a8d2e3c2621f9821,3948
4096,second_vlm_evaluator,visual_latent_memory,gqa_2375091,0.5,5d1cd96e375fac4958a423aa242ee3c6b8a1c950b7039a8f95f9bd4ca6a9a7af,3925
4096,second_vlm_evaluator,visual_latent_memory,gqa_2376266,0.5,d7a27ab418d3cd8d403f2aa174e6140b3895788a259d2aef7ef6e5e4f70c0038,3907
4096,second_vlm_evaluator,visual_latent_memory,gqa_2376766,0.5,580513af34dff0cce342b42573702dd80dbeaceaa25e8b12b8ba0aed01b63f22,3919
4096,second_vlm_evaluator,visual_latent_memory,gqa_2378273,0.25,544c67e5fe84a1d65c92a53b4d548efa30b35b80b8d8c0e84a2bf6abd8084eaa,3916
4096,second_vlm_evaluator,visual_latent_memory,gqa_2378436,0.25,6bca496506670b79473655f78a1c4ec82861e8fc8ae9ad0be7fba2f2fe2d50aa,3898
4096,second_vlm_evaluator,visual_latent_memory,gqa_2378739,0.5,98a5b0a3f1bab7b5a9b5d6af6cbaa1c1a36dbbdd9ccdd49ea656df9ef3150de0,3926
4096,second_vlm_evaluator,visual_latent_memory,gqa_2378917,0.75,7e88ed643c761d565ade2d77d3024bbd08326947a1b15deed466ec697fb7dccf,3903
4096,second_vlm_evaluator,visual_latent_memory,gqa_2378984,0.5,409d2123d9d89780504b163f89ac3fa6a919c09db8b89b1a379191bf0f2d432f,3975
4096,second_vlm_evaluator,visual_latent_memory,gqa_2379178,0.5,9b2fefe61165393003fc799d52f3ca47ab0bbf3c9e829c109a6f359aedd60a22,4066
4096,second_vlm_evaluator,visual_latent_memory,gqa_2379791,0.25,4e6264890bc1906fd38247a19ab95bfdc3ee8893c8f32c604a6603947ac0aace,3951
4096,second_vlm_evaluator,visual_latent_memory,gqa_2379897,0.25,1dc11fbf92224614605e860417bdf4b18f2e6d2a33f9caf417fe4fbbf66e0d1e,3911
4096,second_vlm_evaluator,visual_latent_memory,gqa_2379906,0.25,bc95647d6dfb51aae810702b868d521d7e5c3c109702be2a420ff88df2f97d8e,3930
4096,second_vlm_evaluator,visual_latent_memory,gqa_2379919,0.25,4d32db8260a720276deb3c53554a5773875028f5ba8667259d421f93c4694ed5,3864
4096,second_vlm_evaluator,visual_latent_memory,gqa_2379961,0.5,27f8f6520dd478da417ecdb31644219b7f8409cdd4fc7452db8aa28d9d63fc26,3900
4096,second_vlm_evaluator,visual_latent_memory,gqa_2380291,0.0,139f53e6ff072bbe35ee56f240c2b0fbba71f055cfcbe4c15b211fa0d7c8b62f,3940
4096,second_vlm_evaluator,visual_latent_memory,gqa_2380436,1.0,9ac78c226cc58ed6da80289036bb2b46c1f510d8b0467b7e8a38d5348ef3b9bb,3933
4096,second_vlm_evaluator,visual_latent_memory,gqa_2380691,0.75,b7a34182070b862420514a42d968ca1ac051bbf8dfaf2ee0ca44d7a1f026ee6d,3826
4096,second_vlm_evaluator,visual_latent_memory,gqa_2380720,0.5,5d3fb25f61d6b7f8a8de3ca230b5275539636d905ae0c37d1f862ef8fb7fd3ca,3882
4096,second_vlm_evaluator,visual_latent_memory,gqa_2380779,0.5,26af05f14b88b85e8d30341ade1d68da888bcdc497e72c123a2be1391412cbd1,3930
4096,second_vlm_evaluator,visual_latent_memory,gqa_2380873,0.5,c72ceea3cf962682ab7c1f9efb567a53f4433f56e45df27e4bdedd5bf8259128,3906
4096,second_vlm_evaluator,visual_latent_memory,gqa_2381128,0.5,7c5fe2644b80de019cd31b8454b092711e144a108f6bfe0839a56d108854d2f6,3875
4096,second_vlm_evaluator,visual_latent_memory,gqa_2381547,0.5,1d1c6bfa7f55d5c679c3357ecec05f80e15974d871f795fdc8a78b0591502373,3898
4096,second_vlm_evaluator,visual_latent_memory,gqa_2381671,0.0,275e32bc2e595783d80246aa24891aea2fbbc69106968972a09944d15a78229d,3967
4096,second_vlm_evaluator,visual_latent_memory,gqa_2382178,0.5,5c8697855f1c8c620b63a35b4e2f7905cb1b5c7013965e29d82e6a8e97640e2c,3866
4096,second_vlm_evaluator,visual_latent_memory,gqa_2382460,0.75,119eefe649eeb0750e904489e947a654278e77665cbc527c1be856df76ae0f5a,3930
4096,second_vlm_evaluator,visual_latent_memory,gqa_2383023,0.5,aec40f0ead0804be4996a8085171104dced1d0e47110765b94ee02429ec80c10,3909
4096,second_vlm_evaluator,visual_latent_memory,gqa_2383204,0.75,cd246a7ce9d6e65ccce6d4cb1e4724f18a70692c5c48c4927a217e9cfdb7f71e,3873
4096,second_vlm_evaluator,visual_latent_memory,gqa_2383269,0.25,733f1920207900e96e2998bcf4855c5f0d7b69cd1e1a27ec38259e6eba841690,3961
4096,second_vlm_evaluator,visual_latent_memory,gqa_2383696,0.5,d395a0fa0a4ef3afcc5ca434c727e188a59150ba73405ec68935c2188f580e45,3938
4096,second_vlm_evaluator,visual_latent_memory,gqa_2383963,0.5,4754c151d5cc1fcbbc4016082eeb238b9d08602156f060c6df209f25cfdb06fe,3934
4096,second_vlm_evaluator,visual_latent_memory,gqa_2383991,0.75,9a5b7c4c7a0d081e224f9fe5f33aa02d49b6c6c7f847a369db5d7c0f0b4bcd0a,4019
4096,second_vlm_evaluator,visual_latent_memory,gqa_2384063,0.0,fd8ae4b10b9fe1931ae0129182e6f830a325b2a2bfa43d386267764e83febbcd,3807
4096,second_vlm_evaluator,visual_latent_memory,gqa_2384169,0.25,69ac0182babb5ddb48895189a72c367acaf9300e97fcde15b29ce2fd97169ae5,3882
4096,second_vlm_evaluator,visual_latent_memory,gqa_2384376,0.5,11d033276592adb41b3f03b26a2103e44be741551a9bbc679133860e9e00761c,4001
4096,second_vlm_evaluator,visual_latent_memory,gqa_2384614,0.25,8010685871740f98033d8f4a239b80ab560da977c781cf77e3f15e426a9e3f1e,3973
4096,second_vlm_evaluator,visual_latent_memory,gqa_2384672,0.25,8413c336c1084fbda0a9d9e15f143ef3a73bf5df7f5f41b5eebc1722d26add3b,3915
4096,second_vlm_evaluator,visual_latent_memory,gqa_2385322,0.25,8bc1f510531d52112369b4676273d31d4e6c26d522c38169bae0d0984f3ff89b,3934
4096,second_vlm_evaluator,visual_latent_memory,gqa_2386051,0.25,2ffcfc6906af2573b434a916b43c5a93cb111c00eab2ca79fe1b6fbbc4e38a59,3913
4096,second_vlm_evaluator,visual_latent_memory,gqa_2386495,0.75,36e3a78a04248d0bfead364813f865d96a8caec53e49ec393dc3b1a1c3609008,3916
4096,second_vlm_evaluator,visual_latent_memory,gqa_2386903,0.25,3bdcfd3b0cb47e6cb8330782a0372b1a0c364486e834834a5a9ffd72cce6c3a5,3913
4096,second_vlm_evaluator,visual_latent_memory,gqa_2386979,0.25,79724a8093cd393cfbdd4ba40e1790932719fcfbeec6e2062a8cbc2d13a99d5a,3866
4096,second_vlm_evaluator,visual_latent_memory,gqa_2386987,0.5,3fc253ad317f67bd08da9ab816455d5706db4327c33542dc67999cfd08f9eebb,3850
4096,second_vlm_evaluator,visual_latent_memory,gqa_2387110,0.75,963d270e311bf14f325ccdf573056db230f6b00dd1ef9b95e6c18383b0e33749,3922
4096,second_vlm_evaluator,visual_latent_memory,gqa_2387118,0.0,d476f34387d4805233859b2fafeec5b2120d6c86aebf448184f51cd15e975c25,3914
4096,second_vlm_evaluator,visual_latent_memory,gqa_2387359,0.5,92d75fae39fb144ba2c32492397f448572add0f7d0bb6c52e55de7081d630e1b,3968
4096,second_vlm_evaluator,visual_latent_memory,gqa_2388030,0.0,d3d66b5fcbbef7700ac7bb4c4a9a4adbe5bf8f817fc2ffb3ff9efcce885e4978,3999
4096,second_vlm_evaluator,visual_latent_memory,gqa_2388049,0.5,6c10a3d34e596b47369d505f34a8ceeb39485308593ef01a29ea68292449cbce,3874
4096,second_vlm_evaluator,visual_latent_memory,gqa_2388625,0.25,d2983a026ff34d6beff03e32783cbb104e97842d7d44f0f711d2d4217939c12a,3982
4096,second_vlm_evaluator,visual_latent_memory,gqa_2388805,0.25,18010c9b361ebdfd007b6f61be62851f2bea8bc54e4314335445b5b0080f18bf,3927
4096,second_vlm_evaluator,visual_latent_memory,gqa_2389312,0.25,dacea1b8e39db0bd9673c34db696cc6bb970e4087ab2d9470884a3a34a314a7f,3931
4096,second_vlm_evaluator,visual_latent_memory,gqa_2389626,0.0,a451d13f4830b2856c596474fb77f253dc4514aac8c91e1701d7480a72cb5c45,3781
4096,second_vlm_evaluator,visual_latent_memory,gqa_2390071,0.5,7423a46b61791d333dfa29c380dc84b9e85538412dfe46f5133e1d2fe2acaf43,3956
4096,second_vlm_evaluator,visual_latent_memory,gqa_2390097,0.5,683cc31835a0b72f164799dd59c52d8e3d370024598d5ea04d1bc185a5816d41,3968
4096,second_vlm_evaluator,visual_latent_memory,gqa_2390108,0.5,4fc11d877832fbc1eeb943466f67b980b0713e0c1d53d710bdb9a73da077b7c4,3957
4096,second_vlm_evaluator,visual_latent_memory,gqa_2390727,0.5,c61ff2d5334bb565546c4d04bbe7b25d0f16d0790075a260cda1df2bebabeeee,3971
4096,second_vlm_evaluator,visual_latent_memory,gqa_2391406,0.75,d7556494ac5cec12912b129970c5d9dfbda8d30a9e9c1a89561fb4ff7db58364,4042
4096,second_vlm_evaluator,visual_latent_memory,gqa_2391835,0.75,29c4ad819854c5f843b3306b39aa6cc5319b41d5eae9487624b25b45786b9980,3896
4096,second_vlm_evaluator,visual_latent_memory,gqa_2392147,0.5,01cdcd6888a750386d9f19a9bc63fe53e7ef74a8ea5d399c1a275326050f960d,3966
4096,second_vlm_evaluator,visual_latent_memory,gqa_2392185,0.25,d14ba2360e58e2c4a25ee6f6cc442598f7ebb1b30e610bacb4f925bfb7db8318,3869
4096,second_vlm_evaluator,visual_latent_memory,gqa_2392252,0.5,c8ec961bd4de95a34e51b6a53e7e011262e58a76ecdbe27692e11759e745b173,3893
4096,second_vlm_evaluator,visual_latent_memory,gqa_2392318,0.0,900d15490655299815431edee6493deda6c8390b813accf6e1e9bed4f0cec64f,3976
4096,second_vlm_evaluator,visual_latent_memory,gqa_2392845,0.5,bd75b18f295ce166c5c665a7f475ed38d2c5427212d6fc288a712cef54305ba8,3884
4096,second_vlm_evaluator,visual_latent_memory,gqa_2392875,0.5,d165c950b167f0ecc6fcaa1c7a9c407e7759dd047b863a243d75480d6dd97385,3939
4096,second_vlm_evaluator,visual_latent_memory,gqa_2393739,0.25,0891e441f2a1af17c1018c254dd081c8564c86479457975a040dfdb2f9252087,3950
4096,second_vlm_evaluator,visual_latent_memory,gqa_2393775,0.5,2d16438c1e07e27e2381cb7a40584deb9fae1e826eb6ec141537579d21b000d4,3947
4096,second_vlm_evaluator,visual_latent_memory,gqa_2393788,0.25,bddc89f761c785f4e6276e50d8c66e64114dfbb85e62d2091f8ae059e07bb42e,3897
4096,second_vlm_evaluator,visual_latent_memory,gqa_2394519,0.25,16edbfdbb225769277ac87c65466ac1d84e7824293143ba942124fa4f0c7e96b,3947
4096,second_vlm_evaluator,visual_latent_memory,gqa_2394763,0.75,c9e34dac342e19225a32dab34aed7ba327a62bb370dc2e3d9e32cbef39480df9,4053
4096,second_vlm_evaluator,visual_latent_memory,gqa_2394891,0.25,bee1068719a6491f1798d1a1e8187bbc986e297eaf934152a9a27a18f4d8ceb4,3897
4096,second_vlm_evaluator,visual_latent_memory,gqa_2395361,0.25,e56e3ad2e6e49007a667b6228b714d4675aa3e97aada7b76562dfbc6d352146e,3943
4096,second_vlm_evaluator,visual_latent_memory,gqa_2395949,0.25,e9fb912e84a9437702b983cfe99d15eb8e925b840a2f3ba1a0e84e0970776200,3939
4096,second_vlm_evaluator,visual_latent_memory,gqa_2396578,0.5,de664b20465f688795b15da381961c0e9c7a081ccd02abbc60f5cd7a03577070,3958
4096,second_vlm_evaluator,visual_latent_memory,gqa_2396731,0.5,2d08070697d83c783881643ef32c0f47bb296f8907594f868a244e4760a9cfb3,3869
4096,second_vlm_evaluator,visual_latent_memory,gqa_2396750,0.25,237ee208710ba49423b674b97a74dda74f9100796eeb204a7eb0eb81f43dbc5f,3968
4096,second_vlm_evaluator,visual_latent_memory,gqa_2396995,0.5,34153d82265faf0bb5fb723cf6af2b10a73cf1cd3c347fe7137f7fd5ca2fe219,3853
4096,second_vlm_evaluator,visual_latent_memory,gqa_2397007,0.5,852773d1f18a63439630ca83920100ade0362ca6991e4ae5fdaf7e41db13f510,3798
4096,second_vlm_evaluator,visual_latent_memory,gqa_2398108,0.25,8aebdb40ad74b7ed574dce13314b32720eb2f5da2140a50b6816257c8d09a3ef,3980
4096,second_vlm_evaluator,visual_latent_memory,gqa_2398485,0.5,e3491bc5227c8affd28f9b96a04e20792ef8b51847eaed3cbde0d4facb80f92d,4089
4096,second_vlm_evaluator,visual_latent_memory,gqa_2398612,0.5,669253680806514f51ea309531fa25a7431d35fb2c1c96a6a59d8ba9d12cce9b,3974
4096,second_vlm_evaluator,visual_latent_memory,gqa_2398946,0.75,f5b6b4cf1b1f7867dbc640c2326e7053df7ec7e3835456b9a550c8ef70780e21,3886
4096,second_vlm_evaluator,visual_latent_memory,gqa_2399149,0.5,3ab2cae346d3ff5aa006c8b9a959bb134b00dce435c76576cead020d028d05d7,3926
4096,second_vlm_evaluator,visual_latent_memory,gqa_2399186,0.5,f1483932563bca624b6c82ec28b0db05fe8e08d4dcd477cd54c9ca6618d1fa76,3941
4096,second_vlm_evaluator,visual_latent_memory,gqa_2399206,0.5,cef3c52762dba52dc078b6d8ee87ce7f197615b5ae595a3907197b81e9f3f011,3987
4096,second_vlm_evaluator,visual_latent_memory,gqa_2399600,1.0,fd691c8eeae27b00336e411dca362221af4ad703fe791f944a93eb0b20cafc3a,3893
4096,second_vlm_evaluator,visual_latent_memory,gqa_2400016,0.25,2a42a0c01f63b5fe89eb23caa725ffeb5703bd8298f057177d05c936927365f3,3945
4096,second_vlm_evaluator,visual_latent_memory,gqa_2400224,0.5,8e19c0647100405564ade50b0c94c04650b253ad1edb7f0d930cc3cf86524f73,3941
4096,second_vlm_evaluator,visual_latent_memory,gqa_2400425,0.5,747a3a4085d260bbe638c5ff04af8eea1d45656143ed5d7452afdbf38d6dae61,3967
4096,second_vlm_evaluator,visual_latent_memory,gqa_2401037,0.5,b615cd9c50750918b16946024b3c7cdf3c350ab8934ffdb65c183b1952aa8903,3870
4096,second_vlm_evaluator,visual_latent_memory,gqa_2401045,0.25,4e2aecec8ba48dbae870e3ec5b8b80dd89a57dcfd074678a92f527db09c9641a,3933
4096,second_vlm_evaluator,visual_latent_memory,gqa_2401215,0.75,4d29fa3af81bd9d853b8fde5280532a49cc14667afcbd308497e999702d0662a,3925
4096,second_vlm_evaluator,visual_latent_memory,gqa_2401325,0.25,c9345bb619275a4ade63b776fa7f673c5509123f5aab079b9e1b044735cbcda8,3884
4096,second_vlm_evaluator,visual_latent_memory,gqa_2401622,0.25,26d05208d2264e4d4a12000bf221a214c070841f5715e68f4d54fdd88c9660aa,3954
4096,second_vlm_evaluator,visual_latent_memory,gqa_2401908,0.5,f1fa05a6f69d4739c83cde52d60a110fa7bcdb74aa160fd51e2f9671837dd68b,4043
4096,second_vlm_evaluator,visual_latent_memory,gqa_2402947,0.25,c104d627758e660988be00371a441156f5127312c0afb5e5a145a24d4f47cbdb,3915
4096,second_vlm_evaluator,visual_latent_memory,gqa_2403289,0.5,62e672fd7d9bd9d118fa8689f908c7d03a1ac106e1692aac61f30c6dded028b7,3932
4096,second_vlm_evaluator,visual_latent_memory,gqa_2403590,0.5,d0f35285f11e7541d8fd0fa9cef70f2eeba81742eaaef252a3150c18c6db6c63,3965
4096,second_vlm_evaluator,visual_latent_memory,gqa_2403595,0.25,b2b7c86a3f46d7e6b10ea160555bc63242d0235b8ca056cd9ad47da860b20e2d,3961
4096,second_vlm_evaluator,visual_latent_memory,gqa_2404030,0.75,f459967124c4a05098ecc9897f16ff625431e861cb914346a152d475c6977980,3922
4096,second_vlm_evaluator,visual_latent_memory,gqa_2404130,0.5,c2459057ec150ddc28b1412e1f3d53fbeac09d520f997888f2a1430a2a834180,3902
4096,second_vlm_evaluator,visual_latent_memory,gqa_2404215,0.25,5cd4b137a28518bfc0650f375cd824f875819a0a0a508e0b63fe64a528a1fdd9,3974
4096,second_vlm_evaluator,visual_latent_memory,gqa_2404539,0.0,444e4e63cfbf12822f0cc888839314e4cb7c1623d6b77279599eb04c428e5953,3928
4096,second_vlm_evaluator,visual_latent_memory,gqa_2404666,0.5,4c432ff429f5f86b35d75f1e8fe94790b9495b49f319351bac3c9718e04f2b2e,3862
4096,second_vlm_evaluator,visual_latent_memory,gqa_2405032,0.25,41197fb12f28f1d4e0cb648435ae8b0a19b60a5c487fca8ef0c174aeb0ff48b5,3913
4096,second_vlm_evaluator,visual_latent_memory,gqa_2405174,0.25,5364af1f33fb6eeacdc148b374fe5c6e8243df5a44b288c7b2a142a97961239b,3915
4096,second_vlm_evaluator,visual_latent_memory,gqa_2405197,1.0,4b8159fae0ffe3cde99ee6d7103704427e20f95f0cbed37fc0744069df9c091b,3271
4096,second_vlm_evaluator,visual_latent_memory,gqa_2406620,0.0,5c603c127c3068825249edc2cff872484cc1b1e0d789a76ab7a97d114be50019,3961
4096,second_vlm_evaluator,visual_latent_memory,gqa_2406736,0.5,8817e6f90eb26ed13f3e64298a9d299dc367d9552d2d91180e435315766259e4,3869
4096,second_vlm_evaluator,visual_latent_memory,gqa_2407284,0.5,0d0ba48cefcf2a78b8842c4c14863582e1c45d193484f47d971939673a9e6abb,3983
4096,second_vlm_evaluator,visual_latent_memory,gqa_2407415,0.5,bf44c37978621d4415242040e947aa97de503f86bc18f491cbf85f102d63f7d5,3931
4096,second_vlm_evaluator,visual_latent_memory,gqa_2407473,0.75,a86c615f111791505a073ac949ec771a3d761aacecd6a131b4a459d668544757,3950
4096,second_vlm_evaluator,visual_latent_memory,gqa_2407481,0.0,901c697f363d0d1c20bce45022a30e278f46572b1c20c34d4a329d9a542f86e6,3818
4096,second_vlm_evaluator,visual_latent_memory,gqa_2407802,0.25,a3310d45cab5985d51e1323130297759d07db00f935f04a272cae9d374cd187e,3942
4096,second_vlm_evaluator,visual_latent_memory,gqa_2408048,0.25,2830a6510559e2c83f03d78534b9d4c5be22e4eca986360c170af8a149e243dc,3975
4096,second_vlm_evaluator,visual_latent_memory,gqa_2409068,1.0,c16bbc5434bcc49e6e5d33d63df00d269274869fa46945e200389794e7b53910,3817
4096,second_vlm_evaluator,visual_latent_memory,gqa_2409346,0.25,3160521dffeb928092f460dac7cfb7d10f1f7d63655f611dbc108941d185269f,4004
4096,second_vlm_evaluator,visual_latent_memory,gqa_2409395,0.5,7cd96e071595a29e60b02c4ff59791a3c359997e09988ca51a02a669a9b7c6e8,4034
4096,second_vlm_evaluator,visual_latent_memory,gqa_2409472,1.0,ff3289e23805936dcbae293845cb8c3cfccddf7acb9f003d8491b30bba83a1c9,3904
4096,second_vlm_evaluator,visual_latent_memory,gqa_2409967,0.5,7a445afba801db71b58519ca0e42081ee902ed41138447a3f3db967a7311ddf7,3924
4096,second_vlm_evaluator,visual_latent_memory,gqa_2410150,0.0,8a276433b50662b71f755153daf3907744900b81d4c0b7e1ae1cdba21b56714a,3961
4096,second_vlm_evaluator,visual_latent_memory,gqa_2410472,0.0,530d4160b108cde514bea6f4a52636daa5f55b38fb5164c6425ff1690f984a10,4005
4096,second_vlm_evaluator,visual_latent_memory,gqa_2411058,0.5,68487788066e0e9dc101e82687018b7676f52f97cf5a2960b214aec7cf075a92,3843
4096,second_vlm_evaluator,visual_latent_memory,gqa_2411222,0.5,a5804994399e25d67569735a16eb779156a91e4c0452e2515b451f3becd28f1b,3931
4096,second_vlm_evaluator,visual_latent_memory,gqa_2411437,0.5,fd496507731ccf257dc6f1850ed91835bbd9b5f4eb581156bb680275cf0176b0,3899
4096,second_vlm_evaluator,visual_latent_memory,gqa_2411812,0.25,e10c5a81e6c8d3436b01dbd19c0298a4b9a6d0c1159a7639bd1add76e8e10a18,3977
4096,second_vlm_evaluator,visual_latent_memory,gqa_2412131,0.5,a64a4ac56e837ef38258755a7a4b6bcdc1e437f060294e704c4292c1a391bb1b,4055
4096,second_vlm_evaluator,visual_latent_memory,gqa_2412204,0.25,50128a4336dbd97e2ab2b6901c7dac18e4c33058dc85800d66adc9f9be76583f,3894
4096,second_vlm_evaluator,visual_latent_memory,gqa_2412339,0.5,4c246036e6fa0591ef2dcd918a72024254d6c9a07e5478a752459f7eec63d43d,3894
4096,second_vlm_evaluator,visual_latent_memory,gqa_2412511,0.5,bf077e4767993850a0484b84ddd599cbe14aa611163dcb670518fcef74a1826c,4024
4096,second_vlm_evaluator,visual_latent_memory,gqa_2412542,0.25,bdee054043e0110fbfcfb54259890c7bcb12e3a2529479162a667ddc0c091bad,3910
4096,second_vlm_evaluator,visual_latent_memory,gqa_2412554,0.25,440e1b996755c87b83f6d3c363c4836702977206f39c6ed2b418845368e8e4b8,3920
4096,second_vlm_evaluator,visual_latent_memory,gqa_2412648,0.25,8484a962ebe5c74756eae82fd7f04fdd3cbe8963d22e06a9b92699005737b9fe,3943
4096,second_vlm_evaluator,visual_latent_memory,gqa_2413325,0.25,afdeef91952972e05aed62be0188bbaa651ab412fb210edabfbebce13325d636,3934
4096,second_vlm_evaluator,visual_latent_memory,gqa_2413380,0.25,702356e8832900c7f2ca47012e1e94d805709ca7f7b13f25ccb53c6c8c5dde73,3962
4096,second_vlm_evaluator,visual_latent_memory,gqa_2413428,0.5,9bf9b96a5ffb040b0b14cfd622e923c35c818c31ab1e78a156159005143fa6b3,3877
4096,second_vlm_evaluator,visual_latent_memory,gqa_2413503,0.25,1735912f691f10bf2d9cb98bb601f8bf764e320593ee1f43798d34151d5ce833,4017
4096,second_vlm_evaluator,visual_latent_memory,gqa_2413957,1.0,9003d14cea3084624834426001fc79afff083b2a07ceaedb4b309fd246022c3a,3879
4096,second_vlm_evaluator,visual_latent_memory,gqa_2414149,0.5,5347f6371b220cd487ba42f2814235d819b815dea9302c7ef3eb8be2017849f4,4002
4096,second_vlm_evaluator,visual_latent_memory,gqa_2415921,0.75,c869ab908be068cefad4854fdc9b66d96f08da396cc477d8840c60974d3361b2,3920
4096,second_vlm_evaluator,visual_latent_memory,gqa_2416038,0.25,788cf0516ad4d1df85e29a66f1b21259a5cb9ed54073f7464445edf9a8abce84,3842
4096,second_vlm_evaluator,visual_latent_memory,gqa_2416080,0.5,52e61cb7bca7037372fcdca28f759d09f8dafe9b8b04bca682721c6cccafd9fa,3928
4096,second_vlm_evaluator,visual_latent_memory,gqa_2416156,0.5,2673e959a3aa15da16e39b184354544eb0fe4367009640604f903c1a2d364acf,3889
4096,second_vlm_evaluator,visual_latent_memory,gqa_2416484,0.25,f8158196d70d05a1ec2552506c4c05a70d5fd84fd78fc84b2fa36541e2642688,3893
4096,second_vlm_evaluator,visual_latent_memory,gqa_2416524,0.5,480f0a6560e81df5a354b4b31cfde77b11f7e2cd9313496348fbeedc26d3b0ef,3845
4096,second_vlm_evaluator,visual_latent_memory,gqa_2861,0.25,2f38ed4ad907aa6131732a646154b804c6548d17223f63f45dfd0b96eb7ad41e,3995
4096,second_vlm_evaluator,visual_latent_memory,gqa_498006,0.25,d9880089578aff3641eca76ca15cb92a35c5fcb661273055fcdae07167a933d5,3951
4096,second_vlm_evaluator,visual_latent_memory,gqa_713795,0.75,d0663aecaa5e2b2adaee27e8413bb303810f22b292941539682c20646f036a42,3954
4096,second_vlm_evaluator,visual_latent_memory,gqa_713928,1.0,aedfce2bb3be3623d52acc8ef78706e9117bdbaeb21f097125f171daa6f998b9,3905
8192,second_vlm_evaluator,visual_latent_memory,gqa_150292,0.5,f2156d7a68c5361537e98df97a109e57d8ce2b05bccdfeb785cd181f409dd3ca,3878
8192,second_vlm_evaluator,visual_latent_memory,gqa_150295,0.25,5dc5b177417d2a5ae7e88250691abcd1a2c115d3e4f413819b002e264df923ee,3964
8192,second_vlm_evaluator,visual_latent_memory,gqa_1592103,0.5,801eabd110c87fefdbfd36ea2959f50bf9f73c4f1aa6b0129ef4d97ceb733887,3861
8192,second_vlm_evaluator,visual_latent_memory,gqa_1593007,0.5,48d60d955272ab09677993da66ebe3142145ced5c8b5004660e823a28ef4e226,3930
8192,second_vlm_evaluator,visual_latent_memory,gqa_1593177,0.5,d7ec526e0ba59d5a22fc12c69064325653ad296817a5434ecec1337f91568af3,3940
8192,second_vlm_evaluator,visual_latent_memory,gqa_21,0.5,ab0bc37678b91bcad80155f5a0987bbe230d578ed75a23153aa0e8d8346d2aef,3868
8192,second_vlm_evaluator,visual_latent_memory,gqa_2162,0.25,b5b626ef989e6e31403c456aa9dac2d9d80c9cabe8bd7398eec3dd437445ea0b,3877
8192,second_vlm_evaluator,visual_latent_memory,gqa_2315383,0.25,952803049041e5b4c4f5dd78f3f2574334be8c90eee9e178f1b12f44a92e6764,3886
8192,second_vlm_evaluator,visual_latent_memory,gqa_2315569,0.25,c1ef7ef0e52052a9bf3af947557849aa14bf7351d2d4d629e3243ba287813440,3872
8192,second_vlm_evaluator,visual_latent_memory,gqa_2316535,0.0,cf3d6d2e64ef9397915cac9fc23a78c8aee8509057695abbac27dea9662af34f,3956
8192,second_vlm_evaluator,visual_latent_memory,gqa_2317060,0.5,4d02b28faf3af9cb3a1f9b9e0e3abc4e5d834b9f5411257563f6e83ab8da47b6,3950
8192,second_vlm_evaluator,visual_latent_memory,gqa_2317411,0.5,7588526ba1165f20c33d90ce8e892c9f16a71916ec89c930172998d540519f20,3874
8192,second_vlm_evaluator,visual_latent_memory,gqa_2317542,0.25,529840fb6f13cb6f275ceb86649d9100b044c2ef17fac57e53571603a66ac6d7,3943
8192,second_vlm_evaluator,visual_latent_memory,gqa_2318349,0.25,1af3f94dbb5ba1c6653a2842a54f5a1d800d83b5adacece01c910203dfb39ebf,3943
8192,second_vlm_evaluator,visual_latent_memory,gqa_2318586,0.25,0d0f955f0e81f56857b245eeee921e5fbbb57e190b21b9bd22e86028d17d24fd,3911
8192,second_vlm_evaluator,visual_latent_memory,gqa_2319715,0.5,1eeff5699dcd3df7bca1ca5e6fba289c2e1b8856e25abefe830e0a2afd1e6a55,3860
8192,second_vlm_evaluator,visual_latent_memory,gqa_2319755,0.5,8c8609fdf767202b4d9c41979bf10c689250a934d5695e796167c17654bb1f12,3920
8192,second_vlm_evaluator,visual_latent_memory,gqa_2319825,0.25,47adffbb3a3a7a0bc8189b28dc7b32af412f2540bc0f98e5ffe1949a2d86db7b,3975
8192,second_vlm_evaluator,visual_latent_memory,gqa_2320260,0.75,35098e41339f26dd7e3d658eb5046943dff80814b5c400e8c7ea58277f4cf7d9,3917
8192,second_vlm_evaluator,visual_latent_memory,gqa_2320864,0.5,406254840fff575b02996dbda45c779dcc39e61637ceff0d5d6b8eb01668e33d,3975
8192,second_vlm_evaluator,visual_latent_memory,gqa_2321166,0.5,708552fbe532f3f8ea42e8c18090a7d239226c4e29604473ec6d80e0b119be71,3969
8192,second_vlm_evaluator,visual_latent_memory,gqa_2322185,0.75,378583814cf4e1685ec054cb4f0244758122c45c3c25fa620a290441b6022f27,4032
8192,second_vlm_evaluator,visual_latent_memory,gqa_2322244,0.0,9e7080e5098897e8910efe0b03c31db21a40777c3819664aeeca684b2dc76dad,3982
8192,second_vlm_evaluator,visual_latent_memory,gqa_2323032,0.5,306ed00bba2dbad783bfa62f9176aeddc351dba7b82383dece5b15579dfaf1a6,3947
8192,second_vlm_evaluator,visual_latent_memory,gqa_2323780,0.5,2e81e78d8ec63b1b30aaf7a07cd1f300172e97761c754d71f05b4390a350b5dc,3876
8192,second_vlm_evaluator,visual_latent_memory,gqa_2324119,0.5,f7a0f3f980325bc29e318217b53d77d36797bed0c39d82413306c8fe251263a8,3917
8192,second_vlm_evaluator,visual_latent_memory,gqa_2324322,0.5,6b0f296c49954bb8c93f97952c04ccd83c74bd64f38578856f92acdce7ce5fc3,3951
8192,second_vlm_evaluator,visual_latent_memory,gqa_2324466,0.5,61372103dfec380671d553e97a53bbece04ea66e4063b17b197e5cc8c5927f22,3937
8192,second_vlm_evaluator,visual_latent_memory,gqa_2324606,0.75,12237b91b48ff856e6e1bb99da1903f61309290765a4c577b3a2a0a4b504381b,3923
8192,second_vlm_evaluator,visual_latent_memory,gqa_2326436,0.5,356358c58ece43acf75a6bdaeb72ae50b71996a91907af59595549e15f542efe,3847
8192,second_vlm_evaluator,visual_latent_memory,gqa_2326899,0.5,9dc4995ddd3bf656dd529e19072f47e71019c88d7eaf53dcd9cde03c4c5c88ef,3942
8192,second_vlm_evaluator,visual_latent_memory,gqa_2328171,0.75,8a1c9a42e877852f192f885357124e795e17c0fa53ba9263236c3853de6bb3e8,4029
8192,second_vlm_evaluator,visual_latent_memory,gqa_2328273,0.5,86933fe59ddc30ab5a93c791ac7c7e9c803b2a701f900f4258c7e0ae6901e61a,3990
8192,second_vlm_evaluator,visual_latent_memory,gqa_2328788,0.75,3326cb27cf1e0224a023d5ed5a82aebfc648d6b4d23bd1caad8bed0b2e3c1109,3906
8192,second_vlm_evaluator,visual_latent_memory,gqa_2328825,0.25,5fb4eed1019382cd170fd4ad5dd6ae6c7b67f7295a14163c908d72f709006a5c,3808
8192,second_vlm_evaluator,visual_latent_memory,gqa_2328879,0.25,45808bbaab19d36e38d02cf86d3908617f4e7df051d756464f9b7ef7d9ecf993,3921
8192,second_vlm_evaluator,visual_latent_memory,gqa_2329566,0.5,7fd1fc1913c5f4245d98f32b2465c3e1e39e58950c6d32f27dfe0ce520fbe67a,3879
8192,second_vlm_evaluator,visual_latent_memory,gqa_2330438,0.75,482f39933aa74adf9b844c8a1390bb07abb543dedcec58bde7f133ebf5ba160a,4037
8192,second_vlm_evaluator,visual_latent_memory,gqa_2330917,0.75,02b5aec7011e49d9f91a0fe4b1162a6bd1d329dbccba9acd1d553b16d90d4c86,3944
8192,second_vlm_evaluator,visual_latent_memory,gqa_2330972,0.75,2927b279229f91e88bb051402c743213f8c66e306c9c119020d9610bba3a8f8f,3883
8192,second_vlm_evaluator,visual_latent_memory,gqa_2331876,0.25,0d78ea44d0c626f32d692d93eb9cbe5cfd2bc2401262a48784ac3085a5d5f653,3916
8192,second_vlm_evaluator,visual_latent_memory,gqa_2331963,0.0,eaa94f88cb28e8e2fe22e94bdc9d7ff43d8c8d9b463d9d623c210c2aab8cd186,3919
8192,second_vlm_evaluator,visual_latent_memory,gqa_2333075,0.75,53de6a98a925f3b6382ba605bf00dab61006d8172646193f188083fda5d33648,3984
8192,second_vlm_evaluator,visual_latent_memory,gqa_2333428,0.5,5f68e70b896b6309a33871485214afeec75eaba009110298a6780680b759a84e,3903
8192,second_vlm_evaluator,visual_latent_memory,gqa_2333525,0.5,98072e2eb557bda625ca12e87520bf68b3d7af34f00186ef603c8a13b1637229,3926
8192,second_vlm_evaluator,visual_latent_memory,gqa_2333677,0.5,dfb8988dd1eb77c6e24af0ea58cd34e8c7621a2b13f65e59244440977607da66,3925
8192,second_vlm_evaluator,visual_latent_memory,gqa_2334914,0.5,103be70e60debe0dae109c2f4e1c13d723ddec13803b44713fe9df5529be798c,3954
8192,second_vlm_evaluator,visual_latent_memory,gqa_2334989,0.25,7a8a3a50a5f234ce649352e8d16507af43e3680bb75d88ffc4e85f57be8a03ca,3962
8192,second_vlm_evaluator,visual_latent_memory,gqa_2335384,0.25,7ea0ddc8129c07b98d8802f4da152d29c2aa80e8fec49b9d5b26c5efda606c9f,3909
8192,second_vlm_evaluator,visual_latent_memory,gqa_2336817,1.0,7c385a66188eb278a5423289dda1a377cf446ce6d015c589e8b47967e9345369,3848
8192,second_vlm_evaluator,visual_latent_memory,gqa_2338336,0.75,6e3268e0ffbe64e2cb7e89b5debc1895df1b736764bc297f35def9d73fa09eb0,3842
8192,second_vlm_evaluator,visual_latent_memory,gqa_2339471,0.75,df942a057997591930fd7ffefdf97af7a92fb231cb11c9fe9a4db0b071e332fb,3960
8192,second_vlm_evaluator,visual_latent_memory,gqa_2341361,0.25,7e6c996d3872c1c797e436647dfe4226dbf5d4cc9e538c623f94d252d7ce76a6,3966
8192,second_vlm_evaluator,visual_latent_memory,gqa_2341476,0.25,b6c246f65df3744d9947b64d08e995555c347b2561d0bda566566abbe3719ad7,3915
8192,second_vlm_evaluator,visual_latent_memory,gqa_2341576,0.5,63f380ece382f589488c701d29c38f472cb4787ce2ac48aaf201a48ee5b22dee,4010
8192,second_vlm_evaluator,visual_latent_memory,gqa_2341611,0.5,929efadc6f9d00dcccb61e8099f53fa6945fcbf35602f0d23f64e9b2dfd97ee6,3747
8192,second_vlm_evaluator,visual_latent_memory,gqa_2341637,0.5,36a218db1c96116562e7c146ea87d9ffd12396327d89cebbbefa97f99b8dfaa8,3941
8192,second_vlm_evaluator,visual_latent_memory,gqa_2342147,0.25,1a213ec5a0b5265e10c80cc0a493b2e9d7a6462d0e65c0108a20bb61c4851563,3898
8192,second_vlm_evaluator,visual_latent_memory,gqa_2342323,1.0,93db0469636e2223144a93458f60373646003e755b95cbc406d68b976cce4276,3889
8192,second_vlm_evaluator,visual_latent_memory,gqa_2342333,0.5,c09bbcc2d5647d10815692ea276ca39e6319cd1e5fd7fa176b7018def00f8058,3923
8192,second_vlm_evaluator,visual_latent_memory,gqa_2343201,0.75,8d79fbc4630f2da7af9daf509bf57d4a3aba71c4cb1e059b1e5f9abe234ba072,3960
8192,second_vlm_evaluator,visual_latent_memory,gqa_2343287,0.5,070e057d53a3e86a6710463d06ee88b3a07f1a3663220207acbaa14247676a33,3935
8192,second_vlm_evaluator,visual_latent_memory,gqa_2344297,0.75,b33eafc54939515551127505e7d233b4e06af8c0cb9e1426e446bf0e3e293c7a,3914
8192,second_vlm_evaluator,visual_latent_memory,gqa_2344488,0.25,56d5959bdbacf50a45d099947d98c3317a83c739dc1656c1b209e84c30f3d715,3939
8192,second_vlm_evaluator,visual_latent_memory,gqa_2345081,0.25,05aa557b93953bdb4527030f54c181c3652a7da7c284792023ef4861fe154ccb,3887
8192,second_vlm_evaluator,visual_latent_memory,gqa_2345482,0.5,5b28c7ceb298b3d8b54fc3de5abc128e6a27b0d3ec18fa5529801a2c42768873,3940
8192,second_vlm_evaluator,visual_latent_memory,gqa_2346467,0.75,0d4831db5607f3c1253637bc226be4ac48a245aec12c95a1f51ace1cea2fbd8c,3911
8192,second_vlm_evaluator,visual_latent_memory,gqa_2346957,0.5,fca19e95468c6047aa87686a3345a1892eb27c46a460f507dee392d9ab25dc04,3904
8192,second_vlm_evaluator,visual_latent_memory,gqa_2347367,0.25,512023f92d2253cd3afa9b8f95c69d3525e2ef1b8e1a686d4520fc60b1833fb8,3967
8192,second_vlm_evaluator,visual_latent_memory,gqa_2347450,0.25,ae2bf505c97f5f1a7f9ffb6dee4869edb51ab47b523cb73387e04e32c1a4c6c7,3917
8192,second_vlm_evaluator,visual_latent_memory,gqa_2347772,0.75,1489f93defd95ca5eacc4633523d742cfdfe0b092ce66dc01a66c794b97c0162,3974
8192,second_vlm_evaluator,visual_latent_memory,gqa_2349334,0.25,37b8d0c9c5588242cb612748e56a95764bb73f2c9feb140dca0d210d91567486,3965
8192,second_vlm_evaluator,visual_latent_memory,gqa_2349746,0.0,4daaded9a66ea6d05c5653f07f1d2faa7c1e1b19bdbfe95fe0442f478e3b21f8,3911
8192,second_vlm_evaluator,visual_latent_memory,gqa_2350006,0.25,bf734bdf34781098ed64cbaacadd242c15dae7f0297256cf431bc3d52c5fc14c,3907
8192,second_vlm_evaluator,visual_latent_memory,gqa_2350743,0.75,96fdf969eceb30276c14e5c73d8ccc8488f40012610680d6a8f9f3bcc8238171,3992
8192,second_vlm_evaluator,visual_latent_memory,gqa_2351967,1.0,2f2789c45213632e901be2b0f11a416cee9985082417e3da440ad47f0f6a02f5,3950
8192,second_vlm_evaluator,visual_latent_memory,gqa_2352092,0.25,f4f53985f135f24fced6b8321db9541454dc9b4a40f18dfa3cdec97978984d38,3979
8192,second_vlm_evaluator,visual_latent_memory,gqa_2352324,0.75,effb2396281cdabdd3f21885b7f7b0b6cb744d6c085c01329c6b55f4b9217bb0,4002
8192,second_vlm_evaluator,visual_latent_memory,gqa_2352785,0.25,095de19b939bc565534d2dfeaf678e6cf09698c6644e7465ba9f4985c2203dfa,3979
8192,second_vlm_evaluator,visual_latent_memory,gqa_2353322,0.75,9abbb2677a758ff54a063483f68569ce156c15e9b14c8296bf98d00482c8ca24,3917
8192,second_vlm_evaluator,visual_latent_memory,gqa_2354715,0.0,f512972f2edd469a7f56c3ed3fadb2d93606f2999709f591587afbbf20546425,3899
8192,second_vlm_evaluator,visual_latent_memory,gqa_2355212,0.5,e70adb18ad53d007eb50516fad3996e24855a1e57fa321ffb2c33c5bbb43a286,4032
8192,second_vlm_evaluator,visual_latent_memory,gqa_2355385,0.5,8db1e9b9c232eeda70e2c8f614ccdd093659871afb085e81f38e82cec6883be3,3921
8192,second_vlm_evaluator,visual_latent_memory,gqa_2355528,0.75,774cac5c1ccbd94976bf025de3964a367da5ffe12881c1a5d67fc3a1ce10ff3a,3972
8192,second_vlm_evaluator,visual_latent_memory,gqa_2356041,0.25,2af9efe0b7033cf1b9ee114dd4c992b6d4948c7780b56ed68375db195a2e36f9,3976
8192,second_vlm_evaluator,visual_latent_memory,gqa_2356089,0.5,218dc6241056cf5e798a642dff8e19a7d03711cc5b7e3c4ba9d16842f286fb46,3916
8192,second_vlm_evaluator,visual_latent_memory,gqa_2356227,1.0,18ae6a40be2d6105f519f1551bae561c562a3f3a0b1775b45434535ee83e03d1,3969
8192,second_vlm_evaluator,visual_latent_memory,gqa_2356577,0.25,fd0a97d9d7f548dfb9ec3a3990bca701ffc2f2ada68eeaefcc18cddc6fae1cef,3942
8192,second_vlm_evaluator,visual_latent_memory,gqa_2356747,0.5,286bb8abd07b39db274339c9daf08ae8a8d5079965cf57ed53606fb148bc6605,3937
8192,second_vlm_evaluator,visual_latent_memory,gqa_2356833,0.75,aa2ecfe0055b36e99898ace6abe815a5de50ddfaadef5c7fde4aa32f165a5712,3893
8192,second_vlm_evaluator,visual_latent_memory,gqa_2356972,0.75,4bf025add62f7dfc474c00246cde9e92071580df3fc9e251e1f1e5902e357b7e,3857
8192,second_vlm_evaluator,visual_latent_memory,gqa_2357882,0.5,1886fd6b3489348f97392b4a61aacf0f5ada0c2f38ee523fdef7a01030f7f5c1,4016
8192,second_vlm_evaluator,visual_latent_memory,gqa_2358111,0.5,57f0416d93078fe5a7385af19ef4c500e252c717e32281df9c8e86989b3be097,3950
8192,second_vlm_evaluator,visual_latent_memory,gqa_2358186,0.0,8d430c97c6cbc44d80b0f18d9a8a652ab6da2779dc1b9bc36edcbbd75d56752d,3999
8192,second_vlm_evaluator,visual_latent_memory,gqa_2358464,0.5,c7fb5f96ba63f0f969afa74d68149a405884e4919b3930643be9dbe546bb526a,3929
8192,second_vlm_evaluator,visual_latent_memory,gqa_2359192,0.0,888b4b049f10ab00ca9d79764ca76714c043b20a6cf3320bfe2638026c38d539,3927
8192,second_vlm_evaluator,visual_latent_memory,gqa_2359195,0.75,7e052ad9d869088260e3ea51a09273fe415964cc6c3f3f0656651e69b5d9e2cd,3992
8192,second_vlm_evaluator,visual_latent_memory,gqa_2359351,0.5,a8930e2584d15f66653430e25a7858a780a008826414b20991420859d196ec44,4025
8192,second_vlm_evaluator,visual_latent_memory,gqa_2359470,0.75,e4d0ce9111256c2c9b5cc92ae9b82436dba7ddb306693840679c965db787115f,3933
8192,second_vlm_evaluator,visual_latent_memory,gqa_2359924,0.25,8ff36dd83f7e37fbb74d9e340f977aebca73c4e791cb56dbdb4b50640f64b625,3948
8192,second_vlm_evaluator,visual_latent_memory,gqa_2360103,1.0,f367bc52f9fab2b73c6f5c90af44a769ea45b95c8c7fb5b8f02e8f5bdfbbc192,3866
8192,second_vlm_evaluator,visual_latent_memory,gqa_2360831,0.5,9d1e90fc1affe55c6683812f886e972f5e538bc43bd3a0c297ca7af140176a20,3959
8192,second_vlm_evaluator,visual_latent_memory,gqa_2361815,0.5,e0af3b4bec71f6122c0d83589013f6c367b5b64221d4b116eee7bb4bb695ab5a,3926
8192,second_vlm_evaluator,visual_latent_memory,gqa_2363074,0.5,e2e65e3333148be60ba28fe7d7e899f11917ca2c8e04cbedba74413c625e28c4,4051
8192,second_vlm_evaluator,visual_latent_memory,gqa_2363203,0.5,5d597b65aa47cb7369d31776cb11611a61a853bcf92b0f70fffe9c3754a503a8,3916
8192,second_vlm_evaluator,visual_latent_memory,gqa_2363269,0.5,f6e612880c3a54e38b2dd3b5e6791118d8e83f6b27247ca7c96d3c3297359786,3952
8192,second_vlm_evaluator,visual_latent_memory,gqa_2363444,0.75,dd0a39f356927d1a6dddb77ac21f9886da17c4ce737c2249610692aba7fec576,3911
8192,second_vlm_evaluator,visual_latent_memory,gqa_2363706,0.5,01ba963fd39228e6bbe6798e6ac94e449fe4d21947e0e3abc30c7a569776e044,3924
8192,second_vlm_evaluator,visual_latent_memory,gqa_2363979,0.5,c23b87dc751334b465f983a029f775399c6111f0fb62dcffcda4663c7cd428fc,3867
8192,second_vlm_evaluator,visual_latent_memory,gqa_2364335,0.5,e54ab0165a5e64dfe17e95f327e37979d4567fddd0000a8f79ca6d8a27074d61,3942
8192,second_vlm_evaluator,visual_latent_memory,gqa_2364614,0.25,c588adb5e28c333b849b2104df4fa9194626a7d330c1691494eda9f2547e728f,3871
8192,second_vlm_evaluator,visual_latent_memory,gqa_2364774,0.5,6a25ec4afdd9fdab1884608ebf4d32975439f56ed8aecc4286abb065a864e1dc,3894
8192,second_vlm_evaluator,visual_latent_memory,gqa_2365176,0.5,302037dbde7bbc858a4eb343e8b50a8c92a926ecf333c94236b6a9c11f3ca9e6,3914
8192,second_vlm_evaluator,visual_latent_memory,gqa_2365398,0.25,bf0b2a2d4f0c1848cac290f94d6b651441108d6961b6aa30c7e39e9547fae98d,3965
8192,second_vlm_evaluator,visual_latent_memory,gqa_2365435,0.5,3dd28cc0165663b7133a2cd57643b78d9f831ab2325a7263bf638951cf5b2451,3852
8192,second_vlm_evaluator,visual_latent_memory,gqa_2365505,0.5,ee4f39feafdda73321caa92b0f52e95a38ec8c6a7ea820f0d9e3d9d63f6551b4,3921
8192,second_vlm_evaluator,visual_latent_memory,gqa_2366157,0.5,728d022daee9227fcf073f32b18f1ebee9f64377a91d6c438fdb1dfe09e21de9,3856
8192,second_vlm_evaluator,visual_latent_memory,gqa_2366510,0.5,262e41e8d2f4a29e0bc659930d375b4992ccadfe9554447f39897882d58d62ba,4018
8192,second_vlm_evaluator,visual_latent_memory,gqa_2366645,0.25,1a1f17cad4f94c8c526e2ec0ee9480bb326b80d77a5dc310f3e56fac94f1772d,3869
8192,second_vlm_evaluator,visual_latent_memory,gqa_2366958,0.5,a41667c2b6adabb2b4cd492f420415cc1239b6d6ec5c47ca2a5de959c886d543,3923
8192,second_vlm_evaluator,visual_latent_memory,gqa_2367190,0.5,765d8224d6474a2ff7464513c512fb0b32134328bbbde40ed78daf14c76544a9,3902
8192,second_vlm_evaluator,visual_latent_memory,gqa_2367328,0.75,0e3be966dee1f669b2316adf2dd682bfc9fd0068efce8d409846fae744e38cd0,4012
8192,second_vlm_evaluator,visual_latent_memory,gqa_2367639,0.25,732ff007167018487e73a1e5f14b7d6e7b6a469380e5f5f35c4a7f217320f34e,3891
8192,second_vlm_evaluator,visual_latent_memory,gqa_2367770,0.25,7e0c90bc0abc17e8d464bf50ea0a63ba2a76be17287a00c434b340e6f1012ece,3981
8192,second_vlm_evaluator,visual_latent_memory,gqa_2367977,0.25,6a1a4e6011b93b53cd71e7b958d9888b31d1201f4e85873d8952ebf7f720657b,3893
8192,second_vlm_evaluator,visual_latent_memory,gqa_2368884,0.5,1ddb932da03ea343282c23f1c5fa8b0b8e9955abedfd8d4b1e59364b242fa804,3970
8192,second_vlm_evaluator,visual_latent_memory,gqa_2369906,0.75,2300004602ec6bbd79abfcf460584cbc9c84ab7cbec2cb5f00037f0325a0afa4,3828
8192,second_vlm_evaluator,visual_latent_memory,gqa_2370047,0.0,f824acd4843f7c408085d6cee996934897473025d00403c29121116188d29900,3980
8192,second_vlm_evaluator,visual_latent_memory,gqa_2370242,1.0,533beab973f7f8cf57c69003a8c4e5cc7cb71886230d13b5dd4b9daf06d1635a,3923
8192,second_vlm_evaluator,visual_latent_memory,gqa_2370329,0.75,26cce78a45b14a8af3be02963cf3019cacc5fa34af2c507d3b3d961b4383184d,3922
8192,second_vlm_evaluator,visual_latent_memory,gqa_2370859,0.5,6bed740a8bb6925a0850149e471c584cb03f9eb71817e135b255005cf1c18595,3958
8192,second_vlm_evaluator,visual_latent_memory,gqa_2370968,0.5,7da15374d69aea388bf69054e3029e7b2ca28f085283f8a20b3cd807d217d35c,3901
8192,second_vlm_evaluator,visual_latent_memory,gqa_2371504,0.25,d72a63e2aa2bacee06b7b7d7bf1a917360f39a4e38889b4e1f9a0923de08f380,4005
8192,second_vlm_evaluator,visual_latent_memory,gqa_2372977,0.75,5f6534984fc97ac88d9a64b656b3082912a84f17e6be19022cf7943116f483f5,3962
8192,second_vlm_evaluator,visual_latent_memory,gqa_2373259,0.25,6284b379a5fca7548310922435af8fe6fe57460e404999c24d431e4106983393,3878
8192,second_vlm_evaluator,visual_latent_memory,gqa_2373271,0.5,5769decea758434a2435a5c44faa0ba183802d19eb60adcacfc75afde34cd27b,3914
8192,second_vlm_evaluator,visual_latent_memory,gqa_2373294,0.75,d1e403d7e4842ea003979ef682e44b98cab9b285a36fcea218c7691ca3a1f841,3967
8192,second_vlm_evaluator,visual_latent_memory,gqa_2373590,0.5,b1cf10bd32fd55a42efdcad69529ea9eb7843a0fa22e34b11760655627ef14a4,3932
8192,second_vlm_evaluator,visual_latent_memory,gqa_2373592,0.0,00f48e5ee38e327ee3b7c7bac7227fdc24c3c5110b7428c6b22e2a27f775179d,3990
8192,second_vlm_evaluator,visual_latent_memory,gqa_2373967,0.25,e12450e4ca2218ad40f7a5cdfb1f66c4cbed9e03411b333b1511f8e907070c6c,3960
8192,second_vlm_evaluator,visual_latent_memory,gqa_2374540,0.5,cca72284cffe43fb04ec449923fdb29b507d266eaf501586a8d2e3c2621f9821,3948
8192,second_vlm_evaluator,visual_latent_memory,gqa_2375091,0.5,5d1cd96e375fac4958a423aa242ee3c6b8a1c950b7039a8f95f9bd4ca6a9a7af,3925
8192,second_vlm_evaluator,visual_latent_memory,gqa_2376266,0.5,d7a27ab418d3cd8d403f2aa174e6140b3895788a259d2aef7ef6e5e4f70c0038,3907
8192,second_vlm_evaluator,visual_latent_memory,gqa_2376766,0.5,580513af34dff0cce342b42573702dd80dbeaceaa25e8b12b8ba0aed01b63f22,3919
8192,second_vlm_evaluator,visual_latent_memory,gqa_2378273,0.25,544c67e5fe84a1d65c92a53b4d548efa30b35b80b8d8c0e84a2bf6abd8084eaa,3916
8192,second_vlm_evaluator,visual_latent_memory,gqa_2378436,0.25,6bca496506670b79473655f78a1c4ec82861e8fc8ae9ad0be7fba2f2fe2d50aa,3898
8192,second_vlm_evaluator,visual_latent_memory,gqa_2378739,0.5,98a5b0a3f1bab7b5a9b5d6af6cbaa1c1a36dbbdd9ccdd49ea656df9ef3150de0,3926
8192,second_vlm_evaluator,visual_latent_memory,gqa_2378917,0.75,7e88ed643c761d565ade2d77d3024bbd08326947a1b15deed466ec697fb7dccf,3903
8192,second_vlm_evaluator,visual_latent_memory,gqa_2378984,0.5,409d2123d9d89780504b163f89ac3fa6a919c09db8b89b1a379191bf0f2d432f,3975
8192,second_vlm_evaluator,visual_latent_memory,gqa_2379178,0.5,9b2fefe61165393003fc799d52f3ca47ab0bbf3c9e829c109a6f359aedd60a22,4066
8192,second_vlm_evaluator,visual_latent_memory,gqa_2379791,0.25,4e6264890bc1906fd38247a19ab95bfdc3ee8893c8f32c604a6603947ac0aace,3951
8192,second_vlm_evaluator,visual_latent_memory,gqa_2379897,0.25,1dc11fbf92224614605e860417bdf4b18f2e6d2a33f9caf417fe4fbbf66e0d1e,3911
8192,second_vlm_evaluator,visual_latent_memory,gqa_2379906,0.25,bc95647d6dfb51aae810702b868d521d7e5c3c109702be2a420ff88df2f97d8e,3930
8192,second_vlm_evaluator,visual_latent_memory,gqa_2379919,0.25,4d32db8260a720276deb3c53554a5773875028f5ba8667259d421f93c4694ed5,3864
8192,second_vlm_evaluator,visual_latent_memory,gqa_2379961,0.5,27f8f6520dd478da417ecdb31644219b7f8409cdd4fc7452db8aa28d9d63fc26,3900
8192,second_vlm_evaluator,visual_latent_memory,gqa_2380291,0.0,139f53e6ff072bbe35ee56f240c2b0fbba71f055cfcbe4c15b211fa0d7c8b62f,3940
8192,second_vlm_evaluator,visual_latent_memory,gqa_2380436,1.0,9ac78c226cc58ed6da80289036bb2b46c1f510d8b0467b7e8a38d5348ef3b9bb,3933
8192,second_vlm_evaluator,visual_latent_memory,gqa_2380691,0.75,b7a34182070b862420514a42d968ca1ac051bbf8dfaf2ee0ca44d7a1f026ee6d,3826
8192,second_vlm_evaluator,visual_latent_memory,gqa_2380720,0.5,5d3fb25f61d6b7f8a8de3ca230b5275539636d905ae0c37d1f862ef8fb7fd3ca,3882
8192,second_vlm_evaluator,visual_latent_memory,gqa_2380779,0.5,26af05f14b88b85e8d30341ade1d68da888bcdc497e72c123a2be1391412cbd1,3930
8192,second_vlm_evaluator,visual_latent_memory,gqa_2380873,0.5,c72ceea3cf962682ab7c1f9efb567a53f4433f56e45df27e4bdedd5bf8259128,3906
8192,second_vlm_evaluator,visual_latent_memory,gqa_2381128,0.5,7c5fe2644b80de019cd31b8454b092711e144a108f6bfe0839a56d108854d2f6,3875
8192,second_vlm_evaluator,visual_latent_memory,gqa_2381547,0.5,1d1c6bfa7f55d5c679c3357ecec05f80e15974d871f795fdc8a78b0591502373,3898
8192,second_vlm_evaluator,visual_latent_memory,gqa_2381671,0.0,275e32bc2e595783d80246aa24891aea2fbbc69106968972a09944d15a78229d,3967
8192,second_vlm_evaluator,visual_latent_memory,gqa_2382178,0.5,5c8697855f1c8c620b63a35b4e2f7905cb1b5c7013965e29d82e6a8e97640e2c,3866
8192,second_vlm_evaluator,visual_latent_memory,gqa_2382460,0.75,119eefe649eeb0750e904489e947a654278e77665cbc527c1be856df76ae0f5a,3930
8192,second_vlm_evaluator,visual_latent_memory,gqa_2383023,0.5,aec40f0ead0804be4996a8085171104dced1d0e47110765b94ee02429ec80c10,3909
8192,second_vlm_evaluator,visual_latent_memory,gqa_2383204,0.75,cd246a7ce9d6e65ccce6d4cb1e4724f18a70692c5c48c4927a217e9cfdb7f71e,3873
8192,second_vlm_evaluator,visual_latent_memory,gqa_2383269,0.25,733f1920207900e96e2998bcf4855c5f0d7b69cd1e1a27ec38259e6eba841690,3961
8192,second_vlm_evaluator,visual_latent_memory,gqa_2383696,0.5,d395a0fa0a4ef3afcc5ca434c727e188a59150ba73405ec68935c2188f580e45,3938
8192,second_vlm_evaluator,visual_latent_memory,gqa_2383963,0.5,4754c151d5cc1fcbbc4016082eeb238b9d08602156f060c6df209f25cfdb06fe,3934
8192,second_vlm_evaluator,visual_latent_memory,gqa_2383991,0.75,9a5b7c4c7a0d081e224f9fe5f33aa02d49b6c6c7f847a369db5d7c0f0b4bcd0a,4019
8192,second_vlm_evaluator,visual_latent_memory,gqa_2384063,0.0,fd8ae4b10b9fe1931ae0129182e6f830a325b2a2bfa43d386267764e83febbcd,3807
8192,second_vlm_evaluator,visual_latent_memory,gqa_2384169,0.25,69ac0182babb5ddb48895189a72c367acaf9300e97fcde15b29ce2fd97169ae5,3882
8192,second_vlm_evaluator,visual_latent_memory,gqa_2384376,0.5,11d033276592adb41b3f03b26a2103e44be741551a9bbc679133860e9e00761c,4001
8192,second_vlm_evaluator,visual_latent_memory,gqa_2384614,0.25,8010685871740f98033d8f4a239b80ab560da977c781cf77e3f15e426a9e3f1e,3973
8192,second_vlm_evaluator,visual_latent_memory,gqa_2384672,0.25,8413c336c1084fbda0a9d9e15f143ef3a73bf5df7f5f41b5eebc1722d26add3b,3915
8192,second_vlm_evaluator,visual_latent_memory,gqa_2385322,0.25,8bc1f510531d52112369b4676273d31d4e6c26d522c38169bae0d0984f3ff89b,3934
8192,second_vlm_evaluator,visual_latent_memory,gqa_2386051,0.25,2ffcfc6906af2573b434a916b43c5a93cb111c00eab2ca79fe1b6fbbc4e38a59,3913
8192,second_vlm_evaluator,visual_latent_memory,gqa_2386495,0.75,36e3a78a04248d0bfead364813f865d96a8caec53e49ec393dc3b1a1c3609008,3916
8192,second_vlm_evaluator,visual_latent_memory,gqa_2386903,0.25,3bdcfd3b0cb47e6cb8330782a0372b1a0c364486e834834a5a9ffd72cce6c3a5,3913
8192,second_vlm_evaluator,visual_latent_memory,gqa_2386979,0.25,79724a8093cd393cfbdd4ba40e1790932719fcfbeec6e2062a8cbc2d13a99d5a,3866
8192,second_vlm_evaluator,visual_latent_memory,gqa_2386987,0.5,3fc253ad317f67bd08da9ab816455d5706db4327c33542dc67999cfd08f9eebb,3850
8192,second_vlm_evaluator,visual_latent_memory,gqa_2387110,0.75,963d270e311bf14f325ccdf573056db230f6b00dd1ef9b95e6c18383b0e33749,3922
8192,second_vlm_evaluator,visual_latent_memory,gqa_2387118,0.0,d476f34387d4805233859b2fafeec5b2120d6c86aebf448184f51cd15e975c25,3914
8192,second_vlm_evaluator,visual_latent_memory,gqa_2387359,0.5,92d75fae39fb144ba2c32492397f448572add0f7d0bb6c52e55de7081d630e1b,3968
8192,second_vlm_evaluator,visual_latent_memory,gqa_2388030,0.0,d3d66b5fcbbef7700ac7bb4c4a9a4adbe5bf8f817fc2ffb3ff9efcce885e4978,3999
8192,second_vlm_evaluator,visual_latent_memory,gqa_2388049,0.5,6c10a3d34e596b47369d505f34a8ceeb39485308593ef01a29ea68292449cbce,3874
8192,second_vlm_evaluator,visual_latent_memory,gqa_2388625,0.25,d2983a026ff34d6beff03e32783cbb104e97842d7d44f0f711d2d4217939c12a,3982
8192,second_vlm_evaluator,visual_latent_memory,gqa_2388805,0.25,18010c9b361ebdfd007b6f61be62851f2bea8bc54e4314335445b5b0080f18bf,3927
8192,second_vlm_evaluator,visual_latent_memory,gqa_2389312,0.25,dacea1b8e39db0bd9673c34db696cc6bb970e4087ab2d9470884a3a34a314a7f,3931
8192,second_vlm_evaluator,visual_latent_memory,gqa_2389626,0.0,a451d13f4830b2856c596474fb77f253dc4514aac8c91e1701d7480a72cb5c45,3781
8192,second_vlm_evaluator,visual_latent_memory,gqa_2390071,0.5,7423a46b61791d333dfa29c380dc84b9e85538412dfe46f5133e1d2fe2acaf43,3956
8192,second_vlm_evaluator,visual_latent_memory,gqa_2390097,0.5,683cc31835a0b72f164799dd59c52d8e3d370024598d5ea04d1bc185a5816d41,3968
8192,second_vlm_evaluator,visual_latent_memory,gqa_2390108,0.5,4fc11d877832fbc1eeb943466f67b980b0713e0c1d53d710bdb9a73da077b7c4,3957
8192,second_vlm_evaluator,visual_latent_memory,gqa_2390727,0.5,c61ff2d5334bb565546c4d04bbe7b25d0f16d0790075a260cda1df2bebabeeee,3971
8192,second_vlm_evaluator,visual_latent_memory,gqa_2391406,0.75,d7556494ac5cec12912b129970c5d9dfbda8d30a9e9c1a89561fb4ff7db58364,4042
8192,second_vlm_evaluator,visual_latent_memory,gqa_2391835,0.75,29c4ad819854c5f843b3306b39aa6cc5319b41d5eae9487624b25b45786b9980,3896
8192,second_vlm_evaluator,visual_latent_memory,gqa_2392147,0.5,01cdcd6888a750386d9f19a9bc63fe53e7ef74a8ea5d399c1a275326050f960d,3966
8192,second_vlm_evaluator,visual_latent_memory,gqa_2392185,0.25,d14ba2360e58e2c4a25ee6f6cc442598f7ebb1b30e610bacb4f925bfb7db8318,3869
8192,second_vlm_evaluator,visual_latent_memory,gqa_2392252,0.5,c8ec961bd4de95a34e51b6a53e7e011262e58a76ecdbe27692e11759e745b173,3893
8192,second_vlm_evaluator,visual_latent_memory,gqa_2392318,0.0,900d15490655299815431edee6493deda6c8390b813accf6e1e9bed4f0cec64f,3976
8192,second_vlm_evaluator,visual_latent_memory,gqa_2392845,0.5,bd75b18f295ce166c5c665a7f475ed38d2c5427212d6fc288a712cef54305ba8,3884
8192,second_vlm_evaluator,visual_latent_memory,gqa_2392875,0.5,d165c950b167f0ecc6fcaa1c7a9c407e7759dd047b863a243d75480d6dd97385,3939
8192,second_vlm_evaluator,visual_latent_memory,gqa_2393739,0.25,0891e441f2a1af17c1018c254dd081c8564c86479457975a040dfdb2f9252087,3950
8192,second_vlm_evaluator,visual_latent_memory,gqa_2393775,0.5,2d16438c1e07e27e2381cb7a40584deb9fae1e826eb6ec141537579d21b000d4,3947
8192,second_vlm_evaluator,visual_latent_memory,gqa_2393788,0.25,bddc89f761c785f4e6276e50d8c66e64114dfbb85e62d2091f8ae059e07bb42e,3897
8192,second_vlm_evaluator,visual_latent_memory,gqa_2394519,0.25,16edbfdbb225769277ac87c65466ac1d84e7824293143ba942124fa4f0c7e96b,3947
8192,second_vlm_evaluator,visual_latent_memory,gqa_2394763,0.75,c9e34dac342e19225a32dab34aed7ba327a62bb370dc2e3d9e32cbef39480df9,4053
8192,second_vlm_evaluator,visual_latent_memory,gqa_2394891,0.25,bee1068719a6491f1798d1a1e8187bbc986e297eaf934152a9a27a18f4d8ceb4,3897
8192,second_vlm_evaluator,visual_latent_memory,gqa_2395361,0.25,e56e3ad2e6e49007a667b6228b714d4675aa3e97aada7b76562dfbc6d352146e,3943
8192,second_vlm_evaluator,visual_latent_memory,gqa_2395949,0.25,e9fb912e84a9437702b983cfe99d15eb8e925b840a2f3ba1a0e84e0970776200,3939
8192,second_vlm_evaluator,visual_latent_memory,gqa_2396578,0.5,de664b20465f688795b15da381961c0e9c7a081ccd02abbc60f5cd7a03577070,3958
8192,second_vlm_evaluator,visual_latent_memory,gqa_2396731,0.5,2d08070697d83c783881643ef32c0f47bb296f8907594f868a244e4760a9cfb3,3869
8192,second_vlm_evaluator,visual_latent_memory,gqa_2396750,0.25,237ee208710ba49423b674b97a74dda74f9100796eeb204a7eb0eb81f43dbc5f,3968
8192,second_vlm_evaluator,visual_latent_memory,gqa_2396995,0.5,34153d82265faf0bb5fb723cf6af2b10a73cf1cd3c347fe7137f7fd5ca2fe219,3853
8192,second_vlm_evaluator,visual_latent_memory,gqa_2397007,0.5,852773d1f18a63439630ca83920100ade0362ca6991e4ae5fdaf7e41db13f510,3798
8192,second_vlm_evaluator,visual_latent_memory,gqa_2398108,0.25,8aebdb40ad74b7ed574dce13314b32720eb2f5da2140a50b6816257c8d09a3ef,3980
8192,second_vlm_evaluator,visual_latent_memory,gqa_2398485,0.5,e3491bc5227c8affd28f9b96a04e20792ef8b51847eaed3cbde0d4facb80f92d,4089
8192,second_vlm_evaluator,visual_latent_memory,gqa_2398612,0.5,669253680806514f51ea309531fa25a7431d35fb2c1c96a6a59d8ba9d12cce9b,3974
8192,second_vlm_evaluator,visual_latent_memory,gqa_2398946,0.75,f5b6b4cf1b1f7867dbc640c2326e7053df7ec7e3835456b9a550c8ef70780e21,3886
8192,second_vlm_evaluator,visual_latent_memory,gqa_2399149,0.5,3ab2cae346d3ff5aa006c8b9a959bb134b00dce435c76576cead020d028d05d7,3926
8192,second_vlm_evaluator,visual_latent_memory,gqa_2399186,0.5,f1483932563bca624b6c82ec28b0db05fe8e08d4dcd477cd54c9ca6618d1fa76,3941
8192,second_vlm_evaluator,visual_latent_memory,gqa_2399206,0.5,cef3c52762dba52dc078b6d8ee87ce7f197615b5ae595a3907197b81e9f3f011,3987
8192,second_vlm_evaluator,visual_latent_memory,gqa_2399600,1.0,fd691c8eeae27b00336e411dca362221af4ad703fe791f944a93eb0b20cafc3a,3893
8192,second_vlm_evaluator,visual_latent_memory,gqa_2400016,0.25,2a42a0c01f63b5fe89eb23caa725ffeb5703bd8298f057177d05c936927365f3,3945
8192,second_vlm_evaluator,visual_latent_memory,gqa_2400224,0.5,8e19c0647100405564ade50b0c94c04650b253ad1edb7f0d930cc3cf86524f73,3941
8192,second_vlm_evaluator,visual_latent_memory,gqa_2400425,0.5,747a3a4085d260bbe638c5ff04af8eea1d45656143ed5d7452afdbf38d6dae61,3967
8192,second_vlm_evaluator,visual_latent_memory,gqa_2401037,0.5,b615cd9c50750918b16946024b3c7cdf3c350ab8934ffdb65c183b1952aa8903,3870
8192,second_vlm_evaluator,visual_latent_memory,gqa_2401045,0.25,4e2aecec8ba48dbae870e3ec5b8b80dd89a57dcfd074678a92f527db09c9641a,3933
8192,second_vlm_evaluator,visual_latent_memory,gqa_2401215,0.75,4d29fa3af81bd9d853b8fde5280532a49cc14667afcbd308497e999702d0662a,3925
8192,second_vlm_evaluator,visual_latent_memory,gqa_2401325,0.25,c9345bb619275a4ade63b776fa7f673c5509123f5aab079b9e1b044735cbcda8,3884
8192,second_vlm_evaluator,visual_latent_memory,gqa_2401622,0.25,26d05208d2264e4d4a12000bf221a214c070841f5715e68f4d54fdd88c9660aa,3954
8192,second_vlm_evaluator,visual_latent_memory,gqa_2401908,0.5,f1fa05a6f69d4739c83cde52d60a110fa7bcdb74aa160fd51e2f9671837dd68b,4043
8192,second_vlm_evaluator,visual_latent_memory,gqa_2402947,0.25,c104d627758e660988be00371a441156f5127312c0afb5e5a145a24d4f47cbdb,3915
8192,second_vlm_evaluator,visual_latent_memory,gqa_2403289,0.5,62e672fd7d9bd9d118fa8689f908c7d03a1ac106e1692aac61f30c6dded028b7,3932
8192,second_vlm_evaluator,visual_latent_memory,gqa_2403590,0.5,d0f35285f11e7541d8fd0fa9cef70f2eeba81742eaaef252a3150c18c6db6c63,3965
8192,second_vlm_evaluator,visual_latent_memory,gqa_2403595,0.25,b2b7c86a3f46d7e6b10ea160555bc63242d0235b8ca056cd9ad47da860b20e2d,3961
8192,second_vlm_evaluator,visual_latent_memory,gqa_2404030,0.75,f459967124c4a05098ecc9897f16ff625431e861cb914346a152d475c6977980,3922
8192,second_vlm_evaluator,visual_latent_memory,gqa_2404130,0.5,c2459057ec150ddc28b1412e1f3d53fbeac09d520f997888f2a1430a2a834180,3902
8192,second_vlm_evaluator,visual_latent_memory,gqa_2404215,0.25,5cd4b137a28518bfc0650f375cd824f875819a0a0a508e0b63fe64a528a1fdd9,3974
8192,second_vlm_evaluator,visual_latent_memory,gqa_2404539,0.0,444e4e63cfbf12822f0cc888839314e4cb7c1623d6b77279599eb04c428e5953,3928
8192,second_vlm_evaluator,visual_latent_memory,gqa_2404666,0.5,4c432ff429f5f86b35d75f1e8fe94790b9495b49f319351bac3c9718e04f2b2e,3862
8192,second_vlm_evaluator,visual_latent_memory,gqa_2405032,0.25,41197fb12f28f1d4e0cb648435ae8b0a19b60a5c487fca8ef0c174aeb0ff48b5,3913
8192,second_vlm_evaluator,visual_latent_memory,gqa_2405174,0.25,5364af1f33fb6eeacdc148b374fe5c6e8243df5a44b288c7b2a142a97961239b,3915
8192,second_vlm_evaluator,visual_latent_memory,gqa_2405197,1.0,4b8159fae0ffe3cde99ee6d7103704427e20f95f0cbed37fc0744069df9c091b,3271
8192,second_vlm_evaluator,visual_latent_memory,gqa_2406620,0.0,5c603c127c3068825249edc2cff872484cc1b1e0d789a76ab7a97d114be50019,3961
8192,second_vlm_evaluator,visual_latent_memory,gqa_2406736,0.5,8817e6f90eb26ed13f3e64298a9d299dc367d9552d2d91180e435315766259e4,3869
8192,second_vlm_evaluator,visual_latent_memory,gqa_2407284,0.5,0d0ba48cefcf2a78b8842c4c14863582e1c45d193484f47d971939673a9e6abb,3983
8192,second_vlm_evaluator,visual_latent_memory,gqa_2407415,0.5,bf44c37978621d4415242040e947aa97de503f86bc18f491cbf85f102d63f7d5,3931
8192,second_vlm_evaluator,visual_latent_memory,gqa_2407473,0.75,a86c615f111791505a073ac949ec771a3d761aacecd6a131b4a459d668544757,3950
8192,second_vlm_evaluator,visual_latent_memory,gqa_2407481,0.0,901c697f363d0d1c20bce45022a30e278f46572b1c20c34d4a329d9a542f86e6,3818
8192,second_vlm_evaluator,visual_latent_memory,gqa_2407802,0.25,a3310d45cab5985d51e1323130297759d07db00f935f04a272cae9d374cd187e,3942
8192,second_vlm_evaluator,visual_latent_memory,gqa_2408048,0.25,2830a6510559e2c83f03d78534b9d4c5be22e4eca986360c170af8a149e243dc,3975
8192,second_vlm_evaluator,visual_latent_memory,gqa_2409068,1.0,c16bbc5434bcc49e6e5d33d63df00d269274869fa46945e200389794e7b53910,3817
8192,second_vlm_evaluator,visual_latent_memory,gqa_2409346,0.25,3160521dffeb928092f460dac7cfb7d10f1f7d63655f611dbc108941d185269f,4004
8192,second_vlm_evaluator,visual_latent_memory,gqa_2409395,0.5,7cd96e071595a29e60b02c4ff59791a3c359997e09988ca51a02a669a9b7c6e8,4034
8192,second_vlm_evaluator,visual_latent_memory,gqa_2409472,1.0,ff3289e23805936dcbae293845cb8c3cfccddf7acb9f003d8491b30bba83a1c9,3904
8192,second_vlm_evaluator,visual_latent_memory,gqa_2409967,0.5,7a445afba801db71b58519ca0e42081ee902ed41138447a3f3db967a7311ddf7,3924
8192,second_vlm_evaluator,visual_latent_memory,gqa_2410150,0.0,8a276433b50662b71f755153daf3907744900b81d4c0b7e1ae1cdba21b56714a,3961
8192,second_vlm_evaluator,visual_latent_memory,gqa_2410472,0.0,530d4160b108cde514bea6f4a52636daa5f55b38fb5164c6425ff1690f984a10,4005
8192,second_vlm_evaluator,visual_latent_memory,gqa_2411058,0.5,68487788066e0e9dc101e82687018b7676f52f97cf5a2960b214aec7cf075a92,3843
8192,second_vlm_evaluator,visual_latent_memory,gqa_2411222,0.5,a5804994399e25d67569735a16eb779156a91e4c0452e2515b451f3becd28f1b,3931
8192,second_vlm_evaluator,visual_latent_memory,gqa_2411437,0.5,fd496507731ccf257dc6f1850ed91835bbd9b5f4eb581156bb680275cf0176b0,3899
8192,second_vlm_evaluator,visual_latent_memory,gqa_2411812,0.25,e10c5a81e6c8d3436b01dbd19c0298a4b9a6d0c1159a7639bd1add76e8e10a18,3977
8192,second_vlm_evaluator,visual_latent_memory,gqa_2412131,0.5,a64a4ac56e837ef38258755a7a4b6bcdc1e437f060294e704c4292c1a391bb1b,4055
8192,second_vlm_evaluator,visual_latent_memory,gqa_2412204,0.25,50128a4336dbd97e2ab2b6901c7dac18e4c33058dc85800d66adc9f9be76583f,3894
8192,second_vlm_evaluator,visual_latent_memory,gqa_2412339,0.5,4c246036e6fa0591ef2dcd918a72024254d6c9a07e5478a752459f7eec63d43d,3894
8192,second_vlm_evaluator,visual_latent_memory,gqa_2412511,0.5,bf077e4767993850a0484b84ddd599cbe14aa611163dcb670518fcef74a1826c,4024
8192,second_vlm_evaluator,visual_latent_memory,gqa_2412542,0.25,bdee054043e0110fbfcfb54259890c7bcb12e3a2529479162a667ddc0c091bad,3910
8192,second_vlm_evaluator,visual_latent_memory,gqa_2412554,0.25,440e1b996755c87b83f6d3c363c4836702977206f39c6ed2b418845368e8e4b8,3920
8192,second_vlm_evaluator,visual_latent_memory,gqa_2412648,0.25,8484a962ebe5c74756eae82fd7f04fdd3cbe8963d22e06a9b92699005737b9fe,3943
8192,second_vlm_evaluator,visual_latent_memory,gqa_2413325,0.25,afdeef91952972e05aed62be0188bbaa651ab412fb210edabfbebce13325d636,3934
8192,second_vlm_evaluator,visual_latent_memory,gqa_2413380,0.25,702356e8832900c7f2ca47012e1e94d805709ca7f7b13f25ccb53c6c8c5dde73,3962
8192,second_vlm_evaluator,visual_latent_memory,gqa_2413428,0.5,9bf9b96a5ffb040b0b14cfd622e923c35c818c31ab1e78a156159005143fa6b3,3877
8192,second_vlm_evaluator,visual_latent_memory,gqa_2413503,0.25,1735912f691f10bf2d9cb98bb601f8bf764e320593ee1f43798d34151d5ce833,4017
8192,second_vlm_evaluator,visual_latent_memory,gqa_2413957,1.0,9003d14cea3084624834426001fc79afff083b2a07ceaedb4b309fd246022c3a,3879
8192,second_vlm_evaluator,visual_latent_memory,gqa_2414149,0.5,5347f6371b220cd487ba42f2814235d819b815dea9302c7ef3eb8be2017849f4,4002
8192,second_vlm_evaluator,visual_latent_memory,gqa_2415921,0.75,c869ab908be068cefad4854fdc9b66d96f08da396cc477d8840c60974d3361b2,3920
8192,second_vlm_evaluator,visual_latent_memory,gqa_2416038,0.25,788cf0516ad4d1df85e29a66f1b21259a5cb9ed54073f7464445edf9a8abce84,3842
8192,second_vlm_evaluator,visual_latent_memory,gqa_2416080,0.5,52e61cb7bca7037372fcdca28f759d09f8dafe9b8b04bca682721c6cccafd9fa,3928
8192,second_vlm_evaluator,visual_latent_memory,gqa_2416156,0.5,2673e959a3aa15da16e39b184354544eb0fe4367009640604f903c1a2d364acf,3889
8192,second_vlm_evaluator,visual_latent_memory,gqa_2416484,0.25,f8158196d70d05a1ec2552506c4c05a70d5fd84fd78fc84b2fa36541e2642688,3893
8192,second_vlm_evaluator,visual_latent_memory,gqa_2416524,0.5,480f0a6560e81df5a354b4b31cfde77b11f7e2cd9313496348fbeedc26d3b0ef,3845
8192,second_vlm_evaluator,visual_latent_memory,gqa_2861,0.25,2f38ed4ad907aa6131732a646154b804c6548d17223f63f45dfd0b96eb7ad41e,3995
8192,second_vlm_evaluator,visual_latent_memory,gqa_498006,0.25,d9880089578aff3641eca76ca15cb92a35c5fcb661273055fcdae07167a933d5,3951
8192,second_vlm_evaluator,visual_latent_memory,gqa_713795,0.75,d0663aecaa5e2b2adaee27e8413bb303810f22b292941539682c20646f036a42,3954
8192,second_vlm_evaluator,visual_latent_memory,gqa_713928,1.0,aedfce2bb3be3623d52acc8ef78706e9117bdbaeb21f097125f171daa6f998b9,3905
4096,second_vlm_evaluator,webp,gqa_150292,0.5,178dbd00536ed66f60a32855015a77dfcea6f79970e78e83366fb6c04730351d,4072
4096,second_vlm_evaluator,webp,gqa_150295,0.0,207a94813cad6253a6d7fbec3882b005d1846db02f38d9aab5a2bd10b6325a93,3944
4096,second_vlm_evaluator,webp,gqa_1592103,0.5,5216efd9e826faf9b09ffa00673d3fdac419d02dde9cbb409da0b065a8420645,3736
4096,second_vlm_evaluator,webp,gqa_1593007,0.5,eb444561851f23c07aa2013ca413154dab362fbe56f634d68fc2fc7e9105248b,3382
4096,second_vlm_evaluator,webp,gqa_1593177,0.25,ea0f3688c603a847a6b30674c6e9af70866e1f6be474bf480094ce64a358020d,3790
4096,second_vlm_evaluator,webp,gqa_21,0.5,8a61aadd9f9bd5bfd3d826887b19657659df281bf6ccdb739890d2d37cee226d,3274
4096,second_vlm_evaluator,webp,gqa_2162,0.25,b32a9772a0d652a5804aae389034a7db336d6fd251c3427090b15596fc05fd9d,3412
4096,second_vlm_evaluator,webp,gqa_2315383,0.25,36255f6cd6e675d3edafb01680680b2986ac5ce2d8a40e74a43c789ae8d85b9d,3802
4096,second_vlm_evaluator,webp,gqa_2315569,0.25,4f55532ad3cadba3b6a150efa820c545f5892ac2f8ebc178833786c7525c2372,3936
4096,second_vlm_evaluator,webp,gqa_2316535,0.0,a92b989a4a6b086ab8f26f8d6252e22617e566f256000eda3cf8bf6dce8d13bf,3290
4096,second_vlm_evaluator,webp,gqa_2317060,0.25,6c57c437c3b7a3219bbef1d770a15fd96c9509847fda385a1b3760e49bfc7168,3664
4096,second_vlm_evaluator,webp,gqa_2317411,0.5,0b65ec99c452e6894692c47fa65da2bbf6c011e43626f6bf4f329786aa54a2f3,3952
4096,second_vlm_evaluator,webp,gqa_2317542,0.5,be66ddd570f8a2244c4e0030b702fc6853d69427cc7ba8910e403e4f867c7e18,3768
4096,second_vlm_evaluator,webp,gqa_2318349,0.5,f14b17ace0fdb54007c3cfa18729f63845e4ed53983e2085fa2906fabc7e79e2,3432
4096,second_vlm_evaluator,webp,gqa_2318586,0.25,5b233dc6145414c8e0a01a21fb6f7de8ad3e3a833b63c2759ebffe11c6b2b9e8,2630
4096,second_vlm_evaluator,webp,gqa_2319715,0.5,78845bece237c76540aa02834cf4646e67ee7d921517855480d86429cae98b72,3022
4096,second_vlm_evaluator,webp,gqa_2319755,0.5,351fb411c3b31c4d5677ba316d3dc6298ec97f950a6fccb5dbd494a1ad225262,3482
4096,second_vlm_evaluator,webp,gqa_2319825,0.25,81612cf6f5ce51e63b926d8ff568cc5ef44186835066d0a9496066f798194c15,3630
4096,second_vlm_evaluator,webp,gqa_2320260,0.5,ecb99b1a905833ad82854d5906c799b75ccefd69a8eb4952e5fb754a0ab31701,2954
4096,second_vlm_evaluator,webp,gqa_2320864,0.5,659f401ff0e8780538e80594e5768a51e373bb84693fea743b38bc521b25892b,2858
4096,second_vlm_evaluator,webp,gqa_2321166,0.5,60672c9f38eeb55830d81f4585339b315f4323b812393982b78f053b0a8fdba8,4020
4096,second_vlm_evaluator,webp,gqa_2322185,0.5,b13e8e722689ade46adf5260639ad5bb7d4d49354e52b6f681c4bb44454267f1,3864
4096,second_vlm_evaluator,webp,gqa_2322244,0.0,a55536155900805194ee763441dab6db1628e5815e88c4f8b7b377fcd7d6ae27,2356
4096,second_vlm_evaluator,webp,gqa_2323032,0.75,d9ca3c37e0fac20e95999ffc94d40f0da70c768dac3c2f90e4e842e66d5c48ff,3144
4096,second_vlm_evaluator,webp,gqa_2323780,0.5,27c6a28b7324e7d565d63e34f658d1ca5504f0dba928ddb7b3a2d186f3ba6e56,3372
4096,second_vlm_evaluator,webp,gqa_2324119,0.25,fde3e9dd2de142c53a4384a195d83993e9d2b67c76716ea16f41738e002b8e4a,3194
4096,second_vlm_evaluator,webp,gqa_2324322,0.75,0485c787a0f5e9c9fd40fc07b6fc00047c6915150b9072e58e9e637c5891fdda,3150
4096,second_vlm_evaluator,webp,gqa_2324466,0.75,67915ff1076d9462326f2d8cf20e89ae34b270e4c217360a7e13ef81dd9194f8,2758
4096,second_vlm_evaluator,webp,gqa_2324606,0.5,2a5e3f719a3249837f815ecbe22dd765c1f7b8a25a00f7105ca844e94a5127d5,3818
4096,second_vlm_evaluator,webp,gqa_2326436,0.25,fae03648e0cf0b49a6916fe5b6e9f4ff8e0403d60f8822b4931053827da33d7e,2424
4096,second_vlm_evaluator,webp,gqa_2326899,0.25,469abca0942b377e02bd61cebf7f8ec960af2afa8b10a2da6fec00b945af7bf5,3204
4096,second_vlm_evaluator,webp,gqa_2328171,0.75,f18c19a7deb0c415dfa05d07c1015085bdfa1a3a50d9541db6305a5859eb750c,3922
4096,second_vlm_evaluator,webp,gqa_2328273,0.5,062d09a289cbe4dc7ee7b7c7e1953c0eb6009c0c089f460fd57887bbf00754e6,3494
4096,second_vlm_evaluator,webp,gqa_2328788,0.25,c28080e0cad5c06d1b8f58548312a948781a0558896d7f39c072800e0ee3b796,3078
4096,second_vlm_evaluator,webp,gqa_2328825,1.0,b2f8cc19f3de85710ea2d43e970174ecdcc539834dcf8cf59c4502bccb100a3f,4040
4096,second_vlm_evaluator,webp,gqa_2328879,0.5,0ef6b6b418e3983cbdc535c260786b11b3c2895b53d5d20b9315c39962f93255,2656
4096,second_vlm_evaluator,webp,gqa_2329566,0.25,8a13e1b2af51a46abec680052d1de346fa087912d47a0dcb5fa7dea3e9676e9b,3784
4096,second_vlm_evaluator,webp,gqa_2330438,0.5,84840e9b96c136d1d0bc2729d3ed3a4754aea59e96c32d9febb0f1b4e3a06417,3514
4096,second_vlm_evaluator,webp,gqa_2330917,0.75,762243bd1d735bb9607219a70b5827a09d096d06d3b851e4a536c1cd1a144e66,3222
4096,second_vlm_evaluator,webp,gqa_2330972,0.75,886d72eec0d45b435a2467e4dfd4fbcc4fdace82e37230c009bb277bd8a03f53,3278
4096,second_vlm_evaluator,webp,gqa_2331876,0.25,d7bece28640fbc223c1bc19aa890cd917eb013d08674776376ea1fff3d9bc077,3684
4096,second_vlm_evaluator,webp,gqa_2331963,0.0,ba5d54a15c7c04c9836cd1318c45a345901d0c432844fda543c76fa757453391,2472
4096,second_vlm_evaluator,webp,gqa_2333075,0.75,ebb4a91149e6d868c6de52a3d71bb863c9675323aea71db559ffb17128c3c6d7,3642
4096,second_vlm_evaluator,webp,gqa_2333428,0.25,abfa8d51fcf05ef75ba6a4f4091cd3dcfcbe2f3777b53c9e3695241be51ec605,3404
4096,second_vlm_evaluator,webp,gqa_2333525,0.5,3d0a417b9172152c8921206625012108012f3cd1043446e18b71b673303c00fd,2698
4096,second_vlm_evaluator,webp,gqa_2333677,1.0,deb4c3ba284e5020cd60225870a5ac52f741e8ddd43945ba7b896609e83c6878,3664
4096,second_vlm_evaluator,webp,gqa_2334914,0.5,e65d72b2c5fd7528aad8415c1c46ae9d4eba374368f0657359e5efc1a6d03f0e,4070
4096,second_vlm_evaluator,webp,gqa_2334989,0.5,0a41c70d1037de5c720eebb95f94592d8cf5545f06c1c3229ca23d6024e29403,3576
4096,second_vlm_evaluator,webp,gqa_2335384,0.25,772b6f85e5fe30ddda985976edcae551ee2736ac64dad4cfccfca88e07ffda15,3808
4096,second_vlm_evaluator,webp,gqa_2336817,1.0,5424c9e268978a224944ff76c7fddc945ebdf4cb06c797141ee61028de993a94,3460
4096,second_vlm_evaluator,webp,gqa_2338336,0.75,4f0eaf5c55e04d2c6e4163fb94343ddd170f8127055441049756fa4cdc6c7adf,3564
4096,second_vlm_evaluator,webp,gqa_2339471,0.5,15a6b40ce7561234997f39446d0e3127f9be40e688a8a399a0966bcf67914130,3934
4096,second_vlm_evaluator,webp,gqa_2341361,0.5,4079fe688150d7ab2a8e83d45fd7982b29c34cc1a09bc38f6c6a1577b85ce77b,3864
4096,second_vlm_evaluator,webp,gqa_2341476,0.5,7cb4ea5e2723a24f9932cc0dd4d8b3750dc0e48fec95b8073ee28c95aa104346,3750
4096,second_vlm_evaluator,webp,gqa_2341576,0.5,4d9917b599cd8f37ef4cdf8871cfb03adca4d3021342744e922bea3754d77ccf,3796
4096,second_vlm_evaluator,webp,gqa_2341611,0.75,46b6230b341d1e54ced0285d2021d5df22f29b624d2651e70c4d562b56a074a3,3908
4096,second_vlm_evaluator,webp,gqa_2341637,0.5,a62e8df1b040c89ae65d86ac2ef2f4ed73ea692a89e7282a70dc3eb851a87196,2920
4096,second_vlm_evaluator,webp,gqa_2342147,0.25,9e905800436e9dbbffdc491a80605090d670c93b7fcbfe87f40f1094c93c81fa,3840
4096,second_vlm_evaluator,webp,gqa_2342323,1.0,e84eec2ee6c213c6f739cce5a3d843fa7ea86316c21f1d2c941c78017dc6fe08,3922
4096,second_vlm_evaluator,webp,gqa_2342333,0.25,da4ee080357192ff265de877021fa798a577e7d501b5a3d2eef7070033aa50cc,2528
4096,second_vlm_evaluator,webp,gqa_2343201,0.75,85aa8e093a36b74bc11357b9276560d7a9c56a7e26ff77830d66fd73b9324749,3898
4096,second_vlm_evaluator,webp,gqa_2343287,0.5,b63ce618d0b37cc6ec8aa52b58fa0c5991224fefd82232c78ef448b154fbbca7,3166
4096,second_vlm_evaluator,webp,gqa_2344297,0.75,7cc3b03b2704115f8c7c430e785b3f0698cf37c25767d45849a724e4a1e92f2b,3442
4096,second_vlm_evaluator,webp,gqa_2344488,0.25,003ab41856804195ba3f1065e16f85dfbddd043e917f67f8b78120c91af39d63,4088
4096,second_vlm_evaluator,webp,gqa_2345081,0.25,dd9d39dccd28e8aaa697530220f6c7dacedf650251c30f9c70bc444b49757faf,3496
4096,second_vlm_evaluator,webp,gqa_2345482,0.5,73bd84b5b67eab8ca402d07a5ccd543523d117fac10b9a23ce8025e6258e7865,2580
4096,second_vlm_evaluator,webp,gqa_2346467,0.5,860c1efa7123cbfdded36969229f0941c69c9246839de601ea6ad55d78821632,2888
4096,second_vlm_evaluator,webp,gqa_2346957,0.5,5319e30c25666aa9faf41d1fb6638c748344f150e8a26a2f425fbcf24b0667ca,2476
4096,second_vlm_evaluator,webp,gqa_2347367,0.25,d3baef7103c8428e22c6f2506664ccffdbbf4ad7ddb67df699c3d9644db83b1a,2556
4096,second_vlm_evaluator,webp,gqa_2347450,0.25,ec2cb7edbe830e88289282d773143df3e590e5263fe6bb5275dc32779b8fd74e,3000
4096,second_vlm_evaluator,webp,gqa_2347772,0.75,e66772ad688a97d89e830e1507200df92af6c4fd2844fea960e0a66385556002,3692
4096,second_vlm_evaluator,webp,gqa_2349334,0.25,5ba92bd0cfa229a83b959fceebe6a7211a99e96fd0da7e62d404a2df1bb47b1f,3268
4096,second_vlm_evaluator,webp,gqa_2349746,0.0,07f44c93d60dc64c678ec8d68586047b4bee13f2249a173ead38ac9e2c3434ce,2760
4096,second_vlm_evaluator,webp,gqa_2350006,0.25,edd65a966018a7e045da0eb30d571f341fab7ac6c4ed5109d1df49f16e188f72,2886
4096,second_vlm_evaluator,webp,gqa_2350743,0.75,a7d543c549985a852e9a40d7d7a32ab0c485797c88585bba77ea1530d7ef6c14,3638
4096,second_vlm_evaluator,webp,gqa_2351967,0.75,c7bf96aea5d9581f46d15c50c8fa063c87e93b5d7253fc15e09b2ac29977f06b,4094
4096,second_vlm_evaluator,webp,gqa_2352092,0.25,f48285eca670b8c5c0882bce16161ba4801f6ecb5a13adcd35de1709b643b5f0,4092
4096,second_vlm_evaluator,webp,gqa_2352324,0.75,2303db69a8cc0c1f28e238863929e52b90564749ed1446526fb1fbc6b41fc543,3986
4096,second_vlm_evaluator,webp,gqa_2352785,0.25,887084ae6155ee37bf94b7944b75e0134e6199d00ede916148ccdaab74db4080,3352
4096,second_vlm_evaluator,webp,gqa_2353322,0.75,391a8407451f51103ba9fa014fafa70d9687a882cb3dbded0643e9fe81af1e6a,2864
4096,second_vlm_evaluator,webp,gqa_2354715,0.0,45443886ea71e1ade0fde73c720999e92cba6e301fffcc9ccc6a89f568b27434,3514
4096,second_vlm_evaluator,webp,gqa_2355212,0.25,eda2f91931e43c4cbf17a357a76e9926c4c0718f9f0611d6c5ef61dd0d7a2878,3782
4096,second_vlm_evaluator,webp,gqa_2355385,0.25,14bee52fea9dfadd09c6b33ca2a1ec6df897eeee4f39fa7ec6e098561cec3644,2784
4096,second_vlm_evaluator,webp,gqa_2355528,0.5,5b33d1819c9a7b4db35c091f818f9f647f27dedb7bf0f26260ba5a18ed011cbf,2520
4096,second_vlm_evaluator,webp,gqa_2356041,0.5,644bf220398fea23a7ab3d6c6ca55aa0836e167ab63aa45510f19b29063ee14f,3632
4096,second_vlm_evaluator,webp,gqa_2356089,0.0,05402f09f8827825706f1133f9cc133a25afc942e9121e0f6703f81245b96a90,2656
4096,second_vlm_evaluator,webp,gqa_2356227,1.0,49a51ac9313a63dc1536c5b42decb0f3a151cdf24a60454ea55ac3aa1bbc4311,4046
4096,second_vlm_evaluator,webp,gqa_2356577,0.5,7c664764211bd61d859c592b2709eef4b4257825e4a30765760d61da06bdfa0b,3520
4096,second_vlm_evaluator,webp,gqa_2356747,0.5,4088e9a6c51e538defa8e7e9e4e02b86694cbe4e577df08766791af2919db53c,3878
4096,second_vlm_evaluator,webp,gqa_2356833,0.5,aee349a429d4a9338f6082832048c194a350a4a1e5d6596516926e9dfc97071e,3444
4096,second_vlm_evaluator,webp,gqa_2356972,1.0,cb247110caa6a7b4916600753f51824eda6c5be976a449809d1d3de410bc446b,3684
4096,second_vlm_evaluator,webp,gqa_2357882,0.5,383bca3e2eb3f35fec18adbfce3023bcbbd08ea6f8dc16461cb6448b87cc87a2,4034
4096,second_vlm_evaluator,webp,gqa_2358111,0.5,c679b8f21366f4c5c734be0cd22197eb7a70943c9134ffe92071cc0df13f1df1,3840
4096,second_vlm_evaluator,webp,gqa_2358186,0.25,c1c062b3faedb56eedef0268e1de5aa3144bea856aa840e6b34d2c64ef365b72,3474
4096,second_vlm_evaluator,webp,gqa_2358464,0.5,5702be9df8ba9db8247ad9ac6b00180798c2ac56ba4574e2a565932468aa606e,3516
4096,second_vlm_evaluator,webp,gqa_2359192,0.0,33b6ebd9629e590eb9a5ef3f1366dc08d2e38c5e65c9dc0bbe6213336f7ec2e3,2892
4096,second_vlm_evaluator,webp,gqa_2359195,0.5,935330a0eadad7b7ec4693b05d8fe8cab71ba32e29805cb30a7a94d75ee9a6a9,3876
4096,second_vlm_evaluator,webp,gqa_2359351,0.5,ac3743eda12d93597e343d352460a0f83ec5fda9759b6edd6c2ca5c5bb87ebc5,3136
4096,second_vlm_evaluator,webp,gqa_2359470,0.5,4e421478368eb87d2cc49b96cb108c2ae77ea57fc3ac457167fa7e70615a6648,3828
4096,second_vlm_evaluator,webp,gqa_2359924,0.25,11d73fff65ddd7239a93fd4cfcbc9f330f5658030714a409595efd0cc4cb6aeb,3198
4096,second_vlm_evaluator,webp,gqa_2360103,0.75,83956f98d70c88df9a421346149d81dc98cec51083ed4415d45d7cbb2f0c47e3,4078
4096,second_vlm_evaluator,webp,gqa_2360831,0.75,acec4fe469e052d1fa3d650f4ec7d0575e85b265839336efc3f5f406e892f2b8,3940
4096,second_vlm_evaluator,webp,gqa_2361815,0.25,e5e36fb21dd0e11cdeeced191e4618490aab72227f520f6216575548232e3f36,3964
4096,second_vlm_evaluator,webp,gqa_2363074,0.5,ea2e2d9b6fa752904770d77f14d2f9b8bff91a76a86af31401d240ec4c550681,3292
4096,second_vlm_evaluator,webp,gqa_2363203,0.25,0be249eaac78d8cc6beed92c53b4f0ff2920774866b771a87dddd4b2197891c4,2902
4096,second_vlm_evaluator,webp,gqa_2363269,0.5,5792a5807594f78e17cf1e00c97f9cbf5d8285f3388f4b3b5c357565c05ad7c5,3876
4096,second_vlm_evaluator,webp,gqa_2363444,0.5,ec2eb2bb662cb90bf14542c1e75cb3f917ef97f54a3f6ce19ca223ce8f8d9c8c,3318
4096,second_vlm_evaluator,webp,gqa_2363706,0.25,dc735dcf0df27612ca4591588ed4ba51d046c8ba40e475a2946e2f9e5a25f871,3352
4096,second_vlm_evaluator,webp,gqa_2363979,0.5,f28c8de48d3c6932312cbbc7f46e98ca94570089da6ac23e57c793069c8efc44,3670
4096,second_vlm_evaluator,webp,gqa_2364335,0.5,26a6e10eb3c4b00ff7bca52da1f4e834c4f895bda610c62b32615755d522c5d8,3412
4096,second_vlm_evaluator,webp,gqa_2364614,0.25,a9350337ab1c8a27fee0db8775fffe543541d263671635e3d2ff2a7c31463274,3300
4096,second_vlm_evaluator,webp,gqa_2364774,0.5,f003f4fbf7cde50f7a79be664e6fec51e4affd62c0f8ddf1103557b6bf9ec29a,2536
4096,second_vlm_evaluator,webp,gqa_2365176,0.5,9e3e1836b777570e302c2bc1b481cf7a71a865f407dc15f1d61474f9c9d94609,2590
4096,second_vlm_evaluator,webp,gqa_2365398,0.25,c6f7db393ebda4812c44d542da54b04ea54e0339fe7bd4595b7aab70517e0c1b,2722
4096,second_vlm_evaluator,webp,gqa_2365435,0.25,797d2226f9c365842848c76dbabff9cd3f5363cbebaa27ce73fb3969bdcfc2ef,4028
4096,second_vlm_evaluator,webp,gqa_2365505,1.0,a46f00ba38acccd3d2d351f20a63a513d1991dd15cf7b5e125c019c047eec1b6,2512
4096,second_vlm_evaluator,webp,gqa_2366157,0.25,1a733d1da555e6c9286da18dd068d7a88d0130c98c5a64f0e4876ed19b7f937b,3484
4096,second_vlm_evaluator,webp,gqa_2366510,0.5,7bed01d81d9dec6935b981a78987f4ffa39ef94543b5701d4870c85741be1ed1,3640
4096,second_vlm_evaluator,webp,gqa_2366645,0.5,3f0b81e718223a33e1deb199efc4ae50894fa6423c6ff7ed7398215f85e47d35,4014
4096,second_vlm_evaluator,webp,gqa_2366958,0.75,5d93027d56623bdf7eac2dcd4f39f6a155a1a28e5fcf9b0b35fcf11e6c7ee4a3,3718
4096,second_vlm_evaluator,webp,gqa_2367190,0.25,8d7b38d3755bb6ead2804c65818cbdfe4e2934d0e79944289f5cbf573273bd2b,3946
4096,second_vlm_evaluator,webp,gqa_2367328,0.75,29d78b84eed7a4c34fba22ace4dac765b06676c0ddb83630a13a2c5ec278c172,3352
4096,second_vlm_evaluator,webp,gqa_2367639,0.25,43f14790a5e9c5aee468f7011669df282e62fc25359a3b1ceda1839b769e5052,2838
4096,second_vlm_evaluator,webp,gqa_2367770,0.5,ce93680072cf13a032a97434ef1844b840df5d627f4ab4d7172f98ba5e591c19,3466
4096,second_vlm_evaluator,webp,gqa_2367977,0.25,868ebd8029a3ac3ed90ff42a1def39a015ce621b189f3b11aa8361c425be8779,3542
4096,second_vlm_evaluator,webp,gqa_2368884,0.5,1e86c9cb07d27944ab5a817c10c0321d5fb12d619f63e57bca96662ce09b851b,3622
4096,second_vlm_evaluator,webp,gqa_2369906,0.75,27b3b9bc58c520cec244d219964f007e6a119db530f9d4ca1e6c97b38f76bdaa,3928
4096,second_vlm_evaluator,webp,gqa_2370047,0.25,44fc87bbb78922c672272b09339e2963ddca6e8cdea78424a13b08d2d3437339,3410
4096,second_vlm_evaluator,webp,gqa_2370242,1.0,b81ab4adea1e2498b56bf0580dbd60a0831a9a6c6c7b83d81d00ccbbb84825b2,3756
4096,second_vlm_evaluator,webp,gqa_2370329,0.5,2f7e8b13a04cff54a69a3a1081c4c1a0bf3a4d7c0463d26104b65b8a3289e5ed,3616
4096,second_vlm_evaluator,webp,gqa_2370859,0.5,fac2d4bc3b5c601e61093716ead3f5e02e8691906e8f60fa3b7fb9503eb004d6,3932
4096,second_vlm_evaluator,webp,gqa_2370968,0.5,27fb3df164f1424e740deb519193871f79d7e744a32ef9bfe2e6c069a52db7b2,3400
4096,second_vlm_evaluator,webp,gqa_2371504,0.25,0858ceb63f6aec341e4638af6409626cfbf81ddfadc22fef99088397df8df4ba,3870
4096,second_vlm_evaluator,webp,gqa_2372977,0.75,a973f6ddaba443c42cfdeb65ba5b208a76e6ef05df69f1df78d4131fa9890b9b,2454
4096,second_vlm_evaluator,webp,gqa_2373259,0.25,a4be702cc241fcc48e4cae4f31e6e218d641b931452b10f3f9fa34a0f9f8da20,3054
4096,second_vlm_evaluator,webp,gqa_2373271,0.5,25be6f059e3267ca29301fe67484415de1641cbfe0ff69a67b5e09b602cd9632,3448
4096,second_vlm_evaluator,webp,gqa_2373294,0.5,8052d6897f69caa491a301f2cec2cd78ac39e0e437b904d203da2a85ee9040e5,4022
4096,second_vlm_evaluator,webp,gqa_2373590,0.75,0a3dc6b50f213d41e8a9a8511a0671ac07c44096463cba532d82b47c51cbe9e8,3790
4096,second_vlm_evaluator,webp,gqa_2373592,0.0,c91ea9074dbdaa5f5306a21a1482ccb1c01ae23d2784d9844956170ef9a8138c,3152
4096,second_vlm_evaluator,webp,gqa_2373967,0.25,5f679649cbe108675412bf98a4a6735e71dff265bcc3e67db2fce9601dc3aaac,2616
4096,second_vlm_evaluator,webp,gqa_2374540,0.5,3ee9e11727d91d8031fed98ecb659487698cb5451fe16afa149f5944038ed4dc,3826
4096,second_vlm_evaluator,webp,gqa_2375091,0.5,5837d58582f954f0120442577552c0113b3cb49289c633595003f0379d514fd7,2850
4096,second_vlm_evaluator,webp,gqa_2376266,0.5,0d42f99734a0d4717742d7120866c9d13e3bec55456e8cf15018a5cd75cb8760,2488
4096,second_vlm_evaluator,webp,gqa_2376766,0.25,8b04f9e3af5492faf24fd7de7d33f513f6fa1cd0bd958e0adaf168e493a18f62,3586
4096,second_vlm_evaluator,webp,gqa_2378273,0.25,8672b79634a5d537b7fff32d1cb1048da671a6703a3d6e762316eefd7f737e40,2478
4096,second_vlm_evaluator,webp,gqa_2378436,0.5,ea2fa6f1e6d5ab7b038cf0f4eaf01c780a6c942f5d694b597ff534832ecf039e,3950
4096,second_vlm_evaluator,webp,gqa_2378739,0.25,df70770c0474cb55cf7b34f2d3d678f42a700141c82eefba26a27dd96667f256,3748
4096,second_vlm_evaluator,webp,gqa_2378917,0.5,d09b9108193b82f7e1eec8f466bd32e46620e597f8818df4b7e307731bb15ef8,4064
4096,second_vlm_evaluator,webp,gqa_2378984,0.5,7c86dfd34fc3c2ba27ce26c59d38ed867c09597a8b17c85d0652a28ba3c16310,3252
4096,second_vlm_evaluator,webp,gqa_2379178,0.5,0560accb1cfb2cf31ab6605e7c085570da0ceb569e8b621de6a750a5bed322f2,3326
4096,second_vlm_evaluator,webp,gqa_2379791,0.0,89210853004b796a45e9e35d34a9ba419791aa6e616cc380562cf2e99db7619d,3562
4096,second_vlm_evaluator,webp,gqa_2379897,0.25,b6419177cc143c5a6f35094edb9ae3b8b90835b1249d6d195ec2e870c506473e,3610
4096,second_vlm_evaluator,webp,gqa_2379906,0.25,9a870db8b747855b04a0c127fffb10e1135ea2a9e4b40885d5d4275a6092190d,3236
4096,second_vlm_evaluator,webp,gqa_2379919,0.25,f2df5d5748ff6eeda6efb40d55a20358151d7729d645c82beb86c61b04bed84b,2806
4096,second_vlm_evaluator,webp,gqa_2379961,0.75,5b494d2becf6c560b8dacb7ecb633df760cc331b21af37046af465d6593280f9,3578
4096,second_vlm_evaluator,webp,gqa_2380291,0.0,1230960bc050c229500333b7073efec8015e04584e5d1e1597b58a695fc54d06,2534
4096,second_vlm_evaluator,webp,gqa_2380436,1.0,1a7e1c836637cf315047ef373eccea50049b2dad132a546410254de31dfc5845,3496
4096,second_vlm_evaluator,webp,gqa_2380691,0.75,edec81fc04390c242a00dcc4c5909a11b12ad42e5609e6438e0f684cd9d7deef,3444
4096,second_vlm_evaluator,webp,gqa_2380720,0.5,e6fda8d3fdb98a42f4b6d537b06f8e511d87553aa67645723f710c47ec9e0165,3624
4096,second_vlm_evaluator,webp,gqa_2380779,0.5,3ca345fb823c9770b7822fea7eed8a048e517bb3feee6b2879d60dc1edaa0957,3778
4096,second_vlm_evaluator,webp,gqa_2380873,0.5,9d89e43e5b431615404ec40f0d0da0fb680bf4158d3df3a682d9d134df40bc98,4088
4096,second_vlm_evaluator,webp,gqa_2381128,0.75,7d3a918f2c043e54237b20972094cee9c83712c53e3841b55c907cb645aaee0c,4054
4096,second_vlm_evaluator,webp,gqa_2381547,0.25,74d9f55e946ca59c8d715bdf669765b913993d0a2211b69e81e94451a807fc17,3636
4096,second_vlm_evaluator,webp,gqa_2381671,0.25,b93f95693bd8c4cde70113dc886e80ca46f26b4370b19c7991605451bd7d42e1,3040
4096,second_vlm_evaluator,webp,gqa_2382178,0.5,2c90a1b56a4af7ca8bec7149a8e0aa09af2b3ef658bd0b1c3a7aa79650c8f8fb,2322
4096,second_vlm_evaluator,webp,gqa_2382460,0.75,ac18cec215d1046263a18df903534371c4f98ccfcfda0ab1e3305e1e46bd6e5b,2418
4096,second_vlm_evaluator,webp,gqa_2383023,0.5,915d208bfae6ea3393aa29d93756aaf5466acdc09471b40666958c9afe1245ea,2946
4096,second_vlm_evaluator,webp,gqa_2383204,0.5,083d5f83da583090c861d31823bf6078721e16912d683806487aeafcf0626df7,3728
4096,second_vlm_evaluator,webp,gqa_2383269,0.25,f14e85ee9b5f6fab360787f42a60d61671953925fb51758d67bef9eb72d08a61,3516
4096,second_vlm_evaluator,webp,gqa_2383696,0.5,bbfde7b48a0105301993138e2babfd0d239a97f82e2fc28f457008f8241d7f23,3302
4096,second_vlm_evaluator,webp,gqa_2383963,0.5,f01ad4e2d5999fef162d5177ac39235f83ef30a8400814aefab4a82b287fa49b,2390
4096,second_vlm_evaluator,webp,gqa_2383991,0.5,6b881d4b2163c942bb076702628c34ac8dee5d10d86aaa33b7a8a7535eaad0bb,3698
4096,second_vlm_evaluator,webp,gqa_2384063,0.0,7ed5a39789f06e1ea9b0d43dcedc30799daa7524ee850a00ea1de96a9bcb3986,3432
4096,second_vlm_evaluator,webp,gqa_2384169,0.5,1b47cf04273d2b7f0c6b8fbaefaf795b0874c42fd41d82c1c52ffdd721c2ac63,3834
4096,second_vlm_evaluator,webp,gqa_2384376,0.5,52fa11f7dfdab9184e9b82851331e7b6319f4f2b09ecee8b19f7a402f5111b85,3990
4096,second_vlm_evaluator,webp,gqa_2384614,0.75,895cd786ff2002e6590844ec2f242ce71d1ed381ceaa47988a2399362094138f,3850
4096,second_vlm_evaluator,webp,gqa_2384672,0.25,7e3a1add0ce620138a8aa2d8e516f9d5e424fbe0c2477dde748f894a607c4790,3276
4096,second_vlm_evaluator,webp,gqa_2385322,0.5,3ecdfd8024ba7cd6d71627c22a73b5dd225a6583a6d01017e0a2ffc86e327a3e,4066
4096,second_vlm_evaluator,webp,gqa_2386051,0.25,27fc1d1cc6637e3b9b8ce4ab8d02f19abde71549fa41e2a4780feddcba97be17,2922
4096,second_vlm_evaluator,webp,gqa_2386495,0.75,0b730e06a217f543830b6ba6ca132df3243bc0c98507d23f7b942fa8df78a3df,3712
4096,second_vlm_evaluator,webp,gqa_2386903,0.25,d15da82ffaf7bed5ab1a2160164df1c6d8a3ba88789fc44b4ce529ae1a5dd86a,2116
4096,second_vlm_evaluator,webp,gqa_2386979,0.25,ccd3aa3b58875a99d910cc52032f52b112b57b59593c692e85f790fe20b5e2fc,3788
4096,second_vlm_evaluator,webp,gqa_2386987,0.5,30db008a5b9626716d5f601bd7eb94f28992ccb18ad28e7d68578c409fca80a8,3256
4096,second_vlm_evaluator,webp,gqa_2387110,0.75,b57976c8640bcd514bc135535cc73a0466ece26f6126ec8823267c61dcb65955,3388
4096,second_vlm_evaluator,webp,gqa_2387118,0.0,9c9e72e68892857a16c842a8d3ff4991db3536986f8b963b63768079b1d2320b,2476
4096,second_vlm_evaluator,webp,gqa_2387359,0.25,0160bcdd6c50b1aa6c9b80dbf64a6609ec7779dcd48c70bf5def7822f0db9d97,4004
4096,second_vlm_evaluator,webp,gqa_2388030,0.25,cbeacaac7b6af42793844e0b2fef6d3405682bde1022c24de60202f49623ab71,2666
4096,second_vlm_evaluator,webp,gqa_2388049,0.25,85b8d10ca3167d542bef73b37eba5546d61e3adbaaadae57f5a14ceeea81e69f,3730
4096,second_vlm_evaluator,webp,gqa_2388625,0.5,6675b99053b51d59a559746529969e7de07278b054b87cf932e069c4b0dfbcda,3796
4096,second_vlm_evaluator,webp,gqa_2388805,0.25,d3cc67c6d0401176e647601aee6bcd9e526b3e82d94d26d1d86d02121e70a7d0,3376
4096,second_vlm_evaluator,webp,gqa_2389312,0.25,7b77e2ca56bba7bdca7baa5953b8f944cfa104e22dc230138f4e9cd3c461448f,4000
4096,second_vlm_evaluator,webp,gqa_2389626,0.0,dbd56974607745c715b03eab939526d26e40f8c9179caa6eaea4013f84394358,3684
4096,second_vlm_evaluator,webp,gqa_2390071,0.5,51abc76e25b69d0e008a3caa3d6e2fd37240cf5f170e55e975d43b9103b68131,3738
4096,second_vlm_evaluator,webp,gqa_2390097,0.5,1be2b1fc5e5b6e2182835b3d1b78f0e0b36645c0b458d9a4afd1ef691b64b62b,3928
4096,second_vlm_evaluator,webp,gqa_2390108,0.25,007eaad50889bc351f23c8899e2bc9fb7d54bacf32b5e2c8728321a5f4895eb6,3164
4096,second_vlm_evaluator,webp,gqa_2390727,0.5,39d197e0f31a39f5e577fa7dc981cd81590a1e1a133cc1565527c0de9d55c7e2,3384
4096,second_vlm_evaluator,webp,gqa_2391406,0.75,50bbe61d33b89c38fdaaa7a8f846ccc7e66260c7f710d8d5eeb511e32bc3f9b1,3114
4096,second_vlm_evaluator,webp,gqa_2391835,0.5,eded470644680621d058e49121b7adfa4b256d2c0bbaf292aabc4c23e6d329df,3480
4096,second_vlm_evaluator,webp,gqa_2392147,0.75,91987dc305e80f2eb56b2c14528c9190a729add7829a9a648c7295d4c494ef38,3066
4096,second_vlm_evaluator,webp,gqa_2392185,0.25,e655b5410a1f21a101904586c74dcff88db5c435b8768384c4e8e530083a624c,3752
4096,second_vlm_evaluator,webp,gqa_2392252,0.25,1d5507a3de7229af69f61776303789a632685a2aab151019136628a523ba4ccd,3996
4096,second_vlm_evaluator,webp,gqa_2392318,0.25,2cc720b44a07777798a1d8e210c31230295eb94cbe642a12355508141e8f70dc,3766
4096,second_vlm_evaluator,webp,gqa_2392845,0.5,0b6398904f0cc116fd957eb538e9768fa66ea36c6ccb453029a577a2cdcbb00e,3912
4096,second_vlm_evaluator,webp,gqa_2392875,0.25,48e15d78369a4783b0b4d6303470aed18cff0fd1f26e0af36bf4f297e3e6f5c6,2488
4096,second_vlm_evaluator,webp,gqa_2393739,0.25,94ce6bbe4837c46e6ce7b863989fda87abb6e63708330db1369ad53f69e603ae,3766
4096,second_vlm_evaluator,webp,gqa_2393775,0.5,4f71885f4367ae4df068078d118e3d68c6565a993a17b468bf3d5aa6ba739744,3088
4096,second_vlm_evaluator,webp,gqa_2393788,0.0,039a6ade306785aa4acdd5857a5613946a1be81c9e8dcc8ca69274136b83ce92,3950
4096,second_vlm_evaluator,webp,gqa_2394519,0.0,cc4756853b12bf09a8899eae0c98b24811aabb150c3e683f682cf7a8a0877e5c,4070
4096,second_vlm_evaluator,webp,gqa_2394763,0.5,a1381e143a59a72ac389722936359b90eac971548b766910d65e74bf16243b7f,3826
4096,second_vlm_evaluator,webp,gqa_2394891,0.5,0bca969c74d60b48fa6e6f3f3097baf6e0aa4d32f4e49c3cefcd755d004db9c3,3734
4096,second_vlm_evaluator,webp,gqa_2395361,0.5,a7e2e300fc4f1fb2ab738c2402d7ddf7952f39f4338eab2dcb986a36e15cab98,2928
4096,second_vlm_evaluator,webp,gqa_2395949,0.25,5124fc768ae72bbed542e26a4fd39e06e9f4e479e03fe7ba17622908173432b7,3346
4096,second_vlm_evaluator,webp,gqa_2396578,0.5,98d170c6b5df25a235b5a42a46a981841366a7a305405aa177ddd60badb8460b,3884
4096,second_vlm_evaluator,webp,gqa_2396731,0.25,7d29952e8d41e34713f729cf2d35b02ad1577ee25625f495bfa5e11a41c03e87,3786
4096,second_vlm_evaluator,webp,gqa_2396750,0.25,676954f811e3b2d276da6ebe0661170072ce34c477dc037e8aaeee0261d5f912,3682
4096,second_vlm_evaluator,webp,gqa_2396995,0.5,36fc2e964cd23fade29d9ab54491d6a18d8751544d85eb411228ffead20705ad,3598
4096,second_vlm_evaluator,webp,gqa_2397007,0.5,a678e732fcbdc15b6e1d2b0bd6883d39c117605f422a6f1082888668a2431168,3484
4096,second_vlm_evaluator,webp,gqa_2398108,0.25,e21f8af1c92efe22aa3e70fa4113f572a6f41f1a0578eed8f7bcf3b3b91044db,3890
4096,second_vlm_evaluator,webp,gqa_2398485,0.25,08c5db2121c10be1409c31cbabf86e7090ea232e6c6e39a18a85bb9b10110e54,3864
4096,second_vlm_evaluator,webp,gqa_2398612,0.25,aa9c03c4a41c91b1b37041be5dea6687a658015a90e639e99159c4cdcd217732,3520
4096,second_vlm_evaluator,webp,gqa_2398946,0.75,5ed8b143eb354cc2d336dc505cdc921d32adbb3514ec8f36857502c07eeb5894,3682
4096,second_vlm_evaluator,webp,gqa_2399149,0.5,1d1d4ad1a73fcb24d400508794f60c270f82c452f35e2e2a00c597ef1ecc57d9,2554
4096,second_vlm_evaluator,webp,gqa_2399186,0.25,b7f369b4b1a75ebdde265cfb878e31b4a308795a7f61f4f749e52252be2394bb,3040
4096,second_vlm_evaluator,webp,gqa_2399206,0.5,781b1ec4648cd3765b03b18958ca1c0ecd598732bc48dd1c5c0a09f41651c85b,3392
4096,second_vlm_evaluator,webp,gqa_2399600,1.0,3719779521ca64711d3152fa6e313c8ebd8fe62903db5aeb8bce1e952f8b2503,3906
4096,second_vlm_evaluator,webp,gqa_2400016,0.25,446458d312a6003740589e2efca8e84574023aa37abc226b7b617cfe89055d1c,3352
4096,second_vlm_evaluator,webp,gqa_2400224,0.25,18c8cd14b3d16b304cb3e95fdc3b461e5789c34b788ba2569b0deea999e0d057,3850
4096,second_vlm_evaluator,webp,gqa_2400425,0.25,8be4c11b196883cb969b641eb0986a5e0fe84cb5221ddd2593e235baf70febae,3490
4096,second_vlm_evaluator,webp,gqa_2401037,0.5,9d4bcc9e523cef484f6f0c9aaeed87f78f4d10f3f3e2eef0511cbccac0c0b209,3408
4096,second_vlm_evaluator,webp,gqa_2401045,0.5,fcb5fad1cffc9199251f35ad06dd9bc310d87ad7befe808f463cb9703bea3a96,3710
4096,second_vlm_evaluator,webp,gqa_2401215,0.25,47057e3186168160dedb64e51046a76da2b8f8f4fab205592f378acd7d1b19a7,2570
4096,second_vlm_evaluator,webp,gqa_2401325,0.25,519a807378d66ae112ac9f9140f57841865673e636fa5de726d6f4148c26a7e4,3728
4096,second_vlm_evaluator,webp,gqa_2401622,0.5,7cfc17687a586dc566e44963176bce33122ec60874298d15526ba7ed6140e773,3536
4096,second_vlm_evaluator,webp,gqa_2401908,0.5,69aae1a9b1accf909f56a59583b5fddb59b23545914a72aa6d0a8cd266a0b77e,3706
4096,second_vlm_evaluator,webp,gqa_2402947,0.25,3cf50e1bb050ba6703be7dfc66a8d5e26d53b8064d180d505d9c485b18041826,3046
4096,second_vlm_evaluator,webp,gqa_2403289,0.5,95d659296987607f3dd1c974135cdb57b8108e48c3d5519f0f75a436e1306117,3730
4096,second_vlm_evaluator,webp,gqa_2403590,0.5,30d18fc609b49b158936715cf352552ee56a50d9f41965d38a20c99f94f03e9c,3802
4096,second_vlm_evaluator,webp,gqa_2403595,0.5,98fd61dd899a74f4ad6b872fece7ecba0e29cd93c78b788497aadcf275d1444b,3996
4096,second_vlm_evaluator,webp,gqa_2404030,0.5,dfdb233e2432813edaad2731fc577f129b64ea7b04b613ee7b5460ab651751aa,2954
4096,second_vlm_evaluator,webp,gqa_2404130,0.25,ca0d475508213d31dba183ccfb686cdb977ef38ef74547e3e9897b1bdc809df1,2806
4096,second_vlm_evaluator,webp,gqa_2404215,0.25,819da730e34179ffd231e424fd5277cb678d5a4e56966aa32f181a7c706bfb4d,3362
4096,second_vlm_evaluator,webp,gqa_2404539,0.0,ecba8153f44b34a92c5a6a34e18e2d45c4a822bc359b0c7953ec0e4a3e441574,3436
4096,second_vlm_evaluator,webp,gqa_2404666,0.25,84656355b56d35aaf24db04ed715916bef78349ffbd666aae22a0e72d180d0e1,3780
4096,second_vlm_evaluator,webp,gqa_2405032,0.5,85c8703153671cfc0ff2a5486b34596244e5c4f6146296636d5cd11cea15b947,3490
4096,second_vlm_evaluator,webp,gqa_2405174,0.25,5f58934d3129e475f338fbd6ec0b1949c925192c5b1ffeaac1d4b2446e0fef6c,3814
4096,second_vlm_evaluator,webp,gqa_2405197,0.5,7e84d338e64e90f401708d19f30e4d05704ae2096223ef842dbacb13f317059d,3672
4096,second_vlm_evaluator,webp,gqa_2406620,0.25,686fbdc33e8d1b0b18b7c1c0be58a92503c714c9fb595ce88413aef399d29c20,3942
4096,second_vlm_evaluator,webp,gqa_2406736,0.5,91f597d7c32cc4c4581f85f56870c8d7ad250f9e43557dd4698128ff444fe684,3984
4096,second_vlm_evaluator,webp,gqa_2407284,0.5,76d9b989f5c1660f355c4ee7137341ea41656cfad8d180009c2293dd57a6f1f3,3566
4096,second_vlm_evaluator,webp,gqa_2407415,0.5,d2a52fa2666477d8eec47f845958aaa5eb366b800ab927c0cb0d2fbaa2c95dec,3846
4096,second_vlm_evaluator,webp,gqa_2407473,0.25,fcc233e23c9a9f3f0811f73c1af68b0b847b123a26c4746b1458181c3278669b,2634
4096,second_vlm_evaluator,webp,gqa_2407481,0.5,8ab918a51b989e8b93796e88aae73faa30e3c4296bc2fec515babe9c3fcad7b0,3408
4096,second_vlm_evaluator,webp,gqa_2407802,0.5,9e2132f21936675fdebde2427d63f62ac95ebb59bfa35ed0ff164327ade4b168,3818
4096,second_vlm_evaluator,webp,gqa_2408048,0.0,53793b4eb9ec616d4ccfcc247bd04ff5da4e458cf388086e41f51c7e45128a1c,3572
4096,second_vlm_evaluator,webp,gqa_2409068,0.75,03fff761726f7c26624c0d105dace93b67cd95a317ddef5b8033e5b6a6ac6a4e,3152
4096,second_vlm_evaluator,webp,gqa_2409346,0.5,49e7467be5a6c4124d765aed36735670902b6dc8a8373aa61a276d8d8fefe40b,3638
4096,second_vlm_evaluator,webp,gqa_2409395,0.5,e0235e4f68eacd182e318a3048e31c92a3a92e7927e1272d1816c6ec90108547,3376
4096,second_vlm_evaluator,webp,gqa_2409472,0.5,e2f8e7c0bfb3fc9e5aea16df7c31949e94c3adba374b9a033daa040b4141becf,3606
4096,second_vlm_evaluator,webp,gqa_2409967,0.25,738ccc465a946d05a8c110d0b87d54b317846f83b6d85c92d6880de65ae4a278,3712
4096,second_vlm_evaluator,webp,gqa_2410150,0.0,0cd5596b7a2c68d12b8b60fe36f7d369277b6fa56eddb03c9675b0e5eb30b2d1,4078
4096,second_vlm_evaluator,webp,gqa_2410472,0.25,5b3bf2fd0c4d0e3d5f5b6a7ec0bab674aad77ab14ab652a31ccbddbcf2b4e0e3,4004
4096,second_vlm_evaluator,webp,gqa_2411058,0.5,52d530b0cca418c0458412f81a59a1e060e63154c7e4392bdea66cb07c402570,3822
4096,second_vlm_evaluator,webp,gqa_2411222,0.25,5414c7a47a840f2395b39378ccbffbcf75b27ed0c689fd7e6bd87908857fad0e,3766
4096,second_vlm_evaluator,webp,gqa_2411437,0.75,68fbf6e5f3b978f22bed90364f5db34802ceac3064dcae15a66e1b19b4260a85,3866
4096,second_vlm_evaluator,webp,gqa_2411812,0.25,60d798c5a599a3a81bb6315bd7b801aa63751cb0890d9b24fb431783260eaef0,3394
4096,second_vlm_evaluator,webp,gqa_2412131,0.5,a332a982a74934c85a308875d37908b0c454f2a061dc1f745c4e544b06db54ac,3820
4096,second_vlm_evaluator,webp,gqa_2412204,0.25,7f8de386fcb1b898a99a1b46614a2f431d5ca7c9939e7b50b40e4eba15b16e86,3922
4096,second_vlm_evaluator,webp,gqa_2412339,0.0,4b341b9f1c6aca5282d7d97e8cfeb477aa4813b67dfa8d16ac4b5bcbeb9021de,2786
4096,second_vlm_evaluator,webp,gqa_2412511,0.5,c46f45600a2f396d10c8387486698ed5f88e8a74978e1e81ab81f272cb61552b,3072
4096,second_vlm_evaluator,webp,gqa_2412542,0.25,f5b6275ffe8ebadffb0470d0fe42f9b0c77529b5f85adf5d3b16553c057d8e59,2164
4096,second_vlm_evaluator,webp,gqa_2412554,0.25,0575d896fec2c17aceed51e270b9db05c147dd58bdd4e53e1a0e471f8154e0c0,3986
4096,second_vlm_evaluator,webp,gqa_2412648,0.5,3797b9979334922193e094032c6ee44fb21a03869eb17af27e0b223c645165ae,3130
4096,second_vlm_evaluator,webp,gqa_2413325,0.25,5345d1ca82692fc64393985fbd1cb25a404920c03425e34b5ee24f075b926d7f,3200
4096,second_vlm_evaluator,webp,gqa_2413380,0.25,25f594803e5037fcde8b28be25014d899c83a12fb384f8697a3ba7cebc411900,3740
4096,second_vlm_evaluator,webp,gqa_2413428,0.25,aa0cf7d4f0228549681949e9dc49c39c62be9f3be01fff689f365a6a4f946c05,3968
4096,second_vlm_evaluator,webp,gqa_2413503,0.5,0e17ce5b7120252e8150569a6c9f3c2b07f370f56b8f651d36e1cce8e65c2c26,3478
4096,second_vlm_evaluator,webp,gqa_2413957,0.75,a5316f89e6f3fccac3697d832df269d1ea20b6c63f03d6a4f1f2daa07e1647b5,3842
4096,second_vlm_evaluator,webp,gqa_2414149,0.25,56aad3b6df9dfa1fffce05bb7a9f9c0b51e9b5c49dc6ab3bb7711756b939b00b,3688
4096,second_vlm_evaluator,webp,gqa_2415921,0.5,63b66698f156b27aa9fc2a258c09b2aca46e2f926f2f54fb7c42f1f3ba7be5e2,2450
4096,second_vlm_evaluator,webp,gqa_2416038,0.5,fa5b91810407380e2addd56d70b82edf363972f8542d4095e40d6417b1fa70c5,3034
4096,second_vlm_evaluator,webp,gqa_2416080,0.5,d1a45f50984d916138b183b2c9504b2a649aa931517d8e5977c580563529a1bf,3834
4096,second_vlm_evaluator,webp,gqa_2416156,0.25,25b9794373635ab470e35c4742837b43c316022f58afe1d34da8a999fc31b14b,2954
4096,second_vlm_evaluator,webp,gqa_2416484,0.5,03e61bb027852e5e5bb7de95676d3671adc97198f0290edbaa0547c303ce1885,3874
4096,second_vlm_evaluator,webp,gqa_2416524,0.5,b12abb9516689c74e0bda15b009003bd431c8c125cc6abaadcd66cbbe06e56de,3764
4096,second_vlm_evaluator,webp,gqa_2861,0.25,bd6848e48f3cb312f2950d4acadfe6d6365701e7d58c19d4326270961a1720e0,3930
4096,second_vlm_evaluator,webp,gqa_498006,0.25,640747c4d4928e0ddc34435643aa64cf8a1b6a7289e4a8400efa4cbf914c1da3,3294
4096,second_vlm_evaluator,webp,gqa_713795,0.5,200e8e6d65cf14865e36922a463e9ce1629aa9b1365ae30a2ff8e2f104f5d81c,3510
4096,second_vlm_evaluator,webp,gqa_713928,1.0,5a99e089371424b13dc80ebc1cc5198bb04d1090174a82fa47907a897b5c7788,3878
8192,second_vlm_evaluator,webp,gqa_150292,0.5,f8774604006f4fd992cbea969c3c8412127613aec87b48ddc9a9eaeb2c61ef66,7856
8192,second_vlm_evaluator,webp,gqa_150295,0.25,4cb81cb2d23f149985c375027a2073a27a24cfd3c91ec2bebb76bf6721692b6e,7868
8192,second_vlm_evaluator,webp,gqa_1592103,0.5,3ead21504117943474e402b857db9fd879cb43b579543241b44e7099714b4876,6638
8192,second_vlm_evaluator,webp,gqa_1593007,0.5,cd49abe3fcb320db91ce26836b28884ac5bf334e44810503cd0cc68acc17439a,7266
8192,second_vlm_evaluator,webp,gqa_1593177,0.5,75254817b46aba16466e1b81d387f32475a9c9ebfa05a6d56f13af9d1faa3a8c,7344
8192,second_vlm_evaluator,webp,gqa_21,0.5,37a60b7946b7e1f6d38e7c97c1bbbb0c1181bbd3f5e03c502c196ab75fa9c652,7672
8192,second_vlm_evaluator,webp,gqa_2162,0.5,61e7037cb6f958ecff686a988f6150b408138ccde272a549584d99274242c7b6,7520
8192,second_vlm_evaluator,webp,gqa_2315383,0.25,be5f599e342fa8ba9b7fe86cd26d4002d516c4871c189faebf589aa170f8e3fc,8100
8192,second_vlm_evaluator,webp,gqa_2315569,0.25,cfe8d013ac94a2985ae37e24aaf16a391fb81ca0c4be5ed42839fd6e28e575b4,7384
8192,second_vlm_evaluator,webp,gqa_2316535,0.0,96d7fe6520aa503937311535eed761a3349b53c961863ff05a0fb77766bc2983,7004
8192,second_vlm_evaluator,webp,gqa_2317060,0.25,b9aee9d04e153e87ddd2ced318e1bc695db174df3749f298e580318f1bdd00eb,6154
8192,second_vlm_evaluator,webp,gqa_2317411,0.75,86511e6bf53101f4133ef05ef08bf0c32e04c10d9e32862a62bcecad65ee4d2c,5992
8192,second_vlm_evaluator,webp,gqa_2317542,0.75,bd64f5a5c625fb26bcb1a922ad4c55d9f79850ed9bca1c299e868d6b20ecc7e0,7590
8192,second_vlm_evaluator,webp,gqa_2318349,0.5,8fff76e447c0638ca9821f82af44915db4739bc7540b4e215fe0c23b7600983f,7754
8192,second_vlm_evaluator,webp,gqa_2318586,0.25,8d6e0337cb2ebdf83efdee2ee4e22630b2d125e37b07bbae787b3264290b3bbc,6600
8192,second_vlm_evaluator,webp,gqa_2319715,0.75,4f10a0aec542641506a1c371cedee09e97f0a4f22b1135ab76df58cde46a3d1e,7308
8192,second_vlm_evaluator,webp,gqa_2319755,0.5,defcf06f3094506b37ae300878ffffa53763f3081070186a1e6698b338160aee,7694
8192,second_vlm_evaluator,webp,gqa_2319825,0.25,80b4991e951d81efefb038fad1968efd0318c51fb4ef5a8f5c06c6f2701b10b3,7552
8192,second_vlm_evaluator,webp,gqa_2320260,0.5,c7e4ff632284343a60e618843a99e2559da590b4819f729673bc09a9985fa6ce,7168
8192,second_vlm_evaluator,webp,gqa_2320864,0.5,e96886ddbf3b46eac92d6dc3008970cfaa41d5d1eaee0c31bd263520172c7dc6,6766
8192,second_vlm_evaluator,webp,gqa_2321166,0.75,7d4e74ff3bf73ba7a502fb84330d379dd841b0f0e16bf51c80924c0bf4e41e18,8046
8192,second_vlm_evaluator,webp,gqa_2322185,0.75,5daba2b5ef2b768f1c60682104b5445ff58db28b9a66fb80e628b7b2dfd4dcdb,6840
8192,second_vlm_evaluator,webp,gqa_2322244,0.0,1f1aa7bfb809265c3c32a03b72bcf0f9c9de929c73836650c4cbe0b8e4625b2b,7502
8192,second_vlm_evaluator,webp,gqa_2323032,0.5,7d1a7a9125b5699633457e088f10981ee7ecb86781b6a131f157161ed826b287,7954
8192,second_vlm_evaluator,webp,gqa_2323780,0.5,0d6b5192ec88900fef491633ee883c793903a04a6311e70875e4dad29f5fd9a9,8104
8192,second_vlm_evaluator,webp,gqa_2324119,0.75,6f00682b88de1804b58c6d6c082cea743597dda75dd6714293375d4e0d67c26c,7992
8192,second_vlm_evaluator,webp,gqa_2324322,0.75,500895a99a4e6a1665f2f3f216ca820afb3f0ed66b3ace5b92c953df31675e96,8084
8192,second_vlm_evaluator,webp,gqa_2324466,0.75,41cd0b185b70df91409a0035e3e9e23584b3306c7278270f1630b88cfe61a44d,7886
8192,second_vlm_evaluator,webp,gqa_2324606,0.5,d52009fc4a44de59a66553a8523d882d6b4e7b5391f681e13bfd6cc749f4ba8d,8114
8192,second_vlm_evaluator,webp,gqa_2326436,0.5,247fa0c0da03127502e458256390a1d3da6cfd28fea0b502c82507dddd776143,6764
8192,second_vlm_evaluator,webp,gqa_2326899,0.5,a2e7db61c5158bf9b81e373bf6246ec443a1ff6b715359280445841096b6033d,7580
8192,second_vlm_evaluator,webp,gqa_2328171,0.75,05a02face60d7c4480f91036caeb33ecef171c41f7a3d6571b3726c2d38d8cee,6398
8192,second_vlm_evaluator,webp,gqa_2328273,0.5,672f95b3fca58fdd0b2d6ef477e52941f8613aacaf30e0cad5dedd9a62fc7ef3,7876
8192,second_vlm_evaluator,webp,gqa_2328788,0.75,d63e80f4ba7f4d3efc3e994a34aaa42f41c35eff79401fdc9f3399e7699801fd,7698
8192,second_vlm_evaluator,webp,gqa_2328825,0.5,48495b6575557c2d3fd339f9449921dc3fa69d2086378d406413f2ceeb694f72,7428
8192,second_vlm_evaluator,webp,gqa_2328879,0.5,807ede5db48f957daceb9a590f680ed01ce7de530d8c6f23e323e5ce57185dbf,6958
8192,second_vlm_evaluator,webp,gqa_2329566,0.75,7b19427dadc6688fb041503a87e54e6054ab9556931e08f84e5c942639f2c0fe,7868
8192,second_vlm_evaluator,webp,gqa_2330438,0.5,d4748d7571554487d26fdbd80685af948e5a54fef04bad132a06729e4a1b9b27,7882
8192,second_vlm_evaluator,webp,gqa_2330917,0.75,5be7b3860fbee6a9d6dae1e9b111d9b6c9e28e3e01e7676a132c0f190145c039,6082
8192,second_vlm_evaluator,webp,gqa_2330972,0.75,48c50a9daae75dcfa4b43664d8498f89aac4122dba1365fbecf90c4a94f240c5,7534
8192,second_vlm_evaluator,webp,gqa_2331876,0.25,208f6402ec5178e627ab80ca409d252658b5f0851aa5bed8e33e264c9e869761,6514
8192,second_vlm_evaluator,webp,gqa_2331963,0.0,79c162bbfad30d49f280bd8fa4a73553486706f2c6418bfb23d0e666e4a5aac1,6384
8192,second_vlm_evaluator,webp,gqa_2333075,0.5,e5de943e4242cc34b4cb75bb8afdd5ee7342df45ae343724bf8d94ab0fa4a815,6586
8192,second_vlm_evaluator,webp,gqa_2333428,0.5,5ec46ac24b257ed79795e5a185ef1352ec4b08270fc9cfce53940c84b2687c32,7640
8192,second_vlm_evaluator,webp,gqa_2333525,0.75,6736bd38df57d1204aa2f2ff087f1418387dbe749b388e810301498c5f876c01,7134
8192,second_vlm_evaluator,webp,gqa_2333677,1.0,a231396a62782cac76539bd794b79e1f3759f81c946c0716b5822745143ee3b0,7320
8192,second_vlm_evaluator,webp,gqa_2334914,0.75,a421d051b05b82c7fd50326186afd6b53b869ab2bc0917aef08b7443b608cfd9,7314
8192,second_vlm_evaluator,webp,gqa_2334989,0.25,5c58097cd82856394378cf07cab2c07fddea13b26b3de39492fbca8e9ee584ec,6632
8192,second_vlm_evaluator,webp,gqa_2335384,0.25,f0cbfb7d94d3501dcba9fed9f748b7391605024cd0758372206551719fdb29a0,8174
8192,second_vlm_evaluator,webp,gqa_2336817,1.0,99188c7ee6e5605f9ce4e47404672988db2a97638eedf80a129e48e8a5046ca8,7348
8192,second_vlm_evaluator,webp,gqa_2338336,0.5,9ded4f060018c8077c54401416e9271499c56901c942823a3143feb491269845,7432
8192,second_vlm_evaluator,webp,gqa_2339471,0.5,87cf5b1ed5ad7d1fcde846ba1f94559e9212f22dd9b70681e9e16d50c65fbd5d,7502
8192,second_vlm_evaluator,webp,gqa_2341361,0.5,12c9140d9f6fcfca9f055207c014868682a62bfb2bc4a34a6f6738693b7d4b7a,7324
8192,second_vlm_evaluator,webp,gqa_2341476,0.5,8126cbd22d65a27c2111d5e3ecd1f0204c4808c7d29747daab92e65868ec602f,7686
8192,second_vlm_evaluator,webp,gqa_2341576,0.5,5ab44c3dd92f295b85846bc8ab5143fae62a3f296580b8f9b18bdd413d61bd04,7330
8192,second_vlm_evaluator,webp,gqa_2341611,0.5,b2f72add7bab7a5655fb172452848c74a20d83f80bc7958dc5a57d988605c3c5,7114
8192,second_vlm_evaluator,webp,gqa_2341637,0.5,14e46db26106403e0f402c3209b3a135239c4f948c7d4646e2ccc043ab5b5c63,6796
8192,second_vlm_evaluator,webp,gqa_2342147,0.25,1d9f079f1e3601ab02a44c9914c0e8bc7033613871eeb223d7a21b5c10b6a43f,7370
8192,second_vlm_evaluator,webp,gqa_2342323,1.0,20d66a4cf5e72a698fccd7f20188cdf0ea8c911fa3b9aaba91b700a860d55382,7552
8192,second_vlm_evaluator,webp,gqa_2342333,0.75,9c8ce23bd9cdd047b6dc86f00e52b3473ee27a33b8ad0247bf808cfb46b9429f,8160
8192,second_vlm_evaluator,webp,gqa_2343201,0.75,34ce4c795ebc1f3375b41f010036ca23319c0a4121026950e3809c9e7693d31f,7674
8192,second_vlm_evaluator,webp,gqa_2343287,0.5,ea07cafcddfabfc6baf3210e64a1181bdb017d96f7d5e03b2367a6ba2db787cc,7366
8192,second_vlm_evaluator,webp,gqa_2344297,1.0,f8d1591c133620fa0ae200c9bd512afb9b735ee86425f7a3839aa2293726823a,6824
8192,second_vlm_evaluator,webp,gqa_2344488,0.5,b9fd01cd9161c605b63e6e6068b95717479fdd0239168f19f87d50903e9082ad,5264
8192,second_vlm_evaluator,webp,gqa_2345081,0.25,4e0d11e7862fc8f8a5fc909eaf4c078b816db5c565724cd8f13a1e9177f9f28d,7590
8192,second_vlm_evaluator,webp,gqa_2345482,0.5,b9c0f454b24170190c4b9102f13e70d8faa80c3dcbb295dc390f0a21c33fc5e2,6948
8192,second_vlm_evaluator,webp,gqa_2346467,1.0,368c460c105ec6dc8db5a71159073cc0311e3cc0e28292b23b325efd8c3379eb,6944
8192,second_vlm_evaluator,webp,gqa_2346957,0.5,d95fef594858d44d3d1c5a1328c96e43a04099e4aae72d391859b5a66dc8057b,7178
8192,second_vlm_evaluator,webp,gqa_2347367,0.25,22026f8d0fb9e9b3d8cf298231c92a623b06199b446beaa3d550dc93c9592317,7016
8192,second_vlm_evaluator,webp,gqa_2347450,0.25,223d73afc0451aac7ac18526b289c3c7f9ff79767c829d13679a2ab9d9a1c5b0,6908
8192,second_vlm_evaluator,webp,gqa_2347772,0.5,a9bb17617320fd4e443ad0e4d00bf1daae1455de3b71f26ca421b846422eb6ab,6744
8192,second_vlm_evaluator,webp,gqa_2349334,0.0,d4fdc19d94e6f43556105ddcfd20873e2bc0aee6588e68e9b5ab36eb3009b6d6,7512
8192,second_vlm_evaluator,webp,gqa_2349746,0.25,d841b43b6183fcae412180b7882f57ead5f8ba4a8abc062c1dbef9fccf155208,6762
8192,second_vlm_evaluator,webp,gqa_2350006,0.5,46a29099e5d5375eaf58ded78b35b3e3efcf5189dd3ea71d97f0719bf1c018f0,6996
8192,second_vlm_evaluator,webp,gqa_2350743,0.75,7423ef7c147dd502c34e834c221aad8b096f7521a08aea18fce3f2b1536adecb,8048
8192,second_vlm_evaluator,webp,gqa_2351967,0.5,9522137622eb51c92764a63a5e64a394dc11558b38f69f71878e39329c5f7208,7548
8192,second_vlm_evaluator,webp,gqa_2352092,0.25,d768f2cee54cde30ac2a9712d5e13267e0316ea31050fb2650293f8b0216e7d6,7648
8192,second_vlm_evaluator,webp,gqa_2352324,0.75,4f2aa515f9678b995246176c28f76678858290a5156b73f1580b215022ee72a5,5670
8192,second_vlm_evaluator,webp,gqa_2352785,0.25,10f40726c782a09b5fa8e5d6171506675f7fddc679be5c354befc031cc0682ba,7370
8192,second_vlm_evaluator,webp,gqa_2353322,0.5,cac75704a06ba515ea6c5768110bebbfe5ce8c7a63eacdc035eff957521ecb30,7088
8192,second_vlm_evaluator,webp,gqa_2354715,0.0,61ee6817e4860aca4d52535bd3162fd53eb19d41439ab5ea5b68f8645ed480e1,6356
8192,second_vlm_evaluator,webp,gqa_2355212,0.25,4192409b4c2a4766902f0a1c66aeb90cd634a6085738c8e6e7464f1fd87fa827,8116
8192,second_vlm_evaluator,webp,gqa_2355385,0.25,e980cef70aaab38dfd149ec2a30ba056ee920bbcbbef0d1d85dc3d645821cd3e,7392
8192,second_vlm_evaluator,webp,gqa_2355528,0.5,d06c3c69af6220c4b43cb817c108c9b87dee4d852d46e572094ad1ca620553bd,7862
8192,second_vlm_evaluator,webp,gqa_2356041,0.5,d6f42dbe5831ac6dc981ad287079d551a673c8e13c31376f63bd7a415acd248d,7702
8192,second_vlm_evaluator,webp,gqa_2356089,0.5,5bf8dc1a087a80a5129a077217fcb27509634b63e23fb23e21a57f725d7c919e,7096
8192,second_vlm_evaluator,webp,gqa_2356227,1.0,c7c298e008f878d729a3be97fada5e5bbfc1798578ae540d19df6fb2f45cfaf1,8066
8192,second_vlm_evaluator,webp,gqa_2356577,0.5,6fcf8e60a9f7d3f5be46efaa59b0dd56d6083b26cb180e313e25050ec8b13b2c,7244
8192,second_vlm_evaluator,webp,gqa_2356747,0.5,c37ee9c921284254c6810a593e80e89eaad3ebb02b474fc8d33d9b81fb5e54e8,5592
8192,second_vlm_evaluator,webp,gqa_2356833,0.5,d9f85315409178f42da896b0a964e91148bf8db20a200f804a6c64f2164bb129,7306
8192,second_vlm_evaluator,webp,gqa_2356972,0.75,768cb73d86ce056985642849f7d0d189fb62211898c4687de91acfb3803cef07,7656
8192,second_vlm_evaluator,webp,gqa_2357882,0.5,dc71965e84ba488b9e4e928a2772afd12b5f3c39c3908dace06597e32b1e795a,6044
8192,second_vlm_evaluator,webp,gqa_2358111,0.5,aa50fa64f73773f2b140bca6952c8439e075d3087ddcde6292571b3143055ab4,6904
8192,second_vlm_evaluator,webp,gqa_2358186,0.25,f6eb26520a47cc5082b0b8b3cf6d24e4980d37788f2ef66b73ff450c145955b7,8056
8192,second_vlm_evaluator,webp,gqa_2358464,0.5,6634673a743255960226bed9a19298c080502220174b2919d5a40c801f7b3562,8054
8192,second_vlm_evaluator,webp,gqa_2359192,0.0,f6e73d0be5e9a81828f30a9274118f02a430d573f081da66360c82295a48403b,7216
8192,second_vlm_evaluator,webp,gqa_2359195,0.5,390951fe611fb113616b8b8f3340a4b0d755064f6c94450844add5472879eb7b,7218
8192,second_vlm_evaluator,webp,gqa_2359351,0.5,c79f4ec54362dfe9d07f17ecb85d8b2a9a3d820ad9aa0da686b67241f9f2f11a,7060
8192,second_vlm_evaluator,webp,gqa_2359470,0.5,7617e4bee3d923137d1874d8cde3e144b94a1d4276ea8703cf090082b173b3f5,7694
8192,second_vlm_evaluator,webp,gqa_2359924,0.25,09c2bf10c3961056d4fa77edb68bedaf35de4d6461e3ce4604c0b17d6530ae31,8000
8192,second_vlm_evaluator,webp,gqa_2360103,1.0,dcdfa8e5cbb2a169e7842b222c855d967f6b0d96ee53a8687cc8b56fd26e333c,7964
8192,second_vlm_evaluator,webp,gqa_2360831,0.75,5048ebd56d7688d4ee144a59bf99788cbd7b98507eab45244f96159313629ac2,5164
8192,second_vlm_evaluator,webp,gqa_2361815,0.25,b14e44a45a54f350c6bc7840e99825f4a6216a2d224a902b89d3489a5af41dab,7704
8192,second_vlm_evaluator,webp,gqa_2363074,0.5,94d2115953a7ae420e533604f28805062113a7eca8f6ffe6c0d5aba7a9361fe7,7978
8192,second_vlm_evaluator,webp,gqa_2363203,0.5,9a100d0f2e239c204ab2d21cc0b1ec3cff53bac21e403af6bbf500d174a63f98,7336
8192,second_vlm_evaluator,webp,gqa_2363269,0.75,dc7d58fd30ef52d21254756e2e24195c736038451dd0480b03b5f0ca5e3645c5,7422
8192,second_vlm_evaluator,webp,gqa_2363444,0.5,4e9d564221bf908d29e8cc467ef781d188bf5e736f9238f01da175dfd0c07649,7382
8192,second_vlm_evaluator,webp,gqa_2363706,0.5,4b233a96f4240bc34b1a5f1e063ce4177e7c08677aa4feba2ae307bcd2f899c2,7872
8192,second_vlm_evaluator,webp,gqa_2363979,0.5,6960b02737d6222e12dd086a69c575bd8e4e4a6e061928cfe74dca1f22f33a78,6614
8192,second_vlm_evaluator,webp,gqa_2364335,0.5,244e5231517f5f2c2e2f7da2fcb461fedebd95973c0e5dd1f4bcdedd26db8af9,7744
8192,second_vlm_evaluator,webp,gqa_2364614,0.25,50da104ce932eeafff460c2e778430a94be7c3a12365c7516515626db7efc2ed,7552
8192,second_vlm_evaluator,webp,gqa_2364774,0.75,582edb6c98c2bede411446c8708a7924bf10cbc255585319406d5ae298b1390b,7206
8192,second_vlm_evaluator,webp,gqa_2365176,0.5,03d5265e19728d3f7dcfa73e2fbb54929822f8e08f79c5eba9a5b0915b55fb43,8122
8192,second_vlm_evaluator,webp,gqa_2365398,0.5,9e07999afb0e35c758504bea44b2ea3313c85a231565b11b43cf76877ff2522b,7436
8192,second_vlm_evaluator,webp,gqa_2365435,0.25,725041bd6905a53201a89886c7bb6e09b14012a3e7b2b717db848feacaaa1571,7430
8192,second_vlm_evaluator,webp,gqa_2365505,1.0,afa355029514df552b2f1cf696c8ab7fd10cade1d1c9c2452056e5f8dec0e3f8,7832
8192,second_vlm_evaluator,webp,gqa_2366157,0.25,d45b65fea0dfd0f79a45a5613a89dab4ecc519671741da6ff2360719251c6be9,6266
8192,second_vlm_evaluator,webp,gqa_2366510,0.5,77ef702f8631e185f98d4a71290958a9e0c9ba1b380c53b611809a9752c026c5,7542
8192,second_vlm_evaluator,webp,gqa_2366645,0.25,763d2a015ecbdb4653289046aa0b430444008d2ef937f88b97eb9be6a6a04da4,7404
8192,second_vlm_evaluator,webp,gqa_2366958,0.75,be580724ca9bd2294cb8863ed0710c106e8ca7a34235a9f3cb48e01997af7a7f,7284
8192,second_vlm_evaluator,webp,gqa_2367190,0.25,5339b992bf0515fdd4965d5f5a7faf494ffc254443b4baf4985ebdcbb612f80f,7818
8192,second_vlm_evaluator,webp,gqa_2367328,0.5,a50856b4ec0ea9889edc2884bce275515e36fbdbf374187c88037106ddd2d940,7922
8192,second_vlm_evaluator,webp,gqa_2367639,0.25,76382b4799a60fee1d89248e328ccd6001a1f82b21a2b0d6d3e6d7ab1052bb5f,7464
8192,second_vlm_evaluator,webp,gqa_2367770,0.5,8372bc125557b94f5864d14739a7a15f1fea77f4b1773726006e62f9c855dc45,7332
8192,second_vlm_evaluator,webp,gqa_2367977,0.25,b6b0c0b680d7acdb35a47c71d8bbd4c6b78c41e1acbf96e4dfbf549527a3d849,7590
8192,second_vlm_evaluator,webp,gqa_2368884,0.5,318eb768f87eb4e8e6cf1593fd7c8f89f64d864e852a64e5dd806217ca6e0e82,6174
8192,second_vlm_evaluator,webp,gqa_2369906,0.75,cb0bb5bd9df464f089c6a96dc8228be5e0d2f4bba64808e3345fb6804b313bc2,5014
8192,second_vlm_evaluator,webp,gqa_2370047,0.25,66ae452b6be256e3b0449bf7cc0c049093570be74026a79f85f12a89d1354abc,7088
8192,second_vlm_evaluator,webp,gqa_2370242,1.0,7b8cfe220a0b737a6b98acb23e32668670133bafcf9f14c7c4fb2e9078b5d299,5924
8192,second_vlm_evaluator,webp,gqa_2370329,0.5,675d273132dab86952c223d9a528c8c1dbe14a48dab969fd6f4d8e99e3a6b59c,7994
8192,second_vlm_evaluator,webp,gqa_2370859,0.5,2ffcd94dbf65526b7d30c4b8e9dd69c82c49268e7e812fbc4f77634c67df9488,7120
8192,second_vlm_evaluator,webp,gqa_2370968,0.5,60e86bf5f44535e10b426cb6c8c0e95b10f8650e52fd44825bdc2f609a6e1db7,8166
8192,second_vlm_evaluator,webp,gqa_2371504,0.25,850c059d31076c0f164f3683d7f43155c32a18742911863b6025e58cab64a2ec,7788
8192,second_vlm_evaluator,webp,gqa_2372977,0.75,6c9ecd2d1a1b4aae25dfabebda2e52afe1c7668da160d2d5c4c300126d85bb11,8034
8192,second_vlm_evaluator,webp,gqa_2373259,0.5,c4501a24530617b94da2e7e132c9cc3ee37cf48089cdc87ea55340730172f54b,6742
8192,second_vlm_evaluator,webp,gqa_2373271,0.5,2f159fdf60a6996e64f76e5155949c55623e3690caee973499556fad7d4e3cd0,7406
8192,second_vlm_evaluator,webp,gqa_2373294,0.75,c2b51ebcfcb316a0ee8e232ad8a9add1bcf81eb0f1949c4cbdcc5cb184d3ca0e,7398
8192,second_vlm_evaluator,webp,gqa_2373590,0.75,c083151a93ca6150bd3877e4e2d08c1f2d1ef0fa78af45163df2d3920200136b,6680
8192,second_vlm_evaluator,webp,gqa_2373592,0.25,510f0eff1ccf37846de4bd3037ffbef1bca960c74c0a93ca65c2d08b0b592269,7078
8192,second_vlm_evaluator,webp,gqa_2373967,0.25,3348f22aed69fb9fe04cc05e18e93f5223001905b86345f1b3234250740504ad,7624
8192,second_vlm_evaluator,webp,gqa_2374540,0.5,856ee9b743aa293d95741687fbab00e55c36cb1d7b28acbb97cb87383220d4dc,7272
8192,second_vlm_evaluator,webp,gqa_2375091,0.75,e429665187432c90c4f8ac4616f18d37bb9c6f6d6e3d1afec7b2d0eb4435ce9d,8060
8192,second_vlm_evaluator,webp,gqa_2376266,0.5,be53702b6fd41deb18e6a55f4abfb711924a840e0e7e46a0321b1d0b315f32a4,7552
8192,second_vlm_evaluator,webp,gqa_2376766,0.5,356f05697043cd9daa8a7d563bb2dc73cae639d9f8c05c47eb154fb679c1bf47,7180
8192,second_vlm_evaluator,webp,gqa_2378273,0.5,51fc23b8f32b9a7b07236eb48f1a88e79a9b0457f3ef4a537ef9a13d7e810778,8154
8192,second_vlm_evaluator,webp,gqa_2378436,0.5,8dfab67cdd8afd386f5619c440ea66a17e121bdadc95502e81b63842d6e6193d,7330
8192,second_vlm_evaluator,webp,gqa_2378739,0.5,70ac97bb7a1256794994a6da24ee34c3b8307140cf0d02081d1469220dfd73d8,6102
8192,second_vlm_evaluator,webp,gqa_2378917,0.25,a872b21f8c14bf78465a0110b37b563512009a2bce3882df10ec52c8f7937a5e,6246
8192,second_vlm_evaluator,webp,gqa_2378984,0.5,d276f54710c22b8b706aaecf779157ed1516380706c9bfd883256761fd49c95c,7338
8192,second_vlm_evaluator,webp,gqa_2379178,0.5,0e42a31e5ba264b9893d5b374dd7c6cc8ad08b414cef9f0ee0a017937205e43c,7386
8192,second_vlm_evaluator,webp,gqa_2379791,0.0,775eaecbf766d78234afae56bcc48851776a85826c60d84a29497b95aa42a0fc,7164
8192,second_vlm_evaluator,webp,gqa_2379897,0.5,0b03efbaa20912f4cc4db1cfa149476f91275eb009096b9308683345edbabba8,7614
8192,second_vlm_evaluator,webp,gqa_2379906,0.5,7c5e1f4d3b34035388683cf8aeba90f11bf4bb4691786e1d0b2cc4c3534ae997,7610
8192,second_vlm_evaluator,webp,gqa_2379919,0.5,13b4d18fa0f769b9925a4bdfba259b80a7a3a07e19be94883b45a1578de88bcc,8034
8192,second_vlm_evaluator,webp,gqa_2379961,0.75,a128de85c10a0807c744b29ea02fc9d7b2784433dba29153859120248c62cb2c,7020
8192,second_vlm_evaluator,webp,gqa_2380291,0.0,d80e9e3a8c179ca5d8270e023c1b4bf4aea0d982ab1f52101485e2453da50821,7660
8192,second_vlm_evaluator,webp,gqa_2380436,1.0,0056416a6cce53ed771a462ea5240b63df4d7d229de7e2fdef495baed82054db,7228
8192,second_vlm_evaluator,webp,gqa_2380691,1.0,567a8e0646061d43d3aefa3578c06519aa9aa5da4f3770aa1bed33d55395a91e,7828
8192,second_vlm_evaluator,webp,gqa_2380720,0.25,a99c2d886053935b0b4f5dbf9e6fdb8d348aae8dd57a1410de76377cdadac411,8062
8192,second_vlm_evaluator,webp,gqa_2380779,0.5,cb37b634bbc83c463a6ce69e72d78d5cddbb1bafc6ca748a309695eb8abe5c71,6802
8192,second_vlm_evaluator,webp,gqa_2380873,0.5,5692238a731680cf9142da148cd15a662d41eccf97fff351f1d0251724e9870e,7568
8192,second_vlm_evaluator,webp,gqa_2381128,0.75,bf24e123b34a24462a72c0bdc5e4d1f7b6e11d156981a522b68b050ffbc15959,7718
8192,second_vlm_evaluator,webp,gqa_2381547,0.5,8530be4b38231308fb68772eac3ff01ffd6a2b55639c29c306fa98cef4e83776,7696
8192,second_vlm_evaluator,webp,gqa_2381671,0.25,f673a79b32846387831c682084c66af9c37dd4e9fa53f3ffb5cc7a780cc3d564,7280
8192,second_vlm_evaluator,webp,gqa_2382178,0.5,2679d693f98eb47f666817ecb9cf355060bc9724582eb906033594e857191e3f,7034
8192,second_vlm_evaluator,webp,gqa_2382460,0.5,ba880341a8f8d52a9aa0c406e59072868d20378f824f8770c70cede11c5fec00,7168
8192,second_vlm_evaluator,webp,gqa_2383023,0.5,9726c69aadcac0588178677612075977d6c257cb395121a4c37f4657959b2ce7,7834
8192,second_vlm_evaluator,webp,gqa_2383204,0.5,a51f8818c506b2530983f6ad02629d118e38446c213d6af64f620e92b7f808ef,7316
8192,second_vlm_evaluator,webp,gqa_2383269,0.25,fbadf345627507291ee82535fa80a5b28aae918b84841da126e59413bcade62d,8008
8192,second_vlm_evaluator,webp,gqa_2383696,0.5,4f06378ddb9501fe87ffe178cbb53d01a2c090d5220af093989a3102acda95e4,7364
8192,second_vlm_evaluator,webp,gqa_2383963,0.5,1ad6330aee844899c64b17dac63d5c00aa02f91e9a1e8ce1ca15388119863cb4,7954
8192,second_vlm_evaluator,webp,gqa_2383991,0.5,5cfb55bc46ba23d5ed2c1fe2406d5b3230fad29ab50b69480a063271149e19d5,6526
8192,second_vlm_evaluator,webp,gqa_2384063,0.0,007dde5c2a0bf00c6d0dbd9cd4e717927eb54e2df513e0935da979102a944ea6,4724
8192,second_vlm_evaluator,webp,gqa_2384169,0.25,5b762dbd53d1529d542b8f9110b04c237ff5633939c6483c429e5af8eb2f2dcc,7890
8192,second_vlm_evaluator,webp,gqa_2384376,0.5,ad302048c4f06a6abfddd47b952207075a771c33394ded67ecb6c114f0139be1,8178
8192,second_vlm_evaluator,webp,gqa_2384614,0.5,5a28cec82139385b81aaa15ae2cf99b18a8bda0050f7e624a9e4541c463f35cb,8022
8192,second_vlm_evaluator,webp,gqa_2384672,0.25,8fdb2f85c4fbbf542b67ca2363ad7b6776dcf0e5d3610c1a1b8b79f3b184db17,7746
8192,second_vlm_evaluator,webp,gqa_2385322,0.5,16632ee0f3bca56bd5614a48dd586257ef1132e2246647310fa20c27f850bd50,8092
8192,second_vlm_evaluator,webp,gqa_2386051,0.25,1bd22468e2231b588f2be925be26a43fbe92a3ef3c2688471b6f8183b5e07026,6934
8192,second_vlm_evaluator,webp,gqa_2386495,0.75,f2ddfbd288b892fd52ae8785526c7ce06e9315f8432a6c880f016a3e3d71341a,6444
8192,second_vlm_evaluator,webp,gqa_2386903,0.25,711e474fc2da103104a3da935feaa52d5ea16fdff96e794739351c634b14c804,6674
8192,second_vlm_evaluator,webp,gqa_2386979,0.25,3fecbaa94c4f4457e3281010c85c80a31abab65f7b51d35727f59c5fd9464975,6802
8192,second_vlm_evaluator,webp,gqa_2386987,0.25,57eb1eb11f447c66fd73f5d53724ce9ffe0fc9b194ac84865e51a31341978fb5,7058
8192,second_vlm_evaluator,webp,gqa_2387110,0.5,fd30aecad6c575ab56d47ac53bcfe0d576adf4a9bd1c5498701bb6e4a5ff283b,7760
8192,second_vlm_evaluator,webp,gqa_2387118,0.0,029cd304f21068fa3dbd4457fd30703938624fb067f78230735adf7e0c67b57d,8048
8192,second_vlm_evaluator,webp,gqa_2387359,0.5,48c929c0be989f83411aebaaa63e4d323f585b499b352b1fa9fe978817e5ff27,7516
8192,second_vlm_evaluator,webp,gqa_2388030,0.25,5cd57fa40899348ca7ee872dc8749b7eab677485d0850937d8e0334aa08f56d8,7082
8192,second_vlm_evaluator,webp,gqa_2388049,0.25,435f80307c059a91a0cdd07b677076c19a2807de3994c830483805b8c2314882,7042
8192,second_vlm_evaluator,webp,gqa_2388625,0.5,ddf64e62e26da1db13552154e2622cb28fc7743841484c0c848a8b8bc24928ac,7260
8192,second_vlm_evaluator,webp,gqa_2388805,0.25,4a5c229884788a885ccfdec4e3b46592128bafea2c7034fc7158f76816faa6c5,7262
8192,second_vlm_evaluator,webp,gqa_2389312,0.25,d5aa281c3049e1498a0286c26c242430e68cbaf927c2d5e0d568ff3f95098755,7722
8192,second_vlm_evaluator,webp,gqa_2389626,0.0,bb0f18a50dd8992e6225c40e9c65bbc80f9b5cf2fdffc1ebc8710578a2edc626,6960
8192,second_vlm_evaluator,webp,gqa_2390071,0.5,c6114dd2847a49acc1031b9b0706e4f3feedd4a92f0331c7a19c6a43363adaba,7992
8192,second_vlm_evaluator,webp,gqa_2390097,0.75,67c4cde106fbdeb4f39d79621d86588d7f18b8c760a45c7ea807865948f1b9ad,8088
8192,second_vlm_evaluator,webp,gqa_2390108,0.5,bb889e6218b29354d343bb4ac3178405214622b2dfbb510853db26d4da17c614,7218
8192,second_vlm_evaluator,webp,gqa_2390727,0.5,a177435ca92fd46ad36f9899eab449e0f9007e7acff10574bf3f3acde159b31f,7754
8192,second_vlm_evaluator,webp,gqa_2391406,0.75,9995d53eaad76aaeb49ec65acc4da057f5c435cea76519d074f4aa3329aaa782,7320
8192,second_vlm_evaluator,webp,gqa_2391835,0.75,47d66ed072886400e56397ee14d9b1ad0540e1fdc47dad4996dba90b65911411,7470
8192,second_vlm_evaluator,webp,gqa_2392147,0.25,440ddd6252dd5074aff2f8febc1c740347f67c4773a81b510a773f4cd6b191c3,7002
8192,second_vlm_evaluator,webp,gqa_2392185,0.0,898af0001cb25c38a074f37d52ce00fe6801dd04dbeaff3360d0c82ffcaac4ed,7638
8192,second_vlm_evaluator,webp,gqa_2392252,0.5,c226fd889bc95d153264c1b33ddaeec9cacd4f0696937a89a557630c21e576b9,7568
8192,second_vlm_evaluator,webp,gqa_2392318,0.25,8ab638106784a047db230198d064045036e5817b5c78f1ec54ea3e01dc45d02c,8142
8192,second_vlm_evaluator,webp,gqa_2392845,0.5,1b1765cac8fdd749079806419ba085d55a47f85c463df43f5284e04c74e393f2,7162
8192,second_vlm_evaluator,webp,gqa_2392875,0.5,0189df95f4d2a5c4d3222d311709a880902627fe1980517fbe33ded08ea73b40,7306
8192,second_vlm_evaluator,webp,gqa_2393739,0.25,b3baaeb1666018f59499ce2199d78fece8d50813084df421af88cf545f6af471,7018
8192,second_vlm_evaluator,webp,gqa_2393775,0.5,5053bf5ba576c527f7cf61d9761db8936761aca20d2b82f74307c000d2f3beca,8104
8192,second_vlm_evaluator,webp,gqa_2393788,0.25,d71788374ccd73a079e0f2c28f615088977af514184173ada6502abc8ef75266,7874
8192,second_vlm_evaluator,webp,gqa_2394519,0.25,e137c25899915c09f92f962a753b84edff7f28d11036635ce4943a37c60999cc,7882
8192,second_vlm_evaluator,webp,gqa_2394763,0.5,c76bbaa67bdb0483c2c637526956a1bbb2a8235bd8e908035b61b1a79ed10ff8,5886
8192,second_vlm_evaluator,webp,gqa_2394891,0.25,eea77726f3b78d36ceda5dc012f82480378709c2049d4fcec946625f0adcfe3f,5856
8192,second_vlm_evaluator,webp,gqa_2395361,0.5,6b23ebeea35c930f82023892c3fae080a8b9dd62f0e075d8f42315889da7851e,7752
8192,second_vlm_evaluator,webp,gqa_2395949,0.0,b314b8489e249a50f2171e04211366b9cc7ef98270fe0203b825ac0532bac828,7264
8192,second_vlm_evaluator,webp,gqa_2396578,0.5,20c605f4500fdc2f057d6bf803f3135720ea9c44df95d02729427e7da53bb7a0,8114
8192,second_vlm_evaluator,webp,gqa_2396731,0.25,1f8c83dec838a8a5359adcac8b0c6039a9b6b6bce44786f736643a1520c82cc9,7136
8192,second_vlm_evaluator,webp,gqa_2396750,0.25,e44e34e804e830e45940e0583a688d9786004438fdf82725d241bc95b5ee80ed,8076
8192,second_vlm_evaluator,webp,gqa_2396995,0.5,7aae53a2333a8207d74a7507d703283a7433aa7da2a4058737f1078b055b7190,7428
8192,second_vlm_evaluator,webp,gqa_2397007,0.5,04c2615377cdf1279c2eecbc0d7cd8292d0a006d040b2dee4e0b2d239837031f,7720
8192,second_vlm_evaluator,webp,gqa_2398108,0.25,5906e0e8eb19fc9946eed0a65a28faa541d9fe7e028d2cc2180a7d0ba606aae6,7498
8192,second_vlm_evaluator,webp,gqa_2398485,0.0,a20361b907b0c662555b708b8d6acad80745735618fbbe4fc68bc61ca0efcff0,5938
8192,second_vlm_evaluator,webp,gqa_2398612,0.25,79288acbc4b61e22a19f3b90dfb96370aef4b9ab468f7f90cc2ec71137debfed,6070
8192,second_vlm_evaluator,webp,gqa_2398946,0.75,2f8b84b682123eeaec7d227d097e4757d8ab793820e41584f806578fb1443cc6,7202
8192,second_vlm_evaluator,webp,gqa_2399149,0.5,971ecba938a3aa96fb22c6d2764194af2544701e32c3bc324a7b487bcd1b7ea2,7560
8192,second_vlm_evaluator,webp,gqa_2399186,0.75,773af5e45f5df933f26ebc30fbb2bf368b1ec7bb902a78a2817e88a31640c6ff,7570
8192,second_vlm_evaluator,webp,gqa_2399206,0.5,6f747d14ba641c483e7ec1370ca9ef5f68367068879a4bc20c6da2cc7ba93192,7734
8192,second_vlm_evaluator,webp,gqa_2399600,0.75,46b7dc4e0f7a3f5fc0fff20ea27f723f37b617a65e36aea5ba27493b31fd9bfd,7430
8192,second_vlm_evaluator,webp,gqa_2400016,0.25,a69b1d59e0ae4c93b7cb1019108028111fc10e126b6263313fab95a7e1fc85fe,8132
8192,second_vlm_evaluator,webp,gqa_2400224,0.25,486a2bd342af2952c385a21eeef224580f73e6b6b052c961d6dc59b6b0bf2e34,7332
8192,second_vlm_evaluator,webp,gqa_2400425,0.5,0a13be62d44e6bcc01b6679dd9e8b5258bfeca6128a15c5a46db783462a3b873,7100
8192,second_vlm_evaluator,webp,gqa_2401037,0.5,23d073c5d49c82c91b8b925e5302b21153ba4c00a2b8d8efc9b84f07327fc597,7610
8192,second_vlm_evaluator,webp,gqa_2401045,0.75,52cc77c14136dfcb4732cc6acd4c069cc100a6246b0bf226709ba3767e8e4153,4898
8192,second_vlm_evaluator,webp,gqa_2401215,0.25,a1a3a70a5353756d9ebef8e04bcbb2ca4255a646b6d076ceb3e9c34794cc874f,8034
8192,second_vlm_evaluator,webp,gqa_2401325,0.5,7b72997607d6d22724c27216ec4addd8f7d829e05d209ae35b69c3949ff82622,8168
8192,second_vlm_evaluator,webp,gqa_2401622,0.5,8fb6e9b86b295a8f9811dbc979b0b21d66f5d7f428ec23882863febd2990d704,7818
8192,second_vlm_evaluator,webp,gqa_2401908,0.5,fb9d6262361bedda5a2ed1c26b9c3b35bdbf54f4e8ec310ef673a213a8aee3e6,6630
8192,second_vlm_evaluator,webp,gqa_2402947,0.0,5e48bbe29aa21d56b050d213aab8d98cbedda18e963266c16b7c146bdab5b1b0,7388
8192,second_vlm_evaluator,webp,gqa_2403289,0.25,9d73047241eaae0029260f4c2ae930200b7dc8065f8c9b27293b84360ce021ed,6418
8192,second_vlm_evaluator,webp,gqa_2403590,0.5,ef9f403ebbed1899f6cdc3eae00494e6084c530bcf0e92fe36f0b9f6809d61f6,8066
8192,second_vlm_evaluator,webp,gqa_2403595,0.25,884812c58a61ecdf1545648571c53df6eaac497ecdf28d3a3319d5590a570cdb,6834
8192,second_vlm_evaluator,webp,gqa_2404030,0.75,1b3e603a93bd149bf8f59e94639db29cdb7cabbd23f481f53cfa7d62c627451f,7462
8192,second_vlm_evaluator,webp,gqa_2404130,0.25,9a7abb50dcb43898570e3e9e03c8dd4e53ba9b24cd5b5c5bedf57aa65b125a0f,7758
8192,second_vlm_evaluator,webp,gqa_2404215,0.25,97897f7d5a38e242448dc4084068e663a99ebf2caf4aa99cc98cc4b0531dd6fd,8132
8192,second_vlm_evaluator,webp,gqa_2404539,0.0,ff00320817011cd6bf90471bfa894f5702da8a36d6b3f8bdcdcda83401fba14a,7402
8192,second_vlm_evaluator,webp,gqa_2404666,0.5,1955bae9b6f152deeac15fbea0f3bc6338cdc8f81ed5c7768d11e231ed841958,5444
8192,second_vlm_evaluator,webp,gqa_2405032,0.75,a40f328661650950b2fa62e075ca7bba9dc57e19ef99c283235007428c3b7883,7470
8192,second_vlm_evaluator,webp,gqa_2405174,0.25,38ef4223268c2fe33c006f56610f46aa5bc1c8142d2e1b9069b777e1091f7793,7430
8192,second_vlm_evaluator,webp,gqa_2405197,0.75,157fda9f7ea1a240a63ca2e81922272dba0d493ce2b65e6c17117317f56d5ee7,7438
8192,second_vlm_evaluator,webp,gqa_2406620,0.25,0320b8a5df5ac0b683c236c598dd189f91b115b657873096dab4a00aad7d291e,6932
8192,second_vlm_evaluator,webp,gqa_2406736,0.5,0ea6971a75a774e06991d70829247275b7a398d47b0ef41021b5927accba55ef,7834
8192,second_vlm_evaluator,webp,gqa_2407284,0.25,d81affb7b1375768d1906c6308168ac2401e7ade52104fc1f302e34c3caf14c5,6120
8192,second_vlm_evaluator,webp,gqa_2407415,0.5,dfc8fbd33d499382ef1d067e4c2d9312d1b4ec69f30b31b75904d8cca16739df,7284
8192,second_vlm_evaluator,webp,gqa_2407473,0.75,81869e13a59578dde9634984393c27d8be44d56760b05c8fa2778fba0d9dbdbb,6880
8192,second_vlm_evaluator,webp,gqa_2407481,0.25,0397f3232664c609d4ca983a5ea76af26a5d143ab7eb41074de405751667e567,7004
8192,second_vlm_evaluator,webp,gqa_2407802,0.5,ed39436a7f3cf5dbe2713b1478e55d5369684f855b931ab3c428e743e04b29a4,8096
8192,second_vlm_evaluator,webp,gqa_2408048,0.5,ca92e51ba342bbd5fa9943d77f05cfcf8d30b87821a1f21fb1951e33f0f62c31,7418
8192,second_vlm_evaluator,webp,gqa_2409068,1.0,378d1e084de85c06da4025293b6e092705942c74a92d85d26e7711971fb307f5,6670
8192,second_vlm_evaluator,webp,gqa_2409346,0.25,03671ef674c5e68545089e5116ed618dabdfd544a921ae3024041ba52ddb0057,7974
8192,second_vlm_evaluator,webp,gqa_2409395,0.5,680db71ae6a48d7254d3ccdfb9626e16fb7ab2dc51eb13ee20cc3b25c5cae2de,6664
8192,second_vlm_evaluator,webp,gqa_2409472,1.0,3e046755708387ec77beb2c039589934421407efc9f88904134540888446662d,7314
8192,second_vlm_evaluator,webp,gqa_2409967,0.25,76b98540f4bfb68509d364e2a2707ea87812909a2117d9ec7180a75abd421b90,6612
8192,second_vlm_evaluator,webp,gqa_2410150,0.0,25fe9373b50c225f21652816fc654df1321fc72108e29a9b36b7c44ba6dc4c14,6808
8192,second_vlm_evaluator,webp,gqa_2410472,0.25,50c037a62bee17bde5ae49d887fc1316dae5861644bf6f9cad6abbeecace8ad9,7978
8192,second_vlm_evaluator,webp,gqa_2411058,0.5,8ac9b3b35ca9bc51cc6b5b311f8be3467300d02f41fe2ae55cbc35ae07b2709e,6128
8192,second_vlm_evaluator,webp,gqa_2411222,0.25,73c99406faa0799b80412b6b39169ef5df7288ae6924c152246634ca092aa464,7340
8192,second_vlm_evaluator,webp,gqa_2411437,0.75,13d67db178768b3737b2bb4132374c2c48e7e774d8bb62bdf921288042737c26,6624
8192,second_vlm_evaluator,webp,gqa_2411812,0.25,ceceeeb3ddb2fb6b2ea5c0d5da9f9884c4a584df73a4d3c66b15af094d33ebf1,7742
8192,second_vlm_evaluator,webp,gqa_2412131,0.75,a6e0d48de93fbbe05ef71c5cdfb88419e0f16c382cbdc08888a14c9a232b6af7,7950
8192,second_vlm_evaluator,webp,gqa_2412204,0.5,65a0aa2096ac1bb8e3ccd0a1693fe0c11958da55d9d9563b9dc1d5ff05b03eb4,6890
8192,second_vlm_evaluator,webp,gqa_2412339,0.25,57cfb2a4c32473ae2510a458d29296f3ce45f7e18e8ff46e1ce38991910f5bfa,7894
8192,second_vlm_evaluator,webp,gqa_2412511,0.5,6c3f447ecd0870e8c5b79b8a5730e044cffe7a8bc805997eba243663f4567e88,7494
8192,second_vlm_evaluator,webp,gqa_2412542,0.25,118bdfaa5cefb485b2660b8d01b25345296c4f96053f94c69b8d0ab6eb94ea1d,6752
8192,second_vlm_evaluator,webp,gqa_2412554,0.25,272180aed9f89c888bf59ca4589a5d842123a00c123c11537849859a3f1def04,7932
8192,second_vlm_evaluator,webp,gqa_2412648,0.25,6819338d7a97b708add65fb66cd921ea87d84a7a0fb002ba68d5354b81a35991,7694
8192,second_vlm_evaluator,webp,gqa_2413325,0.25,f6671a18faf495e1b8df024f8e9bd96d67ab26da50450f17c297f3b87ff415dd,7932
8192,second_vlm_evaluator,webp,gqa_2413380,0.25,e82ab6b106bae508bf4e3dd97d6305132bd11b89998438d1eac40362e338c57c,7444
8192,second_vlm_evaluator,webp,gqa_2413428,0.75,da998fe6387a5be3571a154d3b7385d8218d87f8b5b8c40a3dadadb4205292ea,7094
8192,second_vlm_evaluator,webp,gqa_2413503,0.25,946f30184a0704d3b0839415e2ea5b13c3857c8e41cbf12bec399947e723d8a5,7140
8192,second_vlm_evaluator,webp,gqa_2413957,0.75,dd672f638605816b0c28fc8fac6e40a40b63359d47b88ed8794530ed2b990c1e,6792
8192,second_vlm_evaluator,webp,gqa_2414149,0.5,247703c168485dc1d6dc23aa151e4297a375dacf39f35335c332ac3158d9b170,7460
8192,second_vlm_evaluator,webp,gqa_2415921,0.5,9b31b4adecddd6959262118f2d2374508a7d0d10544e7d3129cb982e64c99591,8180
8192,second_vlm_evaluator,webp,gqa_2416038,0.5,c46e6be72dd4640d47705c2a2c590e6d0f0d2b2d17bd3065c7afe1371c7b86c2,7974
8192,second_vlm_evaluator,webp,gqa_2416080,0.5,ad3373ea89ab76f20196d670a2d7d9ae6e947667a163a18eddad2436e33f0e09,6688
8192,second_vlm_evaluator,webp,gqa_2416156,0.5,2d9440c5fcab31d3caae26a189d26529ec7aea625d2ee9e188854916d932b676,7198
8192,second_vlm_evaluator,webp,gqa_2416484,0.5,b214f9a3f97c65384e040f3e3f9e444d8d19e3a1d371a46f8921e0badb6f0f87,7832
8192,second_vlm_evaluator,webp,gqa_2416524,0.5,e2376003990a60cb9b91586ee563b03342d0ac6a40c9e9677b36a02964a57cf7,8148
8192,second_vlm_evaluator,webp,gqa_2861,0.5,8acc9587904e2e8bf67217edfec8c7f8352a9052f28c0b7751497c7927e4f620,7874
8192,second_vlm_evaluator,webp,gqa_498006,0.5,7a7d0f22b104be27cfbce5f4db08beb4b671ab808f779ff9ea91d369ed9fd6f5,6904
8192,second_vlm_evaluator,webp,gqa_713795,0.25,b6a1ff91fdb79aef2582daa00c0bc5d81cad75476e1f69e392bc1d0e5ed2aca1,7810
8192,second_vlm_evaluator,webp,gqa_713928,1.0,dfc4b534e598793b61635a2e8c801eb076e66d6442f464b74e6acb2329271fc9,8166
4096,second_vlm_evaluator,original_raw_oracle,gqa_150292,0.5,b03f11339d9b6c7e506ab50ebab447be726093f69737436ae78a3f1cfba07776,196608
4096,second_vlm_evaluator,original_raw_oracle,gqa_150295,0.25,461009266cb64b33a458975892e5ccfdc4c75fe9a577b042d35efd076e875d79,196608
4096,second_vlm_evaluator,original_raw_oracle,gqa_1592103,0.5,e366e437169bdfd9ddd5481b59afb9aa184f32f3c58bdc6b8e7baf9a5d0caa10,196608
4096,second_vlm_evaluator,original_raw_oracle,gqa_1593007,0.5,684eb3409059a36a001d564eeb7607e810b6394f72ff962e1ddbccb3a6b785e8,196608
4096,second_vlm_evaluator,original_raw_oracle,gqa_1593177,1.0,9a7172f036ab7f18ffa0b366532411fa1d7e43df0205d6ddc8074b86ffaa41a5,196608
4096,second_vlm_evaluator,original_raw_oracle,gqa_21,0.5,d2af16b9f9f91e718334e6d9ffff2316637d9bf21ce307b9781d481d1c9c7410,196608
4096,second_vlm_evaluator,original_raw_oracle,gqa_2162,0.5,fcd3f1486ca2e05fcd0961e24b3665a8156d776c18628ef8744d86b3a3a27983,196608
4096,second_vlm_evaluator,original_raw_oracle,gqa_2315383,0.5,7ae075ebea6e177f2bddf5020fd42142f53b617f3e6c3df1529ffa0d5ee652b6,196608
4096,second_vlm_evaluator,original_raw_oracle,gqa_2315569,0.5,0fa3f3514f1e8d88f504ccead8f4d4b453b4a4e388f70c9c4ea5617322c00740,196608
4096,second_vlm_evaluator,original_raw_oracle,gqa_2316535,0.5,85eb186c0e3ac496da4a746cf2086d78f503396ae93ed87a83753028315f7393,196608
4096,second_vlm_evaluator,original_raw_oracle,gqa_2317060,0.25,b14193e19ef467ddf8616ce8096d5d7d88a2cc6e8b11b0853d118a061072bef4,196608
4096,second_vlm_evaluator,original_raw_oracle,gqa_2317411,0.5,66d11abbce9347a40a6bcb8c22d14efe156a9b40bef3790c858f582235730695,196608
4096,second_vlm_evaluator,original_raw_oracle,gqa_2317542,0.75,a38f4a27019fd5341b91341461c69361f971886ab001bf65b5039ecbafbdb6db,196608
4096,second_vlm_evaluator,original_raw_oracle,gqa_2318349,0.5,457fdb1ee724d46d6d5c0465bca47c85e54c13d72e5ef0756534a5be6bbb5542,196608
4096,second_vlm_evaluator,original_raw_oracle,gqa_2318586,0.25,3b1702725bacf8e9bbd870f15cc983aa53349445c495558da2b3a77640cbde88,196608
4096,second_vlm_evaluator,original_raw_oracle,gqa_2319715,0.5,96beb2876815391ba017fb5c35e353e4a855fbf5711eaac78a7dc5fb97e99a19,196608
4096,second_vlm_evaluator,original_raw_oracle,gqa_2319755,0.5,3c04611b91ebf29f5d09bab33646fc4f8b8a7ff7a589777a76c3db14912d0af0,196608
4096,second_vlm_evaluator,original_raw_oracle,gqa_2319825,0.5,b2876ec29896ee398ce56df91f0355e399a81cdf4707a820bc19fe1b1d3eee22,196608
4096,second_vlm_evaluator,original_raw_oracle,gqa_2320260,0.5,ebe722ff2ff462b1df2fbd34b598019bb37ef3b726f07c98c8f5455d63b3e060,196608
4096,second_vlm_evaluator,original_raw_oracle,gqa_2320864,0.5,c5fc01e8660f211356b620445215b074a461224d4f93b013eb7db570eb1ebd77,196608
4096,second_vlm_evaluator,original_raw_oracle,gqa_2321166,0.5,dc613ba8428a6e6b1fb29ac3c1c9752703cb9db98fd876119ae3f417bdcac889,196608
4096,second_vlm_evaluator,original_raw_oracle,gqa_2322185,0.75,dffced64deb2255973afd63224e053c11ecbaa80754cb3f37f11f19afa6ebc65,196608
4096,second_vlm_evaluator,original_raw_oracle,gqa_2322244,0.0,562bac6a3aced1cfb0479b24efe816ae1b8055aaabc07b89a1be5b0202defd6c,196608
4096,second_vlm_evaluator,original_raw_oracle,gqa_2323032,0.5,2851ec3bf0300d03273e1bf668bf4f13b2198db7b33477e3e0dd5a29823324a0,196608
4096,second_vlm_evaluator,original_raw_oracle,gqa_2323780,0.5,c54c85d9551b93b24f14636bda3194ab94c6c60582ee878c856143283bc8fdeb,196608
4096,second_vlm_evaluator,original_raw_oracle,gqa_2324119,0.5,d5161928483492d50d38c526c964823ab26be3e16533a7076f873132ff73de26,196608
4096,second_vlm_evaluator,original_raw_oracle,gqa_2324322,0.5,9e25056196a2b010e20a34c32658ca0b23bc189de83cd7069d8f1f8d88e91e57,196608
4096,second_vlm_evaluator,original_raw_oracle,gqa_2324466,0.75,55aa0c9209572529ca274134e2a2760bf662cf9d7bc82387b286a919647c5c39,196608
4096,second_vlm_evaluator,original_raw_oracle,gqa_2324606,0.75,ccd9cdd0adce79000c1c674e8a51b028b843350adb5894968247282d40fbfac1,196608
4096,second_vlm_evaluator,original_raw_oracle,gqa_2326436,0.5,01c4ab2e25c8e5558f8f539716e0f7cae120ca4e2e7b338e40e4cb3741d8282f,196608
4096,second_vlm_evaluator,original_raw_oracle,gqa_2326899,0.5,ebe9443f2e4dc8cf5ff9f2a2a92240c0668371467835d35a789f885b78acd338,196608
4096,second_vlm_evaluator,original_raw_oracle,gqa_2328171,0.75,fc3de3cd4bccfaeba92673113a666398bbeb3aa007a7a4dd6a8cf1694652333f,196608
4096,second_vlm_evaluator,original_raw_oracle,gqa_2328273,0.5,4cfce15cacf3f4fe391cea6ee27fe046f7b3ed7f2ca26040336cfccff8901249,196608
4096,second_vlm_evaluator,original_raw_oracle,gqa_2328788,0.25,8eafdaf6d7410bfd50fd3518c7068b8c1080297e53c70244e426a2c054a55f97,196608
4096,second_vlm_evaluator,original_raw_oracle,gqa_2328825,1.0,c513a59ef15e5bac6efc068bd288f43e180910fbcc91626825bd09e27dfdd815,196608
4096,second_vlm_evaluator,original_raw_oracle,gqa_2328879,0.75,9575803297dead347495985c9be147b2f379c22908f0665938a7b81a9f48f85d,196608
4096,second_vlm_evaluator,original_raw_oracle,gqa_2329566,0.25,5aacc6c119098d68b23051cce8c4a14ef31a453af954e16495a5429ad8a1af1b,196608
4096,second_vlm_evaluator,original_raw_oracle,gqa_2330438,0.5,401e3a3648a899119de1f82665cadce14b1c3ad622a07b6c45364a1062bebc17,196608
4096,second_vlm_evaluator,original_raw_oracle,gqa_2330917,0.75,350ca205a72b9c2ef0e7ae9e8c4ae00cfa382a5cb0e91c3337593ee1604dfc3e,196608
4096,second_vlm_evaluator,original_raw_oracle,gqa_2330972,0.75,69672526268ff73ca21e538986adb0ac5e2c62e7a13dc19a9ab215a03cf23b58,196608
4096,second_vlm_evaluator,original_raw_oracle,gqa_2331876,0.25,729604b825c0d0edaf6db60991ed19440b59377fc32d77c4870d2d0d645435ba,196608
4096,second_vlm_evaluator,original_raw_oracle,gqa_2331963,0.0,804e0e5d873ec3ee3de724846d3119328ccaa92c0e629f0d2711f14117e80952,196608
4096,second_vlm_evaluator,original_raw_oracle,gqa_2333075,0.75,38559afd502bdbd9c911a441113c7338779541574847ab60e075c604bad8cf57,196608
4096,second_vlm_evaluator,original_raw_oracle,gqa_2333428,0.5,2f99376033314447e91dbbba940ed1c77775feb93da44052c821d1a2eb8bf8d1,196608
4096,second_vlm_evaluator,original_raw_oracle,gqa_2333525,0.5,c6225410a7159b32860df32e0280a8d8f02976105991d446681bde88f1cfaf22,196608
4096,second_vlm_evaluator,original_raw_oracle,gqa_2333677,1.0,e9fec512d00190a6c9d7eabc34be78359c0037d183e9a3629ae032fc644590a7,196608
4096,second_vlm_evaluator,original_raw_oracle,gqa_2334914,0.75,78dbf2d5540f7cbfed26e85f3c7fe0e85123623aac7bffcf682799c3d75361be,196608
4096,second_vlm_evaluator,original_raw_oracle,gqa_2334989,0.75,65a9ab0b43efac4f896f254b63d8b77be16bb1103cbe728ab9ee55f1d103ff0a,196608
4096,second_vlm_evaluator,original_raw_oracle,gqa_2335384,0.5,84cb157e45374fe6eb4b9de519be9ed25fd8629c080580688ab8a1f5a6e621a5,196608
4096,second_vlm_evaluator,original_raw_oracle,gqa_2336817,1.0,7319bbbbafb8f962f2b50ba864506dbe072e00540b59886f2395b9b0fcef0686,196608
4096,second_vlm_evaluator,original_raw_oracle,gqa_2338336,0.25,4424e9ce884fecd02b2c8a06420c705f5cd892e364ebf30476dca6466673b188,196608
4096,second_vlm_evaluator,original_raw_oracle,gqa_2339471,0.5,bed8651a7eafac2e25861920c18bf7f2b806483d26b264cda06abae153c9bb43,196608
4096,second_vlm_evaluator,original_raw_oracle,gqa_2341361,0.25,1edaee336dc7f2c18e3e666d43dda87557e186c2954c53f56efa3f019197e671,196608
4096,second_vlm_evaluator,original_raw_oracle,gqa_2341476,0.5,f7e9d37e102d7c683ba69e423356213e6dd20c53b2ab35bcb491190123b21ab4,196608
4096,second_vlm_evaluator,original_raw_oracle,gqa_2341576,0.5,3400cfbf15d0804f9993c0e56034c1c84e5aadb0638ce2e61cb79a3b581d928b,196608
4096,second_vlm_evaluator,original_raw_oracle,gqa_2341611,0.75,19a1df8f081cc967fa5c124360c935401c94b7f7a0ef32dba37cba0db9f51b94,196608
4096,second_vlm_evaluator,original_raw_oracle,gqa_2341637,0.5,9b2a843a36f52e3f2d0b44f9ed00f3a29ff82aaeca1d55079722167ce15bc6e7,196608
4096,second_vlm_evaluator,original_raw_oracle,gqa_2342147,0.25,194f0d5b69d6940d2a61eaf41f697992ce10e78df9ed6f2ef18fffa12ba6cba3,196608
4096,second_vlm_evaluator,original_raw_oracle,gqa_2342323,0.75,1c206c3f6825a0cd644597c7951d8d0e2e585cae8a3e0211b725631d2984e87b,196608
4096,second_vlm_evaluator,original_raw_oracle,gqa_2342333,0.5,e686dc998cc5f220e08e5a4302f0540cba2460394f54a59a58a115f3695f87ef,196608
4096,second_vlm_evaluator,original_raw_oracle,gqa_2343201,0.5,df4ba80a7cad5d24bed251eebed2f2de7fb52d09c0b7d08a2362826a0a3282a8,196608
4096,second_vlm_evaluator,original_raw_oracle,gqa_2343287,0.25,3b0ee373651e94a51086325ac5d727a27d197a41533073d7531df4414e678d46,196608
4096,second_vlm_evaluator,original_raw_oracle,gqa_2344297,1.0,bd655f5c0d3eb68167a94b648413f42edb26b8adec31b4c73a74bbd8290ff503,196608
4096,second_vlm_evaluator,original_raw_oracle,gqa_2344488,0.25,122e05a5f1009fc644b713db29d962a8a47e455804d6551a2ff58184da07648c,196608
4096,second_vlm_evaluator,original_raw_oracle,gqa_2345081,0.25,6640e95f88a7502469fa672cfb9c5dd134964543351f4d99adb0528c34e7edf2,196608
4096,second_vlm_evaluator,original_raw_oracle,gqa_2345482,0.25,3045549e2cad817aee05b0cfa0efc1eded505d9f5866f42a6276d807e727af6d,196608
4096,second_vlm_evaluator,original_raw_oracle,gqa_2346467,1.0,d1e3ea705f723c250b4d0ed6964781961fcc9c453573f9cee39b91cac6c0b795,196608
4096,second_vlm_evaluator,original_raw_oracle,gqa_2346957,0.75,90f89aa8fd765fe88769e76bdd77be9aed8cf721787c435b35b3f9e82e73bd76,196608
4096,second_vlm_evaluator,original_raw_oracle,gqa_2347367,0.5,5e35a8985965c1577f27c4dcc6b169fcd89785dc592352477e5f105827370d8f,196608
4096,second_vlm_evaluator,original_raw_oracle,gqa_2347450,0.0,c319218cc75c08a17d3ed46fd997cab0663593e4038c4a31a2a3f9cd98b05c59,196608
4096,second_vlm_evaluator,original_raw_oracle,gqa_2347772,0.5,2bbc4bd15250818a0c7e20170c08bff967c81e2150a5cffab4b6029ba8f0bf97,196608
4096,second_vlm_evaluator,original_raw_oracle,gqa_2349334,0.25,885c98c4ec2b923167e2e8fd576e7025195ce77fb44e932adf3d9b386ba1e81c,196608
4096,second_vlm_evaluator,original_raw_oracle,gqa_2349746,0.25,d561496ab547dc55dfb10de9cbffd264170b0bc5b40a997c41f3ac28d168e5c8,196608
4096,second_vlm_evaluator,original_raw_oracle,gqa_2350006,0.25,fdbaf0a0c549c96b0d26858ddef995c8332cb2add2f170e78bd7e780a70195a6,196608
4096,second_vlm_evaluator,original_raw_oracle,gqa_2350743,0.75,60c6077ab437337625017b2f10ccc6f92aa93b2b946d021a720d59ac18e4b8ea,196608
4096,second_vlm_evaluator,original_raw_oracle,gqa_2351967,1.0,7ec43be72450cdcd7d186da1b6a2f7151cc9d0709d84449b26e8f5fb6687c36a,196608
4096,second_vlm_evaluator,original_raw_oracle,gqa_2352092,0.5,4c5cc49aef7f27cc508d6dd4f46fd094d34108aee9302be534ee0e5de984d57f,196608
4096,second_vlm_evaluator,original_raw_oracle,gqa_2352324,0.75,b789bed3c348399b242777f9843102b74ce5a38eee1904b46effe5beb3336c57,196608
4096,second_vlm_evaluator,original_raw_oracle,gqa_2352785,0.25,90147844cbd483e251598988725979d36e5b34a8769ec71c8ebf441c7cecd7d0,196608
4096,second_vlm_evaluator,original_raw_oracle,gqa_2353322,0.5,5b8b679da7da61e9ef465f830488431ac2bc530636b9fa8b08697ed7eec8384b,196608
4096,second_vlm_evaluator,original_raw_oracle,gqa_2354715,0.0,daa59b11ae6b4ab8ae417cf022f1445e3534570e94646800c44741405d7ef87e,196608
4096,second_vlm_evaluator,original_raw_oracle,gqa_2355212,0.25,ff5287a6eb739fdfda3595bc257d82a8fab278182a914fa050372bda4b6d01a2,196608
4096,second_vlm_evaluator,original_raw_oracle,gqa_2355385,0.5,cf71ecd62e3bb626e40bba3cd9c054e5b972ab12382ac910aea5af0c33f000fb,196608
4096,second_vlm_evaluator,original_raw_oracle,gqa_2355528,0.75,f552d2f79665acd59d5f1b9e7748fc9592d3969e42698552fe66c64676f9cf87,196608
4096,second_vlm_evaluator,original_raw_oracle,gqa_2356041,0.5,0cf10269826f22ee1b336fd1089415c7bacb273f91ab0932c239500b863d266d,196608
4096,second_vlm_evaluator,original_raw_oracle,gqa_2356089,0.5,96e416a8ee552868d9d8d136a6b3abca674b1b36e525f936def96880178f2a94,196608
4096,second_vlm_evaluator,original_raw_oracle,gqa_2356227,1.0,ccd743d690ba63f6f2c88d8750f2474d36a04335fa3b268681492476aceec70e,196608
4096,second_vlm_evaluator,original_raw_oracle,gqa_2356577,0.5,bdbd3b7af66ee21f39b3fb1e617f8064336a6a1d7ac62788490a4cc2aac8fe7a,196608
4096,second_vlm_evaluator,original_raw_oracle,gqa_2356747,0.5,05ce1ed75fc4ddc24b3755b7e8e909d5d443a0136f22472aa5ddaaae12d18b2e,196608
4096,second_vlm_evaluator,original_raw_oracle,gqa_2356833,0.5,8e24c42b23f1961259da917b23408ded696f4307e4a8d692b1c37c2ac29c0f41,196608
4096,second_vlm_evaluator,original_raw_oracle,gqa_2356972,0.75,efc349b8ce718a704350932bd3be47084a26a752fe8897b8e605ce8ff3cc32c8,196608
4096,second_vlm_evaluator,original_raw_oracle,gqa_2357882,0.5,6f9a35436ccb2f06c3c8a27f8d57dee69d2117b7f258fb508f9be7178a55d0ec,196608
4096,second_vlm_evaluator,original_raw_oracle,gqa_2358111,0.5,05213db1f05fd155c74338c7579b81ab27b11eca029b8995e5cda9ebf382a7a1,196608
4096,second_vlm_evaluator,original_raw_oracle,gqa_2358186,0.25,79d5a2870c9dba354aaae01463f40d6d4840149bc4aa2b8da50917d0e4785e3e,196608
4096,second_vlm_evaluator,original_raw_oracle,gqa_2358464,0.5,795c35fb11182a879571508cd7e75c12aa8f2a4b0733757c74d37f18098f2965,196608
4096,second_vlm_evaluator,original_raw_oracle,gqa_2359192,0.25,630a89faa8ab4c83cfa406019d17d6c584ddb2aca1ad7a6340498f546563ea84,196608
4096,second_vlm_evaluator,original_raw_oracle,gqa_2359195,0.75,d60a0ead9b811fc5dbba95beec16777ce3ca9606e1de246ba7134e7c1ad7e9d3,196608
4096,second_vlm_evaluator,original_raw_oracle,gqa_2359351,0.5,288f64f4ce6b79c21281a8405365b1f9cf5528e979435e87c7fd8a0d1cb194e1,196608
4096,second_vlm_evaluator,original_raw_oracle,gqa_2359470,0.75,80c273c29f8e4b158ca13374f99ad4e49735eb5be4ebe3f8ce554cd113e099bd,196608
4096,second_vlm_evaluator,original_raw_oracle,gqa_2359924,0.5,95c739f229a6a30ce8dec925d29d14bf1f11cf2b1692afee3bfc8bc8c516f3a9,196608
4096,second_vlm_evaluator,original_raw_oracle,gqa_2360103,1.0,8379e9365f77c3dcafbfa835ffa5826dcfc8e9d83a50ef7ec2f69100ec174f69,196608
4096,second_vlm_evaluator,original_raw_oracle,gqa_2360831,0.5,b0422c6de13db951a9bf126117cef54bc7694bea39c4ff4a1bd900101abcb204,196608
4096,second_vlm_evaluator,original_raw_oracle,gqa_2361815,0.25,fab1468adceefbf387f530ddb5717b312d7a7ff747c830c561f8374f34842532,196608
4096,second_vlm_evaluator,original_raw_oracle,gqa_2363074,0.5,d367f2cccd2e291ea9067e8705a490020afa8949cd2ccab98efca01897a0e331,196608
4096,second_vlm_evaluator,original_raw_oracle,gqa_2363203,0.5,3a4157be49037859c376d26841fe9be24e99798305a95cf9f714ea49ad152595,196608
4096,second_vlm_evaluator,original_raw_oracle,gqa_2363269,0.5,7c98a10c482e2f154269b2ea5d2d1e87953a26147463b0dfaf39e9a156fa1a57,196608
4096,second_vlm_evaluator,original_raw_oracle,gqa_2363444,0.75,9de9815505cfc63a1a51d6c40524ddde74983a16d4bc6f112e8b6e22172b0e69,196608
4096,second_vlm_evaluator,original_raw_oracle,gqa_2363706,0.5,c2b215d08576831d7ecaf359fdee83ae1096d97542a4555b76c10c3952b9e137,196608
4096,second_vlm_evaluator,original_raw_oracle,gqa_2363979,0.5,862fdb6ed90d911794f23061f2ac966360077d0103064150986a8755c2646623,196608
4096,second_vlm_evaluator,original_raw_oracle,gqa_2364335,0.5,438aea71e943bbe9ae02f79f1e8192b71519e6a546d962f3e4f7ecf477647c07,196608
4096,second_vlm_evaluator,original_raw_oracle,gqa_2364614,0.25,c16ed613b62f30f56aa2d6a66c5b3d28dfcb5c93f4e25f1932dd3d574c978ffe,196608
4096,second_vlm_evaluator,original_raw_oracle,gqa_2364774,0.5,9b546e80fbbce7b0d60f64ddde37a96d7039604c087e1a4bf81a237ca6587b87,196608
4096,second_vlm_evaluator,original_raw_oracle,gqa_2365176,0.5,b0b6ce8c7edee045ce2509be3018be8677b5a571fd306544a20430f7015388e3,196608
4096,second_vlm_evaluator,original_raw_oracle,gqa_2365398,0.25,ca129ddf34a9070c0ab5922f9de43db18ed649fcea4400bce7ac90ae61933384,196608
4096,second_vlm_evaluator,original_raw_oracle,gqa_2365435,0.5,c8cb5325b0429f6337ac1728d03a1b2e8e1573065621941d45918fe18c3b99d5,196608
4096,second_vlm_evaluator,original_raw_oracle,gqa_2365505,1.0,c4749d70c8b524874b13ba610a8e9e29c12a206fea1c9b120c219b3a764c53ed,196608
4096,second_vlm_evaluator,original_raw_oracle,gqa_2366157,0.5,36f721ee7c8dd840647bb0414f0370b55668552c412a19581f876d610d0d82a0,196608
4096,second_vlm_evaluator,original_raw_oracle,gqa_2366510,0.5,649fb3a49e5a20fa4ddcd785e806577921df9c85edabadfd08b0d5ed92522f5b,196608
4096,second_vlm_evaluator,original_raw_oracle,gqa_2366645,0.25,7e148ddf17c85c97bed377b229acf26a74b2bd2f82c9f53707a99712a5a86e74,196608
4096,second_vlm_evaluator,original_raw_oracle,gqa_2366958,1.0,562a2751b03a6a09d2cc3ad5349b67c3ccfbfdf5de9214c1568f1ff85916d1e7,196608
4096,second_vlm_evaluator,original_raw_oracle,gqa_2367190,0.25,c66497109ff96c8d5c04252925ef8b6dc80213cbdfb998b726ff41951235d9bf,196608
4096,second_vlm_evaluator,original_raw_oracle,gqa_2367328,0.75,6ee0da07007ef44fbb5cce0301c02cab7de8c3080200e6ef4caa8c275f91fde6,196608
4096,second_vlm_evaluator,original_raw_oracle,gqa_2367639,0.25,b1bb93c6242b6ad278dab8358f1ec8717af2f170b88f1d1cc8892e93d05395ea,196608
4096,second_vlm_evaluator,original_raw_oracle,gqa_2367770,0.5,87942048c26875fc2d99f3f4abca0bd60ee21a65558e70d05679cee6d3cedbd4,196608
4096,second_vlm_evaluator,original_raw_oracle,gqa_2367977,0.25,dba5e3042f2d9eb6b13a4a5a4bbf076f19c6f3058891d847f42b515c4cee2bd3,196608
4096,second_vlm_evaluator,original_raw_oracle,gqa_2368884,0.5,fa38f61026c442b9237111ca9a0cfce87f0dd0393632c8189242b8084a4f273e,196608
4096,second_vlm_evaluator,original_raw_oracle,gqa_2369906,0.75,859a06e0b6070f5d5d8ecc059a125b4c9bd6f9c281e138ec11e5d699dbfe0dc7,196608
4096,second_vlm_evaluator,original_raw_oracle,gqa_2370047,0.25,7d17c4b32c9b1323427485e9da1ac7c55b160e00be1feda858dc2975f3ac7ee6,196608
4096,second_vlm_evaluator,original_raw_oracle,gqa_2370242,1.0,51a419e96afa363399e866336011d943514c81b6f8b7c88c697a1127e8b37209,196608
4096,second_vlm_evaluator,original_raw_oracle,gqa_2370329,0.5,5ece42ac0dd0895120c81f25a4bdf679f4a5cde75be042b4202be3e00299b943,196608
4096,second_vlm_evaluator,original_raw_oracle,gqa_2370859,0.75,185156f893d6f97c2b9ab0e2a4a0b4553f8634508ec51e28e7cfdcc9b5405333,196608
4096,second_vlm_evaluator,original_raw_oracle,gqa_2370968,0.75,a7a8ad8b0142c0f52c7c351bcce2bd75ac3bf4e1e9ee05b24aff695978de92ce,196608
4096,second_vlm_evaluator,original_raw_oracle,gqa_2371504,0.5,45ab688020480e94a712e437d4a5d30e3bd933a33be66d27d83e36f0a8e4d8eb,196608
4096,second_vlm_evaluator,original_raw_oracle,gqa_2372977,0.75,b9601cbfbd05c017f00401ce9ab786623b4835c8be7ec98b6585736a834b244f,196608
4096,second_vlm_evaluator,original_raw_oracle,gqa_2373259,0.5,c9fe99c3d8a1bfa545290604b2dbb770f4fe4e29c31b74da7d81609fbf973f90,196608
4096,second_vlm_evaluator,original_raw_oracle,gqa_2373271,0.5,14be40a6e91f1b011ad9bc35295973340739bfa30a8fad740a674334340daaa3,196608
4096,second_vlm_evaluator,original_raw_oracle,gqa_2373294,1.0,c7cb412178e35365cad70b636a31ccc273439a6005221821ec93bc27617ade22,196608
4096,second_vlm_evaluator,original_raw_oracle,gqa_2373590,0.5,33c65d4a4857a1615534d4fbd9c457a90d8892b79540a2fc83a5e858d3b71b3e,196608
4096,second_vlm_evaluator,original_raw_oracle,gqa_2373592,0.5,47c9b1335d9754ad8db249fc233fe85b3e219119990b6ab286f9eef6595185a2,196608
4096,second_vlm_evaluator,original_raw_oracle,gqa_2373967,0.25,ce4b143d36c9a112dec4b5274a1b188023b20d9c9636f306b5fd46b19935fae2,196608
4096,second_vlm_evaluator,original_raw_oracle,gqa_2374540,0.5,221309f35689e402bf6a613aa4407c98dbb553175a81d3b5b8af88eea8f7dbbf,196608
4096,second_vlm_evaluator,original_raw_oracle,gqa_2375091,0.5,68c8c28c18971163884ceeb6e69459037624b0e4fbc1d3f07c1ac8849138c79f,196608
4096,second_vlm_evaluator,original_raw_oracle,gqa_2376266,0.75,7663a7d3811e7245ddc8b46de6e9cadc0a77d378d76174fdcb8874a5ab1c41c3,196608
4096,second_vlm_evaluator,original_raw_oracle,gqa_2376766,0.5,b6c6fa2c12b8bd5914bff924c34fe1c76461203f91b40f6f6d0caefb16f427a0,196608
4096,second_vlm_evaluator,original_raw_oracle,gqa_2378273,0.5,e6ed7db5139868fbf10745d4592b2188560e8523189931e8674df6ffd02a61e4,196608
4096,second_vlm_evaluator,original_raw_oracle,gqa_2378436,0.5,12f53370e1e2bb9654461ac0a0a35c1654279214786d44e9e7e46a019519d6d8,196608
4096,second_vlm_evaluator,original_raw_oracle,gqa_2378739,0.75,4e2ce960ad589572d3baa50cc2a7ccfc4851d8c08171f412ff40f2450fca8479,196608
4096,second_vlm_evaluator,original_raw_oracle,gqa_2378917,0.5,6708ff7ae94345d6e6e4052a7e14e81b57fbab4257fd313f03ee0cb308cb4e86,196608
4096,second_vlm_evaluator,original_raw_oracle,gqa_2378984,0.5,8ceb29de9881821fc0fb1a820a42b7fdf2687f88ec876b90462411d68bb48d3b,196608
4096,second_vlm_evaluator,original_raw_oracle,gqa_2379178,0.5,0032c1008ee6c126335f6e3a1ef6df327b5a95b027d8e71c5f8300932ebe48c1,196608
4096,second_vlm_evaluator,original_raw_oracle,gqa_2379791,0.5,d844532a60721845fb2f7be24df452e209562031268293f1eea68262e2e19946,196608
4096,second_vlm_evaluator,original_raw_oracle,gqa_2379897,0.25,fc96518441a8ed62bdbb56c97e8b7c1e826e21fa87cb91f55826c84515668200,196608
4096,second_vlm_evaluator,original_raw_oracle,gqa_2379906,0.5,4d878158bf7a4172b562c0e96276d99231044ac14600a23a75a8ff966fd6ad62,196608
4096,second_vlm_evaluator,original_raw_oracle,gqa_2379919,0.5,50cdb2ed733afdb6c6b16b104194cccd0a3849891b9ad88c0b1d9473ad68fbe4,196608
4096,second_vlm_evaluator,original_raw_oracle,gqa_2379961,0.75,57446b50894e70ef13d34f670e1c4470f4ac8b0ff94aa54e3168f90d8c1042f1,196608
4096,second_vlm_evaluator,original_raw_oracle,gqa_2380291,0.0,fa599dd71459a18a8fd22d326f12829f2c9b9b2b2e4d66e573d9c8d0eabac18c,196608
4096,second_vlm_evaluator,original_raw_oracle,gqa_2380436,1.0,753b671de753d52b099c13214a4d395fe397e516f94761a7838892bdd9ba6ff4,196608
4096,second_vlm_evaluator,original_raw_oracle,gqa_2380691,0.75,c2da52f46cc8f8f0495bf9152bed5f48d4fc3498ad9e3eaeb139de1d56a89870,196608
4096,second_vlm_evaluator,original_raw_oracle,gqa_2380720,0.5,7ace51b941a08d4d85c68f2057baa5015f3babe88663a7eba02ada3e815b7a06,196608
4096,second_vlm_evaluator,original_raw_oracle,gqa_2380779,0.5,674ded670e2fa78555f0baceb2d50a302645961a464dff32e799e847f4344008,196608
4096,second_vlm_evaluator,original_raw_oracle,gqa_2380873,0.5,b06359ec62d6e5362b39a0837ac85f1238a77d5f48319e1cb36f815fc9f35bf9,196608
4096,second_vlm_evaluator,original_raw_oracle,gqa_2381128,0.5,888dac177d5e2a41c94ece63fb445d0546e7a9052b07315c6fa2efe2056aaeaf,196608
4096,second_vlm_evaluator,original_raw_oracle,gqa_2381547,0.5,85bf17032f09e1a5e33ef88a8ace0c1e06a0cea89ca682bf95388370867c28ac,196608
4096,second_vlm_evaluator,original_raw_oracle,gqa_2381671,0.25,2f67a1efe634c2218212fa9a7ead1460ddb8b4222f717b4fd427eea6c1b25e6c,196608
4096,second_vlm_evaluator,original_raw_oracle,gqa_2382178,0.25,0a775bda7dabe758507559a5aad55aa0f3f740c424efaa2342864fba13432cb1,196608
4096,second_vlm_evaluator,original_raw_oracle,gqa_2382460,0.75,d0b079557d79a405cadea756c1a6aff6b8cb6e982598a8dcc8f7b21ec9def772,196608
4096,second_vlm_evaluator,original_raw_oracle,gqa_2383023,0.5,563ba9a55a44345885165dfa6d9f8e19950393f25b2404aba72b5de2da0b3c41,196608
4096,second_vlm_evaluator,original_raw_oracle,gqa_2383204,0.75,b52f45bd84c045e180a8dacf5f198d5aa2726c65dd48597bd83c42316e144d8d,196608
4096,second_vlm_evaluator,original_raw_oracle,gqa_2383269,0.25,ad51aafc1aed691439e2fff1925118bf481f7e11a9b7c52f8c2b1b3ef21c977a,196608
4096,second_vlm_evaluator,original_raw_oracle,gqa_2383696,0.5,b4afaf89d76560b166207e979dfdb3668d7dd45ba1a7f8e8de243b0df2272fc4,196608
4096,second_vlm_evaluator,original_raw_oracle,gqa_2383963,0.5,da2b26d46deac66f51e940f8a648312b77f640de4b8754e4517af3f83bfa9265,196608
4096,second_vlm_evaluator,original_raw_oracle,gqa_2383991,0.5,bca8fbe2f4d6749c620b340f66b79556cc82ebaa7e56ae2deec8f35362a6ccd2,196608
4096,second_vlm_evaluator,original_raw_oracle,gqa_2384063,0.25,fee832d4a94c8b67993f7c2d9aeaf8785d2f7a209c2ec139e60fe5c2a96d0661,196608
4096,second_vlm_evaluator,original_raw_oracle,gqa_2384169,0.5,aa89f1267822cc74af8b39dc95076027307e3dd467a0aec396d92e3831253a1d,196608
4096,second_vlm_evaluator,original_raw_oracle,gqa_2384376,0.5,7a546808b3f07c023a50d09fc43abb10e07cd06142c976c4152708d7ed4793a4,196608
4096,second_vlm_evaluator,original_raw_oracle,gqa_2384614,0.5,6ccff95493f8e5f178668333c3cf7839be51e4bb2d41eacd2e75c48b8d553f48,196608
4096,second_vlm_evaluator,original_raw_oracle,gqa_2384672,0.25,3f6c81cbc1d1a622cb27e5b0f01e6130448dc01bde7c0fd722f41afa89a524c0,196608
4096,second_vlm_evaluator,original_raw_oracle,gqa_2385322,0.5,25976eaea85d01d9c5d10d75a5a3a6b6556390a78bf46a2b7d64fc9b448db735,196608
4096,second_vlm_evaluator,original_raw_oracle,gqa_2386051,0.25,e307b3baadb62b57e4abc45f93210ea77dbbb75dab89a4a435357b0dc2a45b76,196608
4096,second_vlm_evaluator,original_raw_oracle,gqa_2386495,0.75,b391e4c89819de9cd4e6c68ed50b829eda48080cfa3728b1b86971023b1b8a22,196608
4096,second_vlm_evaluator,original_raw_oracle,gqa_2386903,0.25,4d6f99986157d2a7c24b9533b5593dc3ddb688bf369ae226bf12827742f6594d,196608
4096,second_vlm_evaluator,original_raw_oracle,gqa_2386979,0.25,57134bba905cb68c230d5654c800b22169acfa069768423f1806761f406fdb8a,196608
4096,second_vlm_evaluator,original_raw_oracle,gqa_2386987,0.5,2c9b513493b73e4d61743a82d8ac9e91551244aa83ddbd31ef9da61ac97c8234,196608
4096,second_vlm_evaluator,original_raw_oracle,gqa_2387110,0.5,8cf444d61089830607596579da424278db36ae7b43c586094ce6384bff2663c3,196608
4096,second_vlm_evaluator,original_raw_oracle,gqa_2387118,0.0,63c22411a2ea00ea55a66ccf55698d345ed8792eba780f33b2e6a9c0442075e9,196608
4096,second_vlm_evaluator,original_raw_oracle,gqa_2387359,0.5,73392241cfb9ebb49b00f2b70a00e2d59c1c35fe791b638e924896d0e5a87807,196608
4096,second_vlm_evaluator,original_raw_oracle,gqa_2388030,0.5,e11ac2af753e84a6b55c642e4eed85655bd59aca3d0416935d32d59a7e16ae4f,196608
4096,second_vlm_evaluator,original_raw_oracle,gqa_2388049,0.25,fcf15261eb8ee589799ce0e324f6cb1092945d5b354e4867ed09d498c7b83a00,196608
4096,second_vlm_evaluator,original_raw_oracle,gqa_2388625,0.5,d7156b8b93a7e3457e0ec033aebacc0ef1b7af367a382b6575d2904382f81c96,196608
4096,second_vlm_evaluator,original_raw_oracle,gqa_2388805,0.25,dcac729a862fa4b9220649ba4703283219a850a1f9336aae34618331fd024268,196608
4096,second_vlm_evaluator,original_raw_oracle,gqa_2389312,0.5,41c98c44b2ec40841e947dcad04cfa08b7c73d97d9938fdd0897acc45701918b,196608
4096,second_vlm_evaluator,original_raw_oracle,gqa_2389626,0.0,23c30c200d034fe54b817cbc719df56e672a8e5cb4386257894ae6c47bdaeee2,196608
4096,second_vlm_evaluator,original_raw_oracle,gqa_2390071,0.5,7bbb415ac956f1471bad196485a4d7b5fb314c1a3b48898cb41962216335968c,196608
4096,second_vlm_evaluator,original_raw_oracle,gqa_2390097,0.5,c2b7c7ac65d195f91b3a19c2f5c215f224d347b31ce9840ce5a5802cfff9e6dd,196608
4096,second_vlm_evaluator,original_raw_oracle,gqa_2390108,0.75,a4ed5462492a395eba2884f58115dfcade35a7dc2c2de8c81134cf1058f30e54,196608
4096,second_vlm_evaluator,original_raw_oracle,gqa_2390727,0.5,b3186239f0faa47b4b6d0007ffad15689528800c81bb8b333ee2373fe7ae1b9d,196608
4096,second_vlm_evaluator,original_raw_oracle,gqa_2391406,0.75,867cf49e5041b8e320d34defa9dfe2e90e8f8c9132636e24630e3090e1fc94df,196608
4096,second_vlm_evaluator,original_raw_oracle,gqa_2391835,0.75,b02061d3f4eddfaaab8448df61edad18322c3e0c67c5a50b75fe2a256f6b09c9,196608
4096,second_vlm_evaluator,original_raw_oracle,gqa_2392147,0.75,89ae9e77b1fe5e83489397c122f695f7369ba5fae6e6e9061570fc314e492fa4,196608
4096,second_vlm_evaluator,original_raw_oracle,gqa_2392185,0.5,9272f28a43734a3d959d931b4137d59274c9216fdf21f445e62338060b39fb41,196608
4096,second_vlm_evaluator,original_raw_oracle,gqa_2392252,1.0,f0a670de737f8d4376b1d568fc56a4a4f7439d283db0ba28fb0df8d846de6670,196608
4096,second_vlm_evaluator,original_raw_oracle,gqa_2392318,0.25,abc816bc50714d13d904b618bca126c1d19736d98ffa8581819275483185f511,196608
4096,second_vlm_evaluator,original_raw_oracle,gqa_2392845,0.5,7d31bfb736d7d00806857bede6a47ce1b66e5a64ed5042b3e0978e4faacdd8ed,196608
4096,second_vlm_evaluator,original_raw_oracle,gqa_2392875,0.5,4e1a221b0b59199464b92c16989347e45ddf8574a13aa6a9bec76b21ac14c4e1,196608
4096,second_vlm_evaluator,original_raw_oracle,gqa_2393739,0.25,309c56c0a823f9d15a5d25460977eaa60db17a7338113c1df7797363bc7e9626,196608
4096,second_vlm_evaluator,original_raw_oracle,gqa_2393775,0.25,aae1d01151bf03ee48267916ca2e4bd289235523751f6a95e3d5439a367f42ba,196608
4096,second_vlm_evaluator,original_raw_oracle,gqa_2393788,0.25,3873d5fdeb900bf2ec0b2a6ccb4fb4d9a2683d68e540008d8ddc56ca06f64c2a,196608
4096,second_vlm_evaluator,original_raw_oracle,gqa_2394519,0.75,7686482a24e2f93912a59a2ec5c01184d7b4c7dfaaccb8ce40edc713d2531e04,196608
4096,second_vlm_evaluator,original_raw_oracle,gqa_2394763,0.75,93dc50174e32df986530fdecdddaa79bb035eab646aa098cad0f295af8952b20,196608
4096,second_vlm_evaluator,original_raw_oracle,gqa_2394891,0.25,045476092c58b0199155f0d3e6e35fe1153cf79c0a74762d42d848f09674275e,196608
4096,second_vlm_evaluator,original_raw_oracle,gqa_2395361,0.75,795833ceff00a434fa6c0f895976398e71de6c55bb365a85db92c9075593c5d3,196608
4096,second_vlm_evaluator,original_raw_oracle,gqa_2395949,0.25,c2716d6dfe999f245b7a4d47422fe48e1b31f568d47e6ed2cb607c8da2abfc7f,196608
4096,second_vlm_evaluator,original_raw_oracle,gqa_2396578,0.5,9ddcc63051e0a0d103e844623550392906f25d1c9bc6f0ae38ecead17bc966b3,196608
4096,second_vlm_evaluator,original_raw_oracle,gqa_2396731,0.25,82eddb809244fad14e0b27a1752b30642e1f146c5513cd2d15b31626d717c3e4,196608
4096,second_vlm_evaluator,original_raw_oracle,gqa_2396750,0.0,4324929d8a98588fb1fefd2e5d9adf93f5bdc91b5882ec11821d6e146c47076f,196608
4096,second_vlm_evaluator,original_raw_oracle,gqa_2396995,0.5,d2cb21f636b64f1ae99a25d516c90479846119db04f9c8a4ddbf73cf4ed9f209,196608
4096,second_vlm_evaluator,original_raw_oracle,gqa_2397007,0.5,38a2c4eb950d5975ced16e892de608ca7b4ca27e864fff1185a1fc1ba163c044,196608
4096,second_vlm_evaluator,original_raw_oracle,gqa_2398108,0.25,d120b16331549290db0a805bba62ced206f40b1e122beb570c52e0c759257c9f,196608
4096,second_vlm_evaluator,original_raw_oracle,gqa_2398485,0.5,f82ed6ef152eaea6a48ff57c0d0a8e9966a6ac5cfbdac6f6b970429fc4b0e235,196608
4096,second_vlm_evaluator,original_raw_oracle,gqa_2398612,0.25,e5b0621a7ce95ca6060eeb033ff7c8e547518c7b5abd427d8a37cb882d0844c2,196608
4096,second_vlm_evaluator,original_raw_oracle,gqa_2398946,0.75,96818e73a600e9e610327646daf9a315126c591b0576fe2c34d25c3f9143a830,196608
4096,second_vlm_evaluator,original_raw_oracle,gqa_2399149,0.5,e65b708c8caacaff548f879a50327e0262c7819938fee5d508755a17e8f1538e,196608
4096,second_vlm_evaluator,original_raw_oracle,gqa_2399186,0.25,499ebd26cde656d09f28f59b0e81fda34fbd14bf5e348641b1879fb9d9dd2ca3,196608
4096,second_vlm_evaluator,original_raw_oracle,gqa_2399206,0.5,fd1ce57fcc581872457f0fb64b43594509c6ecb9023d2feb28a803c3732a3c41,196608
4096,second_vlm_evaluator,original_raw_oracle,gqa_2399600,1.0,3b6615aa311480ed9042621a809bba9c59fd1bd7000c0cc91cfeaf1e37bf6fa8,196608
4096,second_vlm_evaluator,original_raw_oracle,gqa_2400016,0.25,298a9d20494e24550b9e4542fdcfc136f7ab8d1dcd50a1c17674923314794368,196608
4096,second_vlm_evaluator,original_raw_oracle,gqa_2400224,0.5,6d93894f7704834c23c9d80fa3901d17e82b7f8592f48d107e1176a4bd7ac06e,196608
4096,second_vlm_evaluator,original_raw_oracle,gqa_2400425,0.75,ac12bc76d5d59c3936c1d6c569458143aae896b8ce2ecf75bb709bb593d8d181,196608
4096,second_vlm_evaluator,original_raw_oracle,gqa_2401037,0.5,49dbee788e46ddbfda5ae54884d3c70f30f964677a165bc622b50c91b0d1f059,196608
4096,second_vlm_evaluator,original_raw_oracle,gqa_2401045,0.5,ab25a2c96e5aeeb15997a2e9d180faebcfd6aee6149f9725a16e675c09aa6b1c,196608
4096,second_vlm_evaluator,original_raw_oracle,gqa_2401215,0.5,45a87416c65c4656f08310f42f28e651de201a7521dcac1f992e3c57a5bcc0d2,196608
4096,second_vlm_evaluator,original_raw_oracle,gqa_2401325,0.5,614adeeb62f35650373e146ae2ad056357e0ac9db55f23b6de4fd29824a6e7e7,196608
4096,second_vlm_evaluator,original_raw_oracle,gqa_2401622,0.5,0755b90972ede64c94b9706fcf9bbe24c9a70d55c208837d08ef466f817af51a,196608
4096,second_vlm_evaluator,original_raw_oracle,gqa_2401908,0.5,33f682dd900a7278ce8e010b4025bcec24bacd3c1e559785b6eb8da0c71d1c85,196608
4096,second_vlm_evaluator,original_raw_oracle,gqa_2402947,0.5,71a0b60bffb00ba7d1d0e17d05942ec7dc7eaf2ce9a611d1764151d48ac6edf5,196608
4096,second_vlm_evaluator,original_raw_oracle,gqa_2403289,0.25,2bdf474dfc6e36e6c559fb6eebf6737cfbb79c295ec19054d17530d2f252e246,196608
4096,second_vlm_evaluator,original_raw_oracle,gqa_2403590,0.5,d630ebe027baeb341bbc6b603d48dd9f2568770dd925f034d7062fd1e5c67753,196608
4096,second_vlm_evaluator,original_raw_oracle,gqa_2403595,0.25,5fb1256938ee5f2568aace1df586116e68ceaccc30c1c200ebdd8f3e346cf11e,196608
4096,second_vlm_evaluator,original_raw_oracle,gqa_2404030,0.75,026ea54edd84853a569c8d62fd2b02e68a5000173ae35d420f6fc4981ab794b9,196608
4096,second_vlm_evaluator,original_raw_oracle,gqa_2404130,0.5,f742ee19ab6a88b60be82f14f921b3d82dc0caccc38ee245350781619ddc97cc,196608
4096,second_vlm_evaluator,original_raw_oracle,gqa_2404215,0.5,880c555b61be2869c439c4f394845a663c0858fe98765889d87d686e03435c27,196608
4096,second_vlm_evaluator,original_raw_oracle,gqa_2404539,0.0,20e6a0d977344bdc824fd0de0dba737507590d2fefd118486b1f4cdf90daff92,196608
4096,second_vlm_evaluator,original_raw_oracle,gqa_2404666,0.5,e2b95f85c7e2af593929cf38572f0b74948b616b3a5a6acd70ede3fc00611101,196608
4096,second_vlm_evaluator,original_raw_oracle,gqa_2405032,0.75,819a1820c42c6dd68590187994f4b7277c219150fc4c815bf19722b633984047,196608
4096,second_vlm_evaluator,original_raw_oracle,gqa_2405174,0.5,861f5f2ae02fbd1c6a972e57c4adef551a8a9252c50a66d2ed2becc3a02d0ec6,196608
4096,second_vlm_evaluator,original_raw_oracle,gqa_2405197,1.0,8b275fa45fcae027f622e794229810aafb967c03523f965e9f2e8deaa30fcb68,196608
4096,second_vlm_evaluator,original_raw_oracle,gqa_2406620,0.25,1a91cd81eb2612edae44c083e610c1ea27c9bedb2cd6f22b27b292b3135dce2d,196608
4096,second_vlm_evaluator,original_raw_oracle,gqa_2406736,0.5,523b1466030acab705907cdd66b4bac6f7e9d9f334b45b0880e30399633c7021,196608
4096,second_vlm_evaluator,original_raw_oracle,gqa_2407284,0.5,07a713f7f9336a19d4b17fae514c44c91da2b2c86a0a1131ac309afa338542f7,196608
4096,second_vlm_evaluator,original_raw_oracle,gqa_2407415,0.5,944f6abf490dddbe6a2c992692c11d32c53c0cd19db85f21923ffc79c664baed,196608
4096,second_vlm_evaluator,original_raw_oracle,gqa_2407473,0.75,5aac5287e87e79613dfa5642418d6581db5c0cd5f67f6c59c8de87a932ff6575,196608
4096,second_vlm_evaluator,original_raw_oracle,gqa_2407481,0.25,18b4bca1105695f63398547c92d0a3f69d83d538836cae24ac6d16b81d5b2202,196608
4096,second_vlm_evaluator,original_raw_oracle,gqa_2407802,0.25,b0904e37cac7b22e301299fc24bcfaaa11c4e548629e80fd8fb087ad3c6c953a,196608
4096,second_vlm_evaluator,original_raw_oracle,gqa_2408048,0.5,940b84469377f582a3272d69eead605a816ca17101bbb8fa2cbee1db69081d2a,196608
4096,second_vlm_evaluator,original_raw_oracle,gqa_2409068,1.0,22f8d2be698fd23640367979caa262f6fbe02e583301d49a72310b434b3ac95d,196608
4096,second_vlm_evaluator,original_raw_oracle,gqa_2409346,0.5,ab28463bc5ef5c3d79a908dbfcb2625a7fd30c3b4133c75d3dc1c9d1423c59c5,196608
4096,second_vlm_evaluator,original_raw_oracle,gqa_2409395,0.5,185a4610f85a2f2802e0cc7290109132f0aac8236bccc21370cc42167ed641f4,196608
4096,second_vlm_evaluator,original_raw_oracle,gqa_2409472,1.0,73d54174ad13249b4940c29e8d60daabd05c6a3b53ad466fc25185d758fbcafc,196608
4096,second_vlm_evaluator,original_raw_oracle,gqa_2409967,0.5,7d28cf67b5758edd43085d820985197fadf0bd2d814409a286a39cd95b3d2401,196608
4096,second_vlm_evaluator,original_raw_oracle,gqa_2410150,0.0,b58314ac15c00acf1da2d846f87516073951c57d3a4eba8067f9ae4b7bd52c08,196608
4096,second_vlm_evaluator,original_raw_oracle,gqa_2410472,0.25,5becca705dbdf7311aae0f1d31142a3ea3aa10af7b8f18884a65df95417ff9b8,196608
4096,second_vlm_evaluator,original_raw_oracle,gqa_2411058,0.5,bd50a7eb7073f4ea73d85129ae029f562466af10f06a4b8230d7de0db0dade95,196608
4096,second_vlm_evaluator,original_raw_oracle,gqa_2411222,0.5,1c3539c897a1061a39a0834d45157eceaebf290d356f3c57a63f5be249a6980e,196608
4096,second_vlm_evaluator,original_raw_oracle,gqa_2411437,0.75,fab00074a8d925d4400d31a561ed607fc014d3c06fc885f8555f305623493480,196608
4096,second_vlm_evaluator,original_raw_oracle,gqa_2411812,0.25,85e1666e9a1cc2112a54c592106dee7ec70aa1ae80137df2515046c4c15ab559,196608
4096,second_vlm_evaluator,original_raw_oracle,gqa_2412131,0.5,1d5da592d3c1dd25b9ab98e378808ebc67075e665c5f0073072e92958ddc2cfa,196608
4096,second_vlm_evaluator,original_raw_oracle,gqa_2412204,0.25,d56213b680633ba5fbda3b7b261ee9b29ad64f1217c6017c0fc363e6126ffc41,196608
4096,second_vlm_evaluator,original_raw_oracle,gqa_2412339,0.5,8d605d6b1c69e9b09d7a87ccb642159d7ae6929f758753f14f9fcef20a9a05d0,196608
4096,second_vlm_evaluator,original_raw_oracle,gqa_2412511,0.5,1a14fa64042891e8be82824ef167291171843418e572e87954b513e41f480957,196608
4096,second_vlm_evaluator,original_raw_oracle,gqa_2412542,0.25,95a3be8548b5042724f1fcbd46875a229cd8277e6bd25db1960e489798b21a18,196608
4096,second_vlm_evaluator,original_raw_oracle,gqa_2412554,0.25,9bd24ce388396a287d6ea76e90515cce0e4bedf3b8e3ef9148502cf98b8de997,196608
4096,second_vlm_evaluator,original_raw_oracle,gqa_2412648,0.75,c2283ae75a965bb2abe2e6c7cb6143b4eabc63f7767d103563a71f384a372b76,196608
4096,second_vlm_evaluator,original_raw_oracle,gqa_2413325,0.25,35cc03b0f1b451a65def8a33e9e4c02eb1c3d123bac5f474edef3048552c8cbe,196608
4096,second_vlm_evaluator,original_raw_oracle,gqa_2413380,0.25,9ca422e577e599cea113c93ca842fb1cb13e4455657a5244cb1c8571a812b488,196608
4096,second_vlm_evaluator,original_raw_oracle,gqa_2413428,0.75,591c36e65125fab93b80ee1f60dcf3fd79029c4e97b069c9f92d3d7dcb2ab6ea,196608
4096,second_vlm_evaluator,original_raw_oracle,gqa_2413503,0.75,85f973743e8a5b2df4456c68a008315896443a93436a107c54a4d4fc5c3ddf70,196608
4096,second_vlm_evaluator,original_raw_oracle,gqa_2413957,0.75,280e81b055f3070ff06cd014ac12ee2dbd37f36c7cbdd09d72521f28e6aac28d,196608
4096,second_vlm_evaluator,original_raw_oracle,gqa_2414149,0.5,9f4701295885a6ffe8f284bf23d2508fc74e144f0026e26cfc237069cae8287e,196608
4096,second_vlm_evaluator,original_raw_oracle,gqa_2415921,0.75,2712cab489ad73e241a4e53f76d63b12fef75131215cc6d347e3fc24f7baf269,196608
4096,second_vlm_evaluator,original_raw_oracle,gqa_2416038,0.5,236b61e004f50946e01420f6c9a4194df25eb89f5b43ef1c8d5c60ad8bc62c62,196608
4096,second_vlm_evaluator,original_raw_oracle,gqa_2416080,0.5,e3b97a9cce11e3a0af198aaff84c5848fb452d97805d0c68cc06701b1c03e633,196608
4096,second_vlm_evaluator,original_raw_oracle,gqa_2416156,0.25,2feecfc583211f1b0457eaf5bdda2fc8202c8f4b9df108f9f117c254d7fa487f,196608
4096,second_vlm_evaluator,original_raw_oracle,gqa_2416484,0.25,766136071bdc931f42359a77da29f1ffc9eb30796910272fb7854d8ad050a59e,196608
4096,second_vlm_evaluator,original_raw_oracle,gqa_2416524,0.5,9a34594f21825a7f857ab350210b2979e7e3840d1da81e514433167f0a5a53e4,196608
4096,second_vlm_evaluator,original_raw_oracle,gqa_2861,0.75,d25b373799df86df545eedba5f444b2456a00d590c48eb03fe9ad6d9a669fbe2,196608
4096,second_vlm_evaluator,original_raw_oracle,gqa_498006,0.5,2faf40bfc1ccaacab7fc32fb047afffa8f067847f015d4b09e49f29e633e62e2,196608
4096,second_vlm_evaluator,original_raw_oracle,gqa_713795,0.75,8d5f7f969f9feb7c0279b6008e147ddb7b7f7d6feaa0f0306f0df39a2eb94893,196608
4096,second_vlm_evaluator,original_raw_oracle,gqa_713928,1.0,830daa9835abf5801e6321ffa96eab4d8bcafa66674bed73c77667e0da10e203,196608
8192,second_vlm_evaluator,original_raw_oracle,gqa_150292,0.5,b03f11339d9b6c7e506ab50ebab447be726093f69737436ae78a3f1cfba07776,196608
8192,second_vlm_evaluator,original_raw_oracle,gqa_150295,0.25,461009266cb64b33a458975892e5ccfdc4c75fe9a577b042d35efd076e875d79,196608
8192,second_vlm_evaluator,original_raw_oracle,gqa_1592103,0.5,e366e437169bdfd9ddd5481b59afb9aa184f32f3c58bdc6b8e7baf9a5d0caa10,196608
8192,second_vlm_evaluator,original_raw_oracle,gqa_1593007,0.5,684eb3409059a36a001d564eeb7607e810b6394f72ff962e1ddbccb3a6b785e8,196608
8192,second_vlm_evaluator,original_raw_oracle,gqa_1593177,1.0,9a7172f036ab7f18ffa0b366532411fa1d7e43df0205d6ddc8074b86ffaa41a5,196608
8192,second_vlm_evaluator,original_raw_oracle,gqa_21,0.5,d2af16b9f9f91e718334e6d9ffff2316637d9bf21ce307b9781d481d1c9c7410,196608
8192,second_vlm_evaluator,original_raw_oracle,gqa_2162,0.5,fcd3f1486ca2e05fcd0961e24b3665a8156d776c18628ef8744d86b3a3a27983,196608
8192,second_vlm_evaluator,original_raw_oracle,gqa_2315383,0.5,7ae075ebea6e177f2bddf5020fd42142f53b617f3e6c3df1529ffa0d5ee652b6,196608
8192,second_vlm_evaluator,original_raw_oracle,gqa_2315569,0.5,0fa3f3514f1e8d88f504ccead8f4d4b453b4a4e388f70c9c4ea5617322c00740,196608
8192,second_vlm_evaluator,original_raw_oracle,gqa_2316535,0.5,85eb186c0e3ac496da4a746cf2086d78f503396ae93ed87a83753028315f7393,196608
8192,second_vlm_evaluator,original_raw_oracle,gqa_2317060,0.25,b14193e19ef467ddf8616ce8096d5d7d88a2cc6e8b11b0853d118a061072bef4,196608
8192,second_vlm_evaluator,original_raw_oracle,gqa_2317411,0.5,66d11abbce9347a40a6bcb8c22d14efe156a9b40bef3790c858f582235730695,196608
8192,second_vlm_evaluator,original_raw_oracle,gqa_2317542,0.75,a38f4a27019fd5341b91341461c69361f971886ab001bf65b5039ecbafbdb6db,196608
8192,second_vlm_evaluator,original_raw_oracle,gqa_2318349,0.5,457fdb1ee724d46d6d5c0465bca47c85e54c13d72e5ef0756534a5be6bbb5542,196608
8192,second_vlm_evaluator,original_raw_oracle,gqa_2318586,0.25,3b1702725bacf8e9bbd870f15cc983aa53349445c495558da2b3a77640cbde88,196608
8192,second_vlm_evaluator,original_raw_oracle,gqa_2319715,0.5,96beb2876815391ba017fb5c35e353e4a855fbf5711eaac78a7dc5fb97e99a19,196608
8192,second_vlm_evaluator,original_raw_oracle,gqa_2319755,0.5,3c04611b91ebf29f5d09bab33646fc4f8b8a7ff7a589777a76c3db14912d0af0,196608
8192,second_vlm_evaluator,original_raw_oracle,gqa_2319825,0.5,b2876ec29896ee398ce56df91f0355e399a81cdf4707a820bc19fe1b1d3eee22,196608
8192,second_vlm_evaluator,original_raw_oracle,gqa_2320260,0.5,ebe722ff2ff462b1df2fbd34b598019bb37ef3b726f07c98c8f5455d63b3e060,196608
8192,second_vlm_evaluator,original_raw_oracle,gqa_2320864,0.5,c5fc01e8660f211356b620445215b074a461224d4f93b013eb7db570eb1ebd77,196608
8192,second_vlm_evaluator,original_raw_oracle,gqa_2321166,0.5,dc613ba8428a6e6b1fb29ac3c1c9752703cb9db98fd876119ae3f417bdcac889,196608
8192,second_vlm_evaluator,original_raw_oracle,gqa_2322185,0.75,dffced64deb2255973afd63224e053c11ecbaa80754cb3f37f11f19afa6ebc65,196608
8192,second_vlm_evaluator,original_raw_oracle,gqa_2322244,0.0,562bac6a3aced1cfb0479b24efe816ae1b8055aaabc07b89a1be5b0202defd6c,196608
8192,second_vlm_evaluator,original_raw_oracle,gqa_2323032,0.5,2851ec3bf0300d03273e1bf668bf4f13b2198db7b33477e3e0dd5a29823324a0,196608
8192,second_vlm_evaluator,original_raw_oracle,gqa_2323780,0.5,c54c85d9551b93b24f14636bda3194ab94c6c60582ee878c856143283bc8fdeb,196608
8192,second_vlm_evaluator,original_raw_oracle,gqa_2324119,0.5,d5161928483492d50d38c526c964823ab26be3e16533a7076f873132ff73de26,196608
8192,second_vlm_evaluator,original_raw_oracle,gqa_2324322,0.5,9e25056196a2b010e20a34c32658ca0b23bc189de83cd7069d8f1f8d88e91e57,196608
8192,second_vlm_evaluator,original_raw_oracle,gqa_2324466,0.75,55aa0c9209572529ca274134e2a2760bf662cf9d7bc82387b286a919647c5c39,196608
8192,second_vlm_evaluator,original_raw_oracle,gqa_2324606,0.75,ccd9cdd0adce79000c1c674e8a51b028b843350adb5894968247282d40fbfac1,196608
8192,second_vlm_evaluator,original_raw_oracle,gqa_2326436,0.5,01c4ab2e25c8e5558f8f539716e0f7cae120ca4e2e7b338e40e4cb3741d8282f,196608
8192,second_vlm_evaluator,original_raw_oracle,gqa_2326899,0.5,ebe9443f2e4dc8cf5ff9f2a2a92240c0668371467835d35a789f885b78acd338,196608
8192,second_vlm_evaluator,original_raw_oracle,gqa_2328171,0.75,fc3de3cd4bccfaeba92673113a666398bbeb3aa007a7a4dd6a8cf1694652333f,196608
8192,second_vlm_evaluator,original_raw_oracle,gqa_2328273,0.5,4cfce15cacf3f4fe391cea6ee27fe046f7b3ed7f2ca26040336cfccff8901249,196608
8192,second_vlm_evaluator,original_raw_oracle,gqa_2328788,0.25,8eafdaf6d7410bfd50fd3518c7068b8c1080297e53c70244e426a2c054a55f97,196608
8192,second_vlm_evaluator,original_raw_oracle,gqa_2328825,1.0,c513a59ef15e5bac6efc068bd288f43e180910fbcc91626825bd09e27dfdd815,196608
8192,second_vlm_evaluator,original_raw_oracle,gqa_2328879,0.75,9575803297dead347495985c9be147b2f379c22908f0665938a7b81a9f48f85d,196608
8192,second_vlm_evaluator,original_raw_oracle,gqa_2329566,0.25,5aacc6c119098d68b23051cce8c4a14ef31a453af954e16495a5429ad8a1af1b,196608
8192,second_vlm_evaluator,original_raw_oracle,gqa_2330438,0.5,401e3a3648a899119de1f82665cadce14b1c3ad622a07b6c45364a1062bebc17,196608
8192,second_vlm_evaluator,original_raw_oracle,gqa_2330917,0.75,350ca205a72b9c2ef0e7ae9e8c4ae00cfa382a5cb0e91c3337593ee1604dfc3e,196608
8192,second_vlm_evaluator,original_raw_oracle,gqa_2330972,0.75,69672526268ff73ca21e538986adb0ac5e2c62e7a13dc19a9ab215a03cf23b58,196608
8192,second_vlm_evaluator,original_raw_oracle,gqa_2331876,0.25,729604b825c0d0edaf6db60991ed19440b59377fc32d77c4870d2d0d645435ba,196608
8192,second_vlm_evaluator,original_raw_oracle,gqa_2331963,0.0,804e0e5d873ec3ee3de724846d3119328ccaa92c0e629f0d2711f14117e80952,196608
8192,second_vlm_evaluator,original_raw_oracle,gqa_2333075,0.75,38559afd502bdbd9c911a441113c7338779541574847ab60e075c604bad8cf57,196608
8192,second_vlm_evaluator,original_raw_oracle,gqa_2333428,0.5,2f99376033314447e91dbbba940ed1c77775feb93da44052c821d1a2eb8bf8d1,196608
8192,second_vlm_evaluator,original_raw_oracle,gqa_2333525,0.5,c6225410a7159b32860df32e0280a8d8f02976105991d446681bde88f1cfaf22,196608
8192,second_vlm_evaluator,original_raw_oracle,gqa_2333677,1.0,e9fec512d00190a6c9d7eabc34be78359c0037d183e9a3629ae032fc644590a7,196608
8192,second_vlm_evaluator,original_raw_oracle,gqa_2334914,0.75,78dbf2d5540f7cbfed26e85f3c7fe0e85123623aac7bffcf682799c3d75361be,196608
8192,second_vlm_evaluator,original_raw_oracle,gqa_2334989,0.75,65a9ab0b43efac4f896f254b63d8b77be16bb1103cbe728ab9ee55f1d103ff0a,196608
8192,second_vlm_evaluator,original_raw_oracle,gqa_2335384,0.5,84cb157e45374fe6eb4b9de519be9ed25fd8629c080580688ab8a1f5a6e621a5,196608
8192,second_vlm_evaluator,original_raw_oracle,gqa_2336817,1.0,7319bbbbafb8f962f2b50ba864506dbe072e00540b59886f2395b9b0fcef0686,196608
8192,second_vlm_evaluator,original_raw_oracle,gqa_2338336,0.25,4424e9ce884fecd02b2c8a06420c705f5cd892e364ebf30476dca6466673b188,196608
8192,second_vlm_evaluator,original_raw_oracle,gqa_2339471,0.5,bed8651a7eafac2e25861920c18bf7f2b806483d26b264cda06abae153c9bb43,196608
8192,second_vlm_evaluator,original_raw_oracle,gqa_2341361,0.25,1edaee336dc7f2c18e3e666d43dda87557e186c2954c53f56efa3f019197e671,196608
8192,second_vlm_evaluator,original_raw_oracle,gqa_2341476,0.5,f7e9d37e102d7c683ba69e423356213e6dd20c53b2ab35bcb491190123b21ab4,196608
8192,second_vlm_evaluator,original_raw_oracle,gqa_2341576,0.5,3400cfbf15d0804f9993c0e56034c1c84e5aadb0638ce2e61cb79a3b581d928b,196608
8192,second_vlm_evaluator,original_raw_oracle,gqa_2341611,0.75,19a1df8f081cc967fa5c124360c935401c94b7f7a0ef32dba37cba0db9f51b94,196608
8192,second_vlm_evaluator,original_raw_oracle,gqa_2341637,0.5,9b2a843a36f52e3f2d0b44f9ed00f3a29ff82aaeca1d55079722167ce15bc6e7,196608
8192,second_vlm_evaluator,original_raw_oracle,gqa_2342147,0.25,194f0d5b69d6940d2a61eaf41f697992ce10e78df9ed6f2ef18fffa12ba6cba3,196608
8192,second_vlm_evaluator,original_raw_oracle,gqa_2342323,0.75,1c206c3f6825a0cd644597c7951d8d0e2e585cae8a3e0211b725631d2984e87b,196608
8192,second_vlm_evaluator,original_raw_oracle,gqa_2342333,0.5,e686dc998cc5f220e08e5a4302f0540cba2460394f54a59a58a115f3695f87ef,196608
8192,second_vlm_evaluator,original_raw_oracle,gqa_2343201,0.5,df4ba80a7cad5d24bed251eebed2f2de7fb52d09c0b7d08a2362826a0a3282a8,196608
8192,second_vlm_evaluator,original_raw_oracle,gqa_2343287,0.25,3b0ee373651e94a51086325ac5d727a27d197a41533073d7531df4414e678d46,196608
8192,second_vlm_evaluator,original_raw_oracle,gqa_2344297,1.0,bd655f5c0d3eb68167a94b648413f42edb26b8adec31b4c73a74bbd8290ff503,196608
8192,second_vlm_evaluator,original_raw_oracle,gqa_2344488,0.25,122e05a5f1009fc644b713db29d962a8a47e455804d6551a2ff58184da07648c,196608
8192,second_vlm_evaluator,original_raw_oracle,gqa_2345081,0.25,6640e95f88a7502469fa672cfb9c5dd134964543351f4d99adb0528c34e7edf2,196608
8192,second_vlm_evaluator,original_raw_oracle,gqa_2345482,0.25,3045549e2cad817aee05b0cfa0efc1eded505d9f5866f42a6276d807e727af6d,196608
8192,second_vlm_evaluator,original_raw_oracle,gqa_2346467,1.0,d1e3ea705f723c250b4d0ed6964781961fcc9c453573f9cee39b91cac6c0b795,196608
8192,second_vlm_evaluator,original_raw_oracle,gqa_2346957,0.75,90f89aa8fd765fe88769e76bdd77be9aed8cf721787c435b35b3f9e82e73bd76,196608
8192,second_vlm_evaluator,original_raw_oracle,gqa_2347367,0.5,5e35a8985965c1577f27c4dcc6b169fcd89785dc592352477e5f105827370d8f,196608
8192,second_vlm_evaluator,original_raw_oracle,gqa_2347450,0.0,c319218cc75c08a17d3ed46fd997cab0663593e4038c4a31a2a3f9cd98b05c59,196608
8192,second_vlm_evaluator,original_raw_oracle,gqa_2347772,0.5,2bbc4bd15250818a0c7e20170c08bff967c81e2150a5cffab4b6029ba8f0bf97,196608
8192,second_vlm_evaluator,original_raw_oracle,gqa_2349334,0.25,885c98c4ec2b923167e2e8fd576e7025195ce77fb44e932adf3d9b386ba1e81c,196608
8192,second_vlm_evaluator,original_raw_oracle,gqa_2349746,0.25,d561496ab547dc55dfb10de9cbffd264170b0bc5b40a997c41f3ac28d168e5c8,196608
8192,second_vlm_evaluator,original_raw_oracle,gqa_2350006,0.25,fdbaf0a0c549c96b0d26858ddef995c8332cb2add2f170e78bd7e780a70195a6,196608
8192,second_vlm_evaluator,original_raw_oracle,gqa_2350743,0.75,60c6077ab437337625017b2f10ccc6f92aa93b2b946d021a720d59ac18e4b8ea,196608
8192,second_vlm_evaluator,original_raw_oracle,gqa_2351967,1.0,7ec43be72450cdcd7d186da1b6a2f7151cc9d0709d84449b26e8f5fb6687c36a,196608
8192,second_vlm_evaluator,original_raw_oracle,gqa_2352092,0.5,4c5cc49aef7f27cc508d6dd4f46fd094d34108aee9302be534ee0e5de984d57f,196608
8192,second_vlm_evaluator,original_raw_oracle,gqa_2352324,0.75,b789bed3c348399b242777f9843102b74ce5a38eee1904b46effe5beb3336c57,196608
8192,second_vlm_evaluator,original_raw_oracle,gqa_2352785,0.25,90147844cbd483e251598988725979d36e5b34a8769ec71c8ebf441c7cecd7d0,196608
8192,second_vlm_evaluator,original_raw_oracle,gqa_2353322,0.5,5b8b679da7da61e9ef465f830488431ac2bc530636b9fa8b08697ed7eec8384b,196608
8192,second_vlm_evaluator,original_raw_oracle,gqa_2354715,0.0,daa59b11ae6b4ab8ae417cf022f1445e3534570e94646800c44741405d7ef87e,196608
8192,second_vlm_evaluator,original_raw_oracle,gqa_2355212,0.25,ff5287a6eb739fdfda3595bc257d82a8fab278182a914fa050372bda4b6d01a2,196608
8192,second_vlm_evaluator,original_raw_oracle,gqa_2355385,0.5,cf71ecd62e3bb626e40bba3cd9c054e5b972ab12382ac910aea5af0c33f000fb,196608
8192,second_vlm_evaluator,original_raw_oracle,gqa_2355528,0.75,f552d2f79665acd59d5f1b9e7748fc9592d3969e42698552fe66c64676f9cf87,196608
8192,second_vlm_evaluator,original_raw_oracle,gqa_2356041,0.5,0cf10269826f22ee1b336fd1089415c7bacb273f91ab0932c239500b863d266d,196608
8192,second_vlm_evaluator,original_raw_oracle,gqa_2356089,0.5,96e416a8ee552868d9d8d136a6b3abca674b1b36e525f936def96880178f2a94,196608
8192,second_vlm_evaluator,original_raw_oracle,gqa_2356227,1.0,ccd743d690ba63f6f2c88d8750f2474d36a04335fa3b268681492476aceec70e,196608
8192,second_vlm_evaluator,original_raw_oracle,gqa_2356577,0.5,bdbd3b7af66ee21f39b3fb1e617f8064336a6a1d7ac62788490a4cc2aac8fe7a,196608
8192,second_vlm_evaluator,original_raw_oracle,gqa_2356747,0.5,05ce1ed75fc4ddc24b3755b7e8e909d5d443a0136f22472aa5ddaaae12d18b2e,196608
8192,second_vlm_evaluator,original_raw_oracle,gqa_2356833,0.5,8e24c42b23f1961259da917b23408ded696f4307e4a8d692b1c37c2ac29c0f41,196608
8192,second_vlm_evaluator,original_raw_oracle,gqa_2356972,0.75,efc349b8ce718a704350932bd3be47084a26a752fe8897b8e605ce8ff3cc32c8,196608
8192,second_vlm_evaluator,original_raw_oracle,gqa_2357882,0.5,6f9a35436ccb2f06c3c8a27f8d57dee69d2117b7f258fb508f9be7178a55d0ec,196608
8192,second_vlm_evaluator,original_raw_oracle,gqa_2358111,0.5,05213db1f05fd155c74338c7579b81ab27b11eca029b8995e5cda9ebf382a7a1,196608
8192,second_vlm_evaluator,original_raw_oracle,gqa_2358186,0.25,79d5a2870c9dba354aaae01463f40d6d4840149bc4aa2b8da50917d0e4785e3e,196608
8192,second_vlm_evaluator,original_raw_oracle,gqa_2358464,0.5,795c35fb11182a879571508cd7e75c12aa8f2a4b0733757c74d37f18098f2965,196608
8192,second_vlm_evaluator,original_raw_oracle,gqa_2359192,0.25,630a89faa8ab4c83cfa406019d17d6c584ddb2aca1ad7a6340498f546563ea84,196608
8192,second_vlm_evaluator,original_raw_oracle,gqa_2359195,0.75,d60a0ead9b811fc5dbba95beec16777ce3ca9606e1de246ba7134e7c1ad7e9d3,196608
8192,second_vlm_evaluator,original_raw_oracle,gqa_2359351,0.5,288f64f4ce6b79c21281a8405365b1f9cf5528e979435e87c7fd8a0d1cb194e1,196608
8192,second_vlm_evaluator,original_raw_oracle,gqa_2359470,0.75,80c273c29f8e4b158ca13374f99ad4e49735eb5be4ebe3f8ce554cd113e099bd,196608
8192,second_vlm_evaluator,original_raw_oracle,gqa_2359924,0.5,95c739f229a6a30ce8dec925d29d14bf1f11cf2b1692afee3bfc8bc8c516f3a9,196608
8192,second_vlm_evaluator,original_raw_oracle,gqa_2360103,1.0,8379e9365f77c3dcafbfa835ffa5826dcfc8e9d83a50ef7ec2f69100ec174f69,196608
8192,second_vlm_evaluator,original_raw_oracle,gqa_2360831,0.5,b0422c6de13db951a9bf126117cef54bc7694bea39c4ff4a1bd900101abcb204,196608
8192,second_vlm_evaluator,original_raw_oracle,gqa_2361815,0.25,fab1468adceefbf387f530ddb5717b312d7a7ff747c830c561f8374f34842532,196608
8192,second_vlm_evaluator,original_raw_oracle,gqa_2363074,0.5,d367f2cccd2e291ea9067e8705a490020afa8949cd2ccab98efca01897a0e331,196608
8192,second_vlm_evaluator,original_raw_oracle,gqa_2363203,0.5,3a4157be49037859c376d26841fe9be24e99798305a95cf9f714ea49ad152595,196608
8192,second_vlm_evaluator,original_raw_oracle,gqa_2363269,0.5,7c98a10c482e2f154269b2ea5d2d1e87953a26147463b0dfaf39e9a156fa1a57,196608
8192,second_vlm_evaluator,original_raw_oracle,gqa_2363444,0.75,9de9815505cfc63a1a51d6c40524ddde74983a16d4bc6f112e8b6e22172b0e69,196608
8192,second_vlm_evaluator,original_raw_oracle,gqa_2363706,0.5,c2b215d08576831d7ecaf359fdee83ae1096d97542a4555b76c10c3952b9e137,196608
8192,second_vlm_evaluator,original_raw_oracle,gqa_2363979,0.5,862fdb6ed90d911794f23061f2ac966360077d0103064150986a8755c2646623,196608
8192,second_vlm_evaluator,original_raw_oracle,gqa_2364335,0.5,438aea71e943bbe9ae02f79f1e8192b71519e6a546d962f3e4f7ecf477647c07,196608
8192,second_vlm_evaluator,original_raw_oracle,gqa_2364614,0.25,c16ed613b62f30f56aa2d6a66c5b3d28dfcb5c93f4e25f1932dd3d574c978ffe,196608
8192,second_vlm_evaluator,original_raw_oracle,gqa_2364774,0.5,9b546e80fbbce7b0d60f64ddde37a96d7039604c087e1a4bf81a237ca6587b87,196608
8192,second_vlm_evaluator,original_raw_oracle,gqa_2365176,0.5,b0b6ce8c7edee045ce2509be3018be8677b5a571fd306544a20430f7015388e3,196608
8192,second_vlm_evaluator,original_raw_oracle,gqa_2365398,0.25,ca129ddf34a9070c0ab5922f9de43db18ed649fcea4400bce7ac90ae61933384,196608
8192,second_vlm_evaluator,original_raw_oracle,gqa_2365435,0.5,c8cb5325b0429f6337ac1728d03a1b2e8e1573065621941d45918fe18c3b99d5,196608
8192,second_vlm_evaluator,original_raw_oracle,gqa_2365505,1.0,c4749d70c8b524874b13ba610a8e9e29c12a206fea1c9b120c219b3a764c53ed,196608
8192,second_vlm_evaluator,original_raw_oracle,gqa_2366157,0.5,36f721ee7c8dd840647bb0414f0370b55668552c412a19581f876d610d0d82a0,196608
8192,second_vlm_evaluator,original_raw_oracle,gqa_2366510,0.5,649fb3a49e5a20fa4ddcd785e806577921df9c85edabadfd08b0d5ed92522f5b,196608
8192,second_vlm_evaluator,original_raw_oracle,gqa_2366645,0.25,7e148ddf17c85c97bed377b229acf26a74b2bd2f82c9f53707a99712a5a86e74,196608
8192,second_vlm_evaluator,original_raw_oracle,gqa_2366958,1.0,562a2751b03a6a09d2cc3ad5349b67c3ccfbfdf5de9214c1568f1ff85916d1e7,196608
8192,second_vlm_evaluator,original_raw_oracle,gqa_2367190,0.25,c66497109ff96c8d5c04252925ef8b6dc80213cbdfb998b726ff41951235d9bf,196608
8192,second_vlm_evaluator,original_raw_oracle,gqa_2367328,0.75,6ee0da07007ef44fbb5cce0301c02cab7de8c3080200e6ef4caa8c275f91fde6,196608
8192,second_vlm_evaluator,original_raw_oracle,gqa_2367639,0.25,b1bb93c6242b6ad278dab8358f1ec8717af2f170b88f1d1cc8892e93d05395ea,196608
8192,second_vlm_evaluator,original_raw_oracle,gqa_2367770,0.5,87942048c26875fc2d99f3f4abca0bd60ee21a65558e70d05679cee6d3cedbd4,196608
8192,second_vlm_evaluator,original_raw_oracle,gqa_2367977,0.25,dba5e3042f2d9eb6b13a4a5a4bbf076f19c6f3058891d847f42b515c4cee2bd3,196608
8192,second_vlm_evaluator,original_raw_oracle,gqa_2368884,0.5,fa38f61026c442b9237111ca9a0cfce87f0dd0393632c8189242b8084a4f273e,196608
8192,second_vlm_evaluator,original_raw_oracle,gqa_2369906,0.75,859a06e0b6070f5d5d8ecc059a125b4c9bd6f9c281e138ec11e5d699dbfe0dc7,196608
8192,second_vlm_evaluator,original_raw_oracle,gqa_2370047,0.25,7d17c4b32c9b1323427485e9da1ac7c55b160e00be1feda858dc2975f3ac7ee6,196608
8192,second_vlm_evaluator,original_raw_oracle,gqa_2370242,1.0,51a419e96afa363399e866336011d943514c81b6f8b7c88c697a1127e8b37209,196608
8192,second_vlm_evaluator,original_raw_oracle,gqa_2370329,0.5,5ece42ac0dd0895120c81f25a4bdf679f4a5cde75be042b4202be3e00299b943,196608
8192,second_vlm_evaluator,original_raw_oracle,gqa_2370859,0.75,185156f893d6f97c2b9ab0e2a4a0b4553f8634508ec51e28e7cfdcc9b5405333,196608
8192,second_vlm_evaluator,original_raw_oracle,gqa_2370968,0.75,a7a8ad8b0142c0f52c7c351bcce2bd75ac3bf4e1e9ee05b24aff695978de92ce,196608
8192,second_vlm_evaluator,original_raw_oracle,gqa_2371504,0.5,45ab688020480e94a712e437d4a5d30e3bd933a33be66d27d83e36f0a8e4d8eb,196608
8192,second_vlm_evaluator,original_raw_oracle,gqa_2372977,0.75,b9601cbfbd05c017f00401ce9ab786623b4835c8be7ec98b6585736a834b244f,196608
8192,second_vlm_evaluator,original_raw_oracle,gqa_2373259,0.5,c9fe99c3d8a1bfa545290604b2dbb770f4fe4e29c31b74da7d81609fbf973f90,196608
8192,second_vlm_evaluator,original_raw_oracle,gqa_2373271,0.5,14be40a6e91f1b011ad9bc35295973340739bfa30a8fad740a674334340daaa3,196608
8192,second_vlm_evaluator,original_raw_oracle,gqa_2373294,1.0,c7cb412178e35365cad70b636a31ccc273439a6005221821ec93bc27617ade22,196608
8192,second_vlm_evaluator,original_raw_oracle,gqa_2373590,0.5,33c65d4a4857a1615534d4fbd9c457a90d8892b79540a2fc83a5e858d3b71b3e,196608
8192,second_vlm_evaluator,original_raw_oracle,gqa_2373592,0.5,47c9b1335d9754ad8db249fc233fe85b3e219119990b6ab286f9eef6595185a2,196608
8192,second_vlm_evaluator,original_raw_oracle,gqa_2373967,0.25,ce4b143d36c9a112dec4b5274a1b188023b20d9c9636f306b5fd46b19935fae2,196608
8192,second_vlm_evaluator,original_raw_oracle,gqa_2374540,0.5,221309f35689e402bf6a613aa4407c98dbb553175a81d3b5b8af88eea8f7dbbf,196608
8192,second_vlm_evaluator,original_raw_oracle,gqa_2375091,0.5,68c8c28c18971163884ceeb6e69459037624b0e4fbc1d3f07c1ac8849138c79f,196608
8192,second_vlm_evaluator,original_raw_oracle,gqa_2376266,0.75,7663a7d3811e7245ddc8b46de6e9cadc0a77d378d76174fdcb8874a5ab1c41c3,196608
8192,second_vlm_evaluator,original_raw_oracle,gqa_2376766,0.5,b6c6fa2c12b8bd5914bff924c34fe1c76461203f91b40f6f6d0caefb16f427a0,196608
8192,second_vlm_evaluator,original_raw_oracle,gqa_2378273,0.5,e6ed7db5139868fbf10745d4592b2188560e8523189931e8674df6ffd02a61e4,196608
8192,second_vlm_evaluator,original_raw_oracle,gqa_2378436,0.5,12f53370e1e2bb9654461ac0a0a35c1654279214786d44e9e7e46a019519d6d8,196608
8192,second_vlm_evaluator,original_raw_oracle,gqa_2378739,0.75,4e2ce960ad589572d3baa50cc2a7ccfc4851d8c08171f412ff40f2450fca8479,196608
8192,second_vlm_evaluator,original_raw_oracle,gqa_2378917,0.5,6708ff7ae94345d6e6e4052a7e14e81b57fbab4257fd313f03ee0cb308cb4e86,196608
8192,second_vlm_evaluator,original_raw_oracle,gqa_2378984,0.5,8ceb29de9881821fc0fb1a820a42b7fdf2687f88ec876b90462411d68bb48d3b,196608
8192,second_vlm_evaluator,original_raw_oracle,gqa_2379178,0.5,0032c1008ee6c126335f6e3a1ef6df327b5a95b027d8e71c5f8300932ebe48c1,196608
8192,second_vlm_evaluator,original_raw_oracle,gqa_2379791,0.5,d844532a60721845fb2f7be24df452e209562031268293f1eea68262e2e19946,196608
8192,second_vlm_evaluator,original_raw_oracle,gqa_2379897,0.25,fc96518441a8ed62bdbb56c97e8b7c1e826e21fa87cb91f55826c84515668200,196608
8192,second_vlm_evaluator,original_raw_oracle,gqa_2379906,0.5,4d878158bf7a4172b562c0e96276d99231044ac14600a23a75a8ff966fd6ad62,196608
8192,second_vlm_evaluator,original_raw_oracle,gqa_2379919,0.5,50cdb2ed733afdb6c6b16b104194cccd0a3849891b9ad88c0b1d9473ad68fbe4,196608
8192,second_vlm_evaluator,original_raw_oracle,gqa_2379961,0.75,57446b50894e70ef13d34f670e1c4470f4ac8b0ff94aa54e3168f90d8c1042f1,196608
8192,second_vlm_evaluator,original_raw_oracle,gqa_2380291,0.0,fa599dd71459a18a8fd22d326f12829f2c9b9b2b2e4d66e573d9c8d0eabac18c,196608
8192,second_vlm_evaluator,original_raw_oracle,gqa_2380436,1.0,753b671de753d52b099c13214a4d395fe397e516f94761a7838892bdd9ba6ff4,196608
8192,second_vlm_evaluator,original_raw_oracle,gqa_2380691,0.75,c2da52f46cc8f8f0495bf9152bed5f48d4fc3498ad9e3eaeb139de1d56a89870,196608
8192,second_vlm_evaluator,original_raw_oracle,gqa_2380720,0.5,7ace51b941a08d4d85c68f2057baa5015f3babe88663a7eba02ada3e815b7a06,196608
8192,second_vlm_evaluator,original_raw_oracle,gqa_2380779,0.5,674ded670e2fa78555f0baceb2d50a302645961a464dff32e799e847f4344008,196608
8192,second_vlm_evaluator,original_raw_oracle,gqa_2380873,0.5,b06359ec62d6e5362b39a0837ac85f1238a77d5f48319e1cb36f815fc9f35bf9,196608
8192,second_vlm_evaluator,original_raw_oracle,gqa_2381128,0.5,888dac177d5e2a41c94ece63fb445d0546e7a9052b07315c6fa2efe2056aaeaf,196608
8192,second_vlm_evaluator,original_raw_oracle,gqa_2381547,0.5,85bf17032f09e1a5e33ef88a8ace0c1e06a0cea89ca682bf95388370867c28ac,196608
8192,second_vlm_evaluator,original_raw_oracle,gqa_2381671,0.25,2f67a1efe634c2218212fa9a7ead1460ddb8b4222f717b4fd427eea6c1b25e6c,196608
8192,second_vlm_evaluator,original_raw_oracle,gqa_2382178,0.25,0a775bda7dabe758507559a5aad55aa0f3f740c424efaa2342864fba13432cb1,196608
8192,second_vlm_evaluator,original_raw_oracle,gqa_2382460,0.75,d0b079557d79a405cadea756c1a6aff6b8cb6e982598a8dcc8f7b21ec9def772,196608
8192,second_vlm_evaluator,original_raw_oracle,gqa_2383023,0.5,563ba9a55a44345885165dfa6d9f8e19950393f25b2404aba72b5de2da0b3c41,196608
8192,second_vlm_evaluator,original_raw_oracle,gqa_2383204,0.75,b52f45bd84c045e180a8dacf5f198d5aa2726c65dd48597bd83c42316e144d8d,196608
8192,second_vlm_evaluator,original_raw_oracle,gqa_2383269,0.25,ad51aafc1aed691439e2fff1925118bf481f7e11a9b7c52f8c2b1b3ef21c977a,196608
8192,second_vlm_evaluator,original_raw_oracle,gqa_2383696,0.5,b4afaf89d76560b166207e979dfdb3668d7dd45ba1a7f8e8de243b0df2272fc4,196608
8192,second_vlm_evaluator,original_raw_oracle,gqa_2383963,0.5,da2b26d46deac66f51e940f8a648312b77f640de4b8754e4517af3f83bfa9265,196608
8192,second_vlm_evaluator,original_raw_oracle,gqa_2383991,0.5,bca8fbe2f4d6749c620b340f66b79556cc82ebaa7e56ae2deec8f35362a6ccd2,196608
8192,second_vlm_evaluator,original_raw_oracle,gqa_2384063,0.25,fee832d4a94c8b67993f7c2d9aeaf8785d2f7a209c2ec139e60fe5c2a96d0661,196608
8192,second_vlm_evaluator,original_raw_oracle,gqa_2384169,0.5,aa89f1267822cc74af8b39dc95076027307e3dd467a0aec396d92e3831253a1d,196608
8192,second_vlm_evaluator,original_raw_oracle,gqa_2384376,0.5,7a546808b3f07c023a50d09fc43abb10e07cd06142c976c4152708d7ed4793a4,196608
8192,second_vlm_evaluator,original_raw_oracle,gqa_2384614,0.5,6ccff95493f8e5f178668333c3cf7839be51e4bb2d41eacd2e75c48b8d553f48,196608
8192,second_vlm_evaluator,original_raw_oracle,gqa_2384672,0.25,3f6c81cbc1d1a622cb27e5b0f01e6130448dc01bde7c0fd722f41afa89a524c0,196608
8192,second_vlm_evaluator,original_raw_oracle,gqa_2385322,0.5,25976eaea85d01d9c5d10d75a5a3a6b6556390a78bf46a2b7d64fc9b448db735,196608
8192,second_vlm_evaluator,original_raw_oracle,gqa_2386051,0.25,e307b3baadb62b57e4abc45f93210ea77dbbb75dab89a4a435357b0dc2a45b76,196608
8192,second_vlm_evaluator,original_raw_oracle,gqa_2386495,0.75,b391e4c89819de9cd4e6c68ed50b829eda48080cfa3728b1b86971023b1b8a22,196608
8192,second_vlm_evaluator,original_raw_oracle,gqa_2386903,0.25,4d6f99986157d2a7c24b9533b5593dc3ddb688bf369ae226bf12827742f6594d,196608
8192,second_vlm_evaluator,original_raw_oracle,gqa_2386979,0.25,57134bba905cb68c230d5654c800b22169acfa069768423f1806761f406fdb8a,196608
8192,second_vlm_evaluator,original_raw_oracle,gqa_2386987,0.5,2c9b513493b73e4d61743a82d8ac9e91551244aa83ddbd31ef9da61ac97c8234,196608
8192,second_vlm_evaluator,original_raw_oracle,gqa_2387110,0.5,8cf444d61089830607596579da424278db36ae7b43c586094ce6384bff2663c3,196608
8192,second_vlm_evaluator,original_raw_oracle,gqa_2387118,0.0,63c22411a2ea00ea55a66ccf55698d345ed8792eba780f33b2e6a9c0442075e9,196608
8192,second_vlm_evaluator,original_raw_oracle,gqa_2387359,0.5,73392241cfb9ebb49b00f2b70a00e2d59c1c35fe791b638e924896d0e5a87807,196608
8192,second_vlm_evaluator,original_raw_oracle,gqa_2388030,0.5,e11ac2af753e84a6b55c642e4eed85655bd59aca3d0416935d32d59a7e16ae4f,196608
8192,second_vlm_evaluator,original_raw_oracle,gqa_2388049,0.25,fcf15261eb8ee589799ce0e324f6cb1092945d5b354e4867ed09d498c7b83a00,196608
8192,second_vlm_evaluator,original_raw_oracle,gqa_2388625,0.5,d7156b8b93a7e3457e0ec033aebacc0ef1b7af367a382b6575d2904382f81c96,196608
8192,second_vlm_evaluator,original_raw_oracle,gqa_2388805,0.25,dcac729a862fa4b9220649ba4703283219a850a1f9336aae34618331fd024268,196608
8192,second_vlm_evaluator,original_raw_oracle,gqa_2389312,0.5,41c98c44b2ec40841e947dcad04cfa08b7c73d97d9938fdd0897acc45701918b,196608
8192,second_vlm_evaluator,original_raw_oracle,gqa_2389626,0.0,23c30c200d034fe54b817cbc719df56e672a8e5cb4386257894ae6c47bdaeee2,196608
8192,second_vlm_evaluator,original_raw_oracle,gqa_2390071,0.5,7bbb415ac956f1471bad196485a4d7b5fb314c1a3b48898cb41962216335968c,196608
8192,second_vlm_evaluator,original_raw_oracle,gqa_2390097,0.5,c2b7c7ac65d195f91b3a19c2f5c215f224d347b31ce9840ce5a5802cfff9e6dd,196608
8192,second_vlm_evaluator,original_raw_oracle,gqa_2390108,0.75,a4ed5462492a395eba2884f58115dfcade35a7dc2c2de8c81134cf1058f30e54,196608
8192,second_vlm_evaluator,original_raw_oracle,gqa_2390727,0.5,b3186239f0faa47b4b6d0007ffad15689528800c81bb8b333ee2373fe7ae1b9d,196608
8192,second_vlm_evaluator,original_raw_oracle,gqa_2391406,0.75,867cf49e5041b8e320d34defa9dfe2e90e8f8c9132636e24630e3090e1fc94df,196608
8192,second_vlm_evaluator,original_raw_oracle,gqa_2391835,0.75,b02061d3f4eddfaaab8448df61edad18322c3e0c67c5a50b75fe2a256f6b09c9,196608
8192,second_vlm_evaluator,original_raw_oracle,gqa_2392147,0.75,89ae9e77b1fe5e83489397c122f695f7369ba5fae6e6e9061570fc314e492fa4,196608
8192,second_vlm_evaluator,original_raw_oracle,gqa_2392185,0.5,9272f28a43734a3d959d931b4137d59274c9216fdf21f445e62338060b39fb41,196608
8192,second_vlm_evaluator,original_raw_oracle,gqa_2392252,1.0,f0a670de737f8d4376b1d568fc56a4a4f7439d283db0ba28fb0df8d846de6670,196608
8192,second_vlm_evaluator,original_raw_oracle,gqa_2392318,0.25,abc816bc50714d13d904b618bca126c1d19736d98ffa8581819275483185f511,196608
8192,second_vlm_evaluator,original_raw_oracle,gqa_2392845,0.5,7d31bfb736d7d00806857bede6a47ce1b66e5a64ed5042b3e0978e4faacdd8ed,196608
8192,second_vlm_evaluator,original_raw_oracle,gqa_2392875,0.5,4e1a221b0b59199464b92c16989347e45ddf8574a13aa6a9bec76b21ac14c4e1,196608
8192,second_vlm_evaluator,original_raw_oracle,gqa_2393739,0.25,309c56c0a823f9d15a5d25460977eaa60db17a7338113c1df7797363bc7e9626,196608
8192,second_vlm_evaluator,original_raw_oracle,gqa_2393775,0.25,aae1d01151bf03ee48267916ca2e4bd289235523751f6a95e3d5439a367f42ba,196608
8192,second_vlm_evaluator,original_raw_oracle,gqa_2393788,0.25,3873d5fdeb900bf2ec0b2a6ccb4fb4d9a2683d68e540008d8ddc56ca06f64c2a,196608
8192,second_vlm_evaluator,original_raw_oracle,gqa_2394519,0.75,7686482a24e2f93912a59a2ec5c01184d7b4c7dfaaccb8ce40edc713d2531e04,196608
8192,second_vlm_evaluator,original_raw_oracle,gqa_2394763,0.75,93dc50174e32df986530fdecdddaa79bb035eab646aa098cad0f295af8952b20,196608
8192,second_vlm_evaluator,original_raw_oracle,gqa_2394891,0.25,045476092c58b0199155f0d3e6e35fe1153cf79c0a74762d42d848f09674275e,196608
8192,second_vlm_evaluator,original_raw_oracle,gqa_2395361,0.75,795833ceff00a434fa6c0f895976398e71de6c55bb365a85db92c9075593c5d3,196608
8192,second_vlm_evaluator,original_raw_oracle,gqa_2395949,0.25,c2716d6dfe999f245b7a4d47422fe48e1b31f568d47e6ed2cb607c8da2abfc7f,196608
8192,second_vlm_evaluator,original_raw_oracle,gqa_2396578,0.5,9ddcc63051e0a0d103e844623550392906f25d1c9bc6f0ae38ecead17bc966b3,196608
8192,second_vlm_evaluator,original_raw_oracle,gqa_2396731,0.25,82eddb809244fad14e0b27a1752b30642e1f146c5513cd2d15b31626d717c3e4,196608
8192,second_vlm_evaluator,original_raw_oracle,gqa_2396750,0.0,4324929d8a98588fb1fefd2e5d9adf93f5bdc91b5882ec11821d6e146c47076f,196608
8192,second_vlm_evaluator,original_raw_oracle,gqa_2396995,0.5,d2cb21f636b64f1ae99a25d516c90479846119db04f9c8a4ddbf73cf4ed9f209,196608
8192,second_vlm_evaluator,original_raw_oracle,gqa_2397007,0.5,38a2c4eb950d5975ced16e892de608ca7b4ca27e864fff1185a1fc1ba163c044,196608
8192,second_vlm_evaluator,original_raw_oracle,gqa_2398108,0.25,d120b16331549290db0a805bba62ced206f40b1e122beb570c52e0c759257c9f,196608
8192,second_vlm_evaluator,original_raw_oracle,gqa_2398485,0.5,f82ed6ef152eaea6a48ff57c0d0a8e9966a6ac5cfbdac6f6b970429fc4b0e235,196608
8192,second_vlm_evaluator,original_raw_oracle,gqa_2398612,0.25,e5b0621a7ce95ca6060eeb033ff7c8e547518c7b5abd427d8a37cb882d0844c2,196608
8192,second_vlm_evaluator,original_raw_oracle,gqa_2398946,0.75,96818e73a600e9e610327646daf9a315126c591b0576fe2c34d25c3f9143a830,196608
8192,second_vlm_evaluator,original_raw_oracle,gqa_2399149,0.5,e65b708c8caacaff548f879a50327e0262c7819938fee5d508755a17e8f1538e,196608
8192,second_vlm_evaluator,original_raw_oracle,gqa_2399186,0.25,499ebd26cde656d09f28f59b0e81fda34fbd14bf5e348641b1879fb9d9dd2ca3,196608
8192,second_vlm_evaluator,original_raw_oracle,gqa_2399206,0.5,fd1ce57fcc581872457f0fb64b43594509c6ecb9023d2feb28a803c3732a3c41,196608
8192,second_vlm_evaluator,original_raw_oracle,gqa_2399600,1.0,3b6615aa311480ed9042621a809bba9c59fd1bd7000c0cc91cfeaf1e37bf6fa8,196608
8192,second_vlm_evaluator,original_raw_oracle,gqa_2400016,0.25,298a9d20494e24550b9e4542fdcfc136f7ab8d1dcd50a1c17674923314794368,196608
8192,second_vlm_evaluator,original_raw_oracle,gqa_2400224,0.5,6d93894f7704834c23c9d80fa3901d17e82b7f8592f48d107e1176a4bd7ac06e,196608
8192,second_vlm_evaluator,original_raw_oracle,gqa_2400425,0.75,ac12bc76d5d59c3936c1d6c569458143aae896b8ce2ecf75bb709bb593d8d181,196608
8192,second_vlm_evaluator,original_raw_oracle,gqa_2401037,0.5,49dbee788e46ddbfda5ae54884d3c70f30f964677a165bc622b50c91b0d1f059,196608
8192,second_vlm_evaluator,original_raw_oracle,gqa_2401045,0.5,ab25a2c96e5aeeb15997a2e9d180faebcfd6aee6149f9725a16e675c09aa6b1c,196608
8192,second_vlm_evaluator,original_raw_oracle,gqa_2401215,0.5,45a87416c65c4656f08310f42f28e651de201a7521dcac1f992e3c57a5bcc0d2,196608
8192,second_vlm_evaluator,original_raw_oracle,gqa_2401325,0.5,614adeeb62f35650373e146ae2ad056357e0ac9db55f23b6de4fd29824a6e7e7,196608
8192,second_vlm_evaluator,original_raw_oracle,gqa_2401622,0.5,0755b90972ede64c94b9706fcf9bbe24c9a70d55c208837d08ef466f817af51a,196608
8192,second_vlm_evaluator,original_raw_oracle,gqa_2401908,0.5,33f682dd900a7278ce8e010b4025bcec24bacd3c1e559785b6eb8da0c71d1c85,196608
8192,second_vlm_evaluator,original_raw_oracle,gqa_2402947,0.5,71a0b60bffb00ba7d1d0e17d05942ec7dc7eaf2ce9a611d1764151d48ac6edf5,196608
8192,second_vlm_evaluator,original_raw_oracle,gqa_2403289,0.25,2bdf474dfc6e36e6c559fb6eebf6737cfbb79c295ec19054d17530d2f252e246,196608
8192,second_vlm_evaluator,original_raw_oracle,gqa_2403590,0.5,d630ebe027baeb341bbc6b603d48dd9f2568770dd925f034d7062fd1e5c67753,196608
8192,second_vlm_evaluator,original_raw_oracle,gqa_2403595,0.25,5fb1256938ee5f2568aace1df586116e68ceaccc30c1c200ebdd8f3e346cf11e,196608
8192,second_vlm_evaluator,original_raw_oracle,gqa_2404030,0.75,026ea54edd84853a569c8d62fd2b02e68a5000173ae35d420f6fc4981ab794b9,196608
8192,second_vlm_evaluator,original_raw_oracle,gqa_2404130,0.5,f742ee19ab6a88b60be82f14f921b3d82dc0caccc38ee245350781619ddc97cc,196608
8192,second_vlm_evaluator,original_raw_oracle,gqa_2404215,0.5,880c555b61be2869c439c4f394845a663c0858fe98765889d87d686e03435c27,196608
8192,second_vlm_evaluator,original_raw_oracle,gqa_2404539,0.0,20e6a0d977344bdc824fd0de0dba737507590d2fefd118486b1f4cdf90daff92,196608
8192,second_vlm_evaluator,original_raw_oracle,gqa_2404666,0.5,e2b95f85c7e2af593929cf38572f0b74948b616b3a5a6acd70ede3fc00611101,196608
8192,second_vlm_evaluator,original_raw_oracle,gqa_2405032,0.75,819a1820c42c6dd68590187994f4b7277c219150fc4c815bf19722b633984047,196608
8192,second_vlm_evaluator,original_raw_oracle,gqa_2405174,0.5,861f5f2ae02fbd1c6a972e57c4adef551a8a9252c50a66d2ed2becc3a02d0ec6,196608
8192,second_vlm_evaluator,original_raw_oracle,gqa_2405197,1.0,8b275fa45fcae027f622e794229810aafb967c03523f965e9f2e8deaa30fcb68,196608
8192,second_vlm_evaluator,original_raw_oracle,gqa_2406620,0.25,1a91cd81eb2612edae44c083e610c1ea27c9bedb2cd6f22b27b292b3135dce2d,196608
8192,second_vlm_evaluator,original_raw_oracle,gqa_2406736,0.5,523b1466030acab705907cdd66b4bac6f7e9d9f334b45b0880e30399633c7021,196608
8192,second_vlm_evaluator,original_raw_oracle,gqa_2407284,0.5,07a713f7f9336a19d4b17fae514c44c91da2b2c86a0a1131ac309afa338542f7,196608
8192,second_vlm_evaluator,original_raw_oracle,gqa_2407415,0.5,944f6abf490dddbe6a2c992692c11d32c53c0cd19db85f21923ffc79c664baed,196608
8192,second_vlm_evaluator,original_raw_oracle,gqa_2407473,0.75,5aac5287e87e79613dfa5642418d6581db5c0cd5f67f6c59c8de87a932ff6575,196608
8192,second_vlm_evaluator,original_raw_oracle,gqa_2407481,0.25,18b4bca1105695f63398547c92d0a3f69d83d538836cae24ac6d16b81d5b2202,196608
8192,second_vlm_evaluator,original_raw_oracle,gqa_2407802,0.25,b0904e37cac7b22e301299fc24bcfaaa11c4e548629e80fd8fb087ad3c6c953a,196608
8192,second_vlm_evaluator,original_raw_oracle,gqa_2408048,0.5,940b84469377f582a3272d69eead605a816ca17101bbb8fa2cbee1db69081d2a,196608
8192,second_vlm_evaluator,original_raw_oracle,gqa_2409068,1.0,22f8d2be698fd23640367979caa262f6fbe02e583301d49a72310b434b3ac95d,196608
8192,second_vlm_evaluator,original_raw_oracle,gqa_2409346,0.5,ab28463bc5ef5c3d79a908dbfcb2625a7fd30c3b4133c75d3dc1c9d1423c59c5,196608
8192,second_vlm_evaluator,original_raw_oracle,gqa_2409395,0.5,185a4610f85a2f2802e0cc7290109132f0aac8236bccc21370cc42167ed641f4,196608
8192,second_vlm_evaluator,original_raw_oracle,gqa_2409472,1.0,73d54174ad13249b4940c29e8d60daabd05c6a3b53ad466fc25185d758fbcafc,196608
8192,second_vlm_evaluator,original_raw_oracle,gqa_2409967,0.5,7d28cf67b5758edd43085d820985197fadf0bd2d814409a286a39cd95b3d2401,196608
8192,second_vlm_evaluator,original_raw_oracle,gqa_2410150,0.0,b58314ac15c00acf1da2d846f87516073951c57d3a4eba8067f9ae4b7bd52c08,196608
8192,second_vlm_evaluator,original_raw_oracle,gqa_2410472,0.25,5becca705dbdf7311aae0f1d31142a3ea3aa10af7b8f18884a65df95417ff9b8,196608
8192,second_vlm_evaluator,original_raw_oracle,gqa_2411058,0.5,bd50a7eb7073f4ea73d85129ae029f562466af10f06a4b8230d7de0db0dade95,196608
8192,second_vlm_evaluator,original_raw_oracle,gqa_2411222,0.5,1c3539c897a1061a39a0834d45157eceaebf290d356f3c57a63f5be249a6980e,196608
8192,second_vlm_evaluator,original_raw_oracle,gqa_2411437,0.75,fab00074a8d925d4400d31a561ed607fc014d3c06fc885f8555f305623493480,196608
8192,second_vlm_evaluator,original_raw_oracle,gqa_2411812,0.25,85e1666e9a1cc2112a54c592106dee7ec70aa1ae80137df2515046c4c15ab559,196608
8192,second_vlm_evaluator,original_raw_oracle,gqa_2412131,0.5,1d5da592d3c1dd25b9ab98e378808ebc67075e665c5f0073072e92958ddc2cfa,196608
8192,second_vlm_evaluator,original_raw_oracle,gqa_2412204,0.25,d56213b680633ba5fbda3b7b261ee9b29ad64f1217c6017c0fc363e6126ffc41,196608
8192,second_vlm_evaluator,original_raw_oracle,gqa_2412339,0.5,8d605d6b1c69e9b09d7a87ccb642159d7ae6929f758753f14f9fcef20a9a05d0,196608
8192,second_vlm_evaluator,original_raw_oracle,gqa_2412511,0.5,1a14fa64042891e8be82824ef167291171843418e572e87954b513e41f480957,196608
8192,second_vlm_evaluator,original_raw_oracle,gqa_2412542,0.25,95a3be8548b5042724f1fcbd46875a229cd8277e6bd25db1960e489798b21a18,196608
8192,second_vlm_evaluator,original_raw_oracle,gqa_2412554,0.25,9bd24ce388396a287d6ea76e90515cce0e4bedf3b8e3ef9148502cf98b8de997,196608
8192,second_vlm_evaluator,original_raw_oracle,gqa_2412648,0.75,c2283ae75a965bb2abe2e6c7cb6143b4eabc63f7767d103563a71f384a372b76,196608
8192,second_vlm_evaluator,original_raw_oracle,gqa_2413325,0.25,35cc03b0f1b451a65def8a33e9e4c02eb1c3d123bac5f474edef3048552c8cbe,196608
8192,second_vlm_evaluator,original_raw_oracle,gqa_2413380,0.25,9ca422e577e599cea113c93ca842fb1cb13e4455657a5244cb1c8571a812b488,196608
8192,second_vlm_evaluator,original_raw_oracle,gqa_2413428,0.75,591c36e65125fab93b80ee1f60dcf3fd79029c4e97b069c9f92d3d7dcb2ab6ea,196608
8192,second_vlm_evaluator,original_raw_oracle,gqa_2413503,0.75,85f973743e8a5b2df4456c68a008315896443a93436a107c54a4d4fc5c3ddf70,196608
8192,second_vlm_evaluator,original_raw_oracle,gqa_2413957,0.75,280e81b055f3070ff06cd014ac12ee2dbd37f36c7cbdd09d72521f28e6aac28d,196608
8192,second_vlm_evaluator,original_raw_oracle,gqa_2414149,0.5,9f4701295885a6ffe8f284bf23d2508fc74e144f0026e26cfc237069cae8287e,196608
8192,second_vlm_evaluator,original_raw_oracle,gqa_2415921,0.75,2712cab489ad73e241a4e53f76d63b12fef75131215cc6d347e3fc24f7baf269,196608
8192,second_vlm_evaluator,original_raw_oracle,gqa_2416038,0.5,236b61e004f50946e01420f6c9a4194df25eb89f5b43ef1c8d5c60ad8bc62c62,196608
8192,second_vlm_evaluator,original_raw_oracle,gqa_2416080,0.5,e3b97a9cce11e3a0af198aaff84c5848fb452d97805d0c68cc06701b1c03e633,196608
8192,second_vlm_evaluator,original_raw_oracle,gqa_2416156,0.25,2feecfc583211f1b0457eaf5bdda2fc8202c8f4b9df108f9f117c254d7fa487f,196608
8192,second_vlm_evaluator,original_raw_oracle,gqa_2416484,0.25,766136071bdc931f42359a77da29f1ffc9eb30796910272fb7854d8ad050a59e,196608
8192,second_vlm_evaluator,original_raw_oracle,gqa_2416524,0.5,9a34594f21825a7f857ab350210b2979e7e3840d1da81e514433167f0a5a53e4,196608
8192,second_vlm_evaluator,original_raw_oracle,gqa_2861,0.75,d25b373799df86df545eedba5f444b2456a00d590c48eb03fe9ad6d9a669fbe2,196608
8192,second_vlm_evaluator,original_raw_oracle,gqa_498006,0.5,2faf40bfc1ccaacab7fc32fb047afffa8f067847f015d4b09e49f29e633e62e2,196608
8192,second_vlm_evaluator,original_raw_oracle,gqa_713795,0.75,8d5f7f969f9feb7c0279b6008e147ddb7b7f7d6feaa0f0306f0df39a2eb94893,196608
8192,second_vlm_evaluator,original_raw_oracle,gqa_713928,1.0,830daa9835abf5801e6321ffa96eab4d8bcafa66674bed73c77667e0da10e203,196608
